raw_value_1,raw_value_2,raw_value_3,raw_value_4,collision_predicted,collision_orientation_predicted,collision_displacement_predicted,uav_pose_x,uav_pose_y,uav_pose_z,uav_q_w,uav_q_x,uav_q_y,uav_q_z,pipe_pose_x,pipe_pose_y,pipe_pose_z,pipe_q_w,pipe_q_x,pipe_q_y,pipe_q_z
678.4000244140625,777.0999755859375,789.7999877929688,722.4000244140625,0.0,6.448786735534668,0.0026591718196868896,0.005209799290405672,-0.0020572143121515146,0.2489126374739624,-0.999999940485667,0.00025825892883480343,7.57397761672778e-06,-0.00022863425637566594,3.744065197849108,0.1517843635032204,1.3266347138584036,0.9957864332051303,0.038016969090479816,-0.0457759898992153,0.06977569959896587
682.2999877929688,780.0999755859375,789.7999877929688,720.4000244140625,0.0,38.85020446777344,0.028104513883590698,0.004921265765775611,-0.0017363278072703343,0.24851460563370134,-0.9999996795758643,-0.00015037768399046598,-0.000508485619409658,-0.0005997308529044682,3.744065197849108,0.1517843635032204,1.3266347138584036,0.9957864332051303,0.038016969090479816,-0.0457759898992153,0.06977569959896587
681.2999877929688,779.0999755859375,788.9000244140625,719.5,0.0,41.84810256958008,0.03469625115394592,0.005076999680554648,-0.0018699934486947896,0.24869347333556455,-0.9999999292217825,2.897690463304122e-06,0.00010403657125388047,-0.0003615583293497076,3.744065197849108,0.1517843635032204,1.3266347138584036,0.9957864332051303,0.038016969090479816,-0.0457759898992153,0.06977569959896587
682.2999877929688,777.0999755859375,789.7999877929688,721.4000244140625,0.0,4.142666339874268,0.0010642707347869873,0.00495449891634613,-0.0018399550445074946,0.2485858393248602,-0.999999619998097,-0.0001439732873284319,-0.0005286744753332653,-0.0006780697997707678,3.744065197849108,0.1517843635032204,1.3266347138584036,0.9957864332051303,0.038016969090479816,-0.0457759898992153,0.06977569959896587
682.2999877929688,780.0999755859375,788.9000244140625,720.4000244140625,0.0,47.26947784423828,0.04978521168231964,0.0052095028668125865,-0.002066828677362005,0.24884009279103633,-0.9999998986990922,-0.00012717535648255082,3.500965632124292e-05,-0.00043035166815604204,3.744065197849108,0.1517843635032204,1.3266347138584036,0.9957864332051303,0.038016969090479816,-0.0457759898992153,0.06977569959896587
681.2999877929688,779.0999755859375,788.9000244140625,720.4000244140625,0.0,34.56388854980469,0.026919886469841003,0.004964713102526332,-0.0018632281828033432,0.24849259521110376,-0.9999994574819863,-0.00011844001103039322,-0.0006923215339681376,-0.0007692194683888204,3.744065197849108,0.1517843635032204,1.3266347138584036,0.9957864332051303,0.038016969090479816,-0.0457759898992153,0.06977569959896587
683.2999877929688,779.0999755859375,789.7999877929688,720.4000244140625,0.0,22.610204696655273,0.007255777716636658,0.0049037763278028355,-0.0017307041207204048,0.24850053519069482,-0.9999995252085578,2.305129943738879e-05,-0.0005172519400836078,-0.000825531178904227,3.744065197849108,0.1517843635032204,1.3266347138584036,0.9957864332051303,0.038016969090479816,-0.0457759898992153,0.06977569959896587
680.4000244140625,779.0999755859375,788.9000244140625,722.4000244140625,0.0,20.492023468017578,0.013963580131530762,0.004911938684326467,-0.0017403625975968427,0.24845449172067774,-0.9999994303812101,-0.00023406823326459924,-0.000659438870454263,-0.0008059712734180493,3.744065197849108,0.1517843635032204,1.3266347138584036,0.9957864332051303,0.038016969090479816,-0.0457759898992153,0.06977569959896587
680.4000244140625,779.0999755859375,788.9000244140625,720.4000244140625,0.0,36.341548919677734,0.029354676604270935,0.004948594155008016,-0.0018580126292558042,0.24850257887479207,-0.9999994012301092,-0.000268615846005354,-0.0008075073757100181,-0.0006879802239244021,3.744065197849108,0.1517843635032204,1.3266347138584036,0.9957864332051303,0.038016969090479816,-0.0457759898992153,0.06977569959896587
680.4000244140625,779.0999755859375,787.9000244140625,718.5,0.0,51.43054962158203,0.049431607127189636,0.004940332072466815,-0.001809792451399184,0.24842923896449587,-0.9999994547976493,-0.00025607031661984987,-0.0007468197910509088,-0.0006834417289514354,3.744065197849108,0.1517843635032204,1.3266347138584036,0.9957864332051303,0.038016969090479816,-0.0457759898992153,0.06977569959896587
683.2999877929688,779.0999755859375,789.7999877929688,720.4000244140625,0.0,22.610204696655273,0.007255777716636658,0.004985054065334025,-0.0019957222992797773,0.24856684842516474,-0.9999993479810981,2.9798867044609112e-05,-0.0006461454667446026,-0.0009410873722495732,3.744065197849108,0.1517843635032204,1.3266347138584036,0.9957864332051303,0.038016969090479816,-0.0457759898992153,0.06977569959896587
683.2999877929688,780.0999755859375,788.9000244140625,719.5,0.0,52.541900634765625,0.054896578192710876,0.004972266936729686,-0.0019317787536422624,0.24855507337938035,-0.9999995958209731,-0.00016335866929957827,-0.0006710557075731502,-0.0005756353648419899,3.744065197849108,0.1517843635032204,1.3266347138584036,0.9957864332051303,0.038016969090479816,-0.0457759898992153,0.06977569959896587
681.2999877929688,777.0999755859375,791.7999877929688,722.4000244140625,0.0,1.7393803596496582,0.0013819336891174316,0.005193024469456852,-0.002115382333300774,0.24877932943909267,-0.9999999993006541,1.146423431350456e-05,2.2253966380019153e-06,-3.5529011581289e-05,3.744065197849108,0.1517843635032204,1.3266347138584036,0.9957864332051303,0.038016969090479816,-0.0457759898992153,0.06977569959896587
681.2999877929688,777.0999755859375,788.9000244140625,721.4000244140625,0.0,7.929446697235107,0.0027113407850265503,0.005224720631520596,-0.0021470646790856013,0.24888285774813762,-0.9999999971981589,4.8290348172494606e-05,-2.4778503802021726e-05,-5.1553372931616e-05,3.744065197849108,0.1517843635032204,1.3266347138584036,0.9957864332051303,0.038016969090479816,-0.0457759898992153,0.06977569959896587
683.2999877929688,778.0999755859375,786.9000244140625,720.4000244140625,0.0,14.857584953308105,0.00932939350605011,0.004931207905182775,-0.001710647498659928,0.24854964364306345,-0.9999996921962625,-0.0002100476930243871,-0.000398582785067101,-0.0006423543497181849,3.744065197849108,0.1517843635032204,1.3266347138584036,0.9957864332051303,0.038016969090479816,-0.0457759898992153,0.06977569959896587
680.4000244140625,781.0,791.7999877929688,722.4000244140625,0.0,22.832275390625,0.017499461770057678,0.004878541068207294,-0.001657609949298151,0.24859631325104153,-0.9999996009195558,6.544099551242037e-05,-0.00034689258943034786,-0.0008206971041687115,3.744065197849108,0.1517843635032204,1.3266347138584036,0.9957864332051303,0.038016969090479816,-0.0457759898992153,0.06977569959896587
682.2999877929688,776.0999755859375,786.9000244140625,719.5,0.0,3.949129104614258,0.0037858039140701294,0.005214403902622639,-0.0020314524795199047,0.2488766619736459,-0.9999999980827261,3.773004428090916e-06,-3.4056933582844577e-05,-5.1579429732574593e-05,3.744065197849108,0.1517843635032204,1.3266347138584036,0.9957864332051303,0.038016969090479816,-0.0457759898992153,0.06977569959896587
681.2999877929688,778.0999755859375,789.7999877929688,721.4000244140625,0.0,10.468530654907227,-2.5570392608642578e-05,0.004902580903327536,-0.00177176517830636,0.24842484740631293,-0.999999473087892,-0.0001565646560168891,-0.0007042607170929995,-0.0007302932897547836,3.744065197849108,0.1517843635032204,1.3266347138584036,0.9957864332051303,0.038016969090479816,-0.0457759898992153,0.06977569959896587
683.2999877929688,780.0999755859375,789.7999877929688,719.5,0.0,44.04118728637695,0.03451374173164368,0.005262890100519101,-0.0021287987089487637,0.2488111575681248,-0.9999999828044674,-0.00012439225041877485,-0.00013736677835671183,-6.928295659232269e-06,3.744065197849108,0.1517843635032204,1.3266347138584036,0.9957864332051303,0.038016969090479816,-0.0457759898992153,0.06977569959896587
681.2999877929688,779.0999755859375,787.9000244140625,717.5,0.0,57.79088592529297,0.05582539737224579,0.004926420129923855,-0.0017644426610553651,0.24847338551237597,-0.9999994766908625,-0.00025124157061760186,-0.0006862108101755838,-0.000715968154519381,3.744065197849108,0.1517843635032204,1.3266347138584036,0.9957864332051303,0.038016969090479816,-0.0457759898992153,0.06977569959896587
681.2999877929688,782.0,789.7999877929688,717.5,0.0,77.13338470458984,0.07898934185504913,0.004895648390569405,-0.0017886410982969865,0.24845240785624775,-0.9999995391799548,-0.00011462582625493679,-0.0005903673928767546,-0.0007483095213822291,3.744065197849108,0.1517843635032204,1.3266347138584036,0.9957864332051303,0.038016969090479816,-0.0457759898992153,0.06977569959896587
682.2999877929688,778.0999755859375,790.7999877929688,720.4000244140625,0.0,8.190570831298828,-0.0015006214380264282,0.004868714112424082,-0.0017636624655556696,0.2484758762307735,-0.9999995193833606,-0.00027714492253097837,-0.0006278528241304066,-0.0007001603895911052,3.744065197849108,0.1517843635032204,1.3266347138584036,0.9957864332051303,0.038016969090479816,-0.0457759898992153,0.06977569959896587
681.2999877929688,774.2000122070312,789.7999877929688,719.5,0.0,0.5636662244796753,-0.0003829002380371094,0.005176132090803158,-0.002109846316242555,0.24880937943192122,-0.9999999835736957,8.874248774380404e-06,-0.00017070563474154201,-6.027804183464786e-05,3.744065197849108,0.1517843635032204,1.3266347138584036,0.9957864332051303,0.038016969090479816,-0.0457759898992153,0.06977569959896587
681.2999877929688,778.0999755859375,789.7999877929688,718.5,0.0,27.25127601623535,0.004866421222686768,0.005275938954164153,-0.0021903434595760577,0.24882574987189876,-0.9999999899232134,-4.771353493592845e-05,-0.0001330316866569456,1.340007502808756e-05,3.744065197849108,0.1517843635032204,1.3266347138584036,0.9957864332051303,0.038016969090479816,-0.0457759898992153,0.06977569959896587
681.2999877929688,779.0999755859375,788.9000244140625,720.4000244140625,0.0,34.56388854980469,0.026919886469841003,0.005119129064561564,-0.002040868590529935,0.2487909488735928,-0.9999999715448765,-5.85423235541227e-05,-0.00017059233901933068,-0.000156145114016439,3.744065197849108,0.1517843635032204,1.3266347138584036,0.9957864332051303,0.038016969090479816,-0.0457759898992153,0.06977569959896587
681.2999877929688,779.0999755859375,788.9000244140625,720.4000244140625,0.0,34.56388854980469,0.026919886469841003,0.004974171519817775,-0.001818711429344722,0.24850650616105227,-0.9999996696956325,-0.00023691885837278764,-0.0004980757326282266,-0.0005969913274122344,3.744065197849108,0.1517843635032204,1.3266347138584036,0.9957864332051303,0.038016969090479816,-0.0457759898992153,0.06977569959896587
682.2999877929688,777.0999755859375,790.7999877929688,721.4000244140625,0.0,1.0416144132614136,0.0014065355062484741,0.005173941485070043,-0.002022909445301569,0.24874839208397406,-0.9999998395624241,-0.0003119952624665199,-0.00010570849535604637,-0.000460825125773954,3.744065197849108,0.1517843635032204,1.3266347138584036,0.9957864332051303,0.038016969090479816,-0.0457759898992153,0.06977569959896587
681.2999877929688,778.0999755859375,788.9000244140625,719.5,0.0,27.037525177001953,0.012571349740028381,0.004861942496818918,-0.0018044889596869219,0.2484435326476197,-0.9999994530765947,-0.00020689400436029224,-0.0007176527023450486,-0.0007321311230131995,3.744065197849108,0.1517843635032204,1.3266347138584036,0.9957864332051303,0.038016969090479816,-0.0457759898992153,0.06977569959896587
682.2999877929688,779.0999755859375,789.7999877929688,721.4000244140625,0.0,18.022491455078125,0.004682973027229309,0.004965885123978027,-0.0018692492763693663,0.24852849943499497,-0.9999996252900092,-0.0002542406481060039,-0.000629973470427802,-0.0005365770782114233,3.744065197849108,0.1517843635032204,1.3266347138584036,0.9957864332051303,0.038016969090479816,-0.0457759898992153,0.06977569959896587
682.2999877929688,780.0999755859375,789.7999877929688,714.5999755859375,0.0,112.2218246459961,0.12913867831230164,0.004966523703241757,-0.0018908342155819434,0.24851479635112766,-0.999999556134371,-0.00021109234461331642,-0.0006514392039757947,-0.0006471460783416556,3.744065197849108,0.1517843635032204,1.3266347138584036,0.9957864332051303,0.038016969090479816,-0.0457759898992153,0.06977569959896587
681.2999877929688,779.0999755859375,791.7999877929688,720.4000244140625,0.0,12.307087898254395,-0.0021066665649414062,0.0052747040365388135,-0.002159344584078106,0.24886645007895686,-0.9999999763610808,-9.088342459735558e-05,-0.00014643255050458126,-0.0001325728075872546,3.744065197849108,0.1517843635032204,1.3266347138584036,0.9957864332051303,0.038016969090479816,-0.0457759898992153,0.06977569959896587
679.4000244140625,777.0999755859375,790.7999877929688,720.4000244140625,0.0,8.448153495788574,-0.00032338500022888184,0.004941106682450077,-0.0019909557372763433,0.24871528664991469,-0.9999994227714535,0.0002887092487266736,-0.0005421819425528223,-0.000881556844858317,3.744065197849108,0.1517843635032204,1.3266347138584036,0.9957864332051303,0.038016969090479816,-0.0457759898992153,0.06977569959896587
682.2999877929688,777.0999755859375,790.7999877929688,717.5,0.0,16.465614318847656,-0.004503220319747925,0.0049033097760498474,-0.0018791465816847147,0.248559216225214,-0.999999468908521,-0.0001701219559971656,-0.0006465177086853227,-0.0007843825907352586,3.744065197849108,0.1517843635032204,1.3266347138584036,0.9957864332051303,0.038016969090479816,-0.0457759898992153,0.06977569959896587
680.4000244140625,781.0,789.7999877929688,720.4000244140625,0.0,55.200069427490234,0.05816696584224701,0.004949857649786236,-0.0018198835287251544,0.2484992731756939,-0.9999996274925228,-0.0002346854069434802,-0.0006230033841855291,-0.0005493672349428137,3.744065197849108,0.1517843635032204,1.3266347138584036,0.9957864332051303,0.038016969090479816,-0.0457759898992153,0.06977569959896587
682.2999877929688,780.0999755859375,787.9000244140625,717.5,0.0,70.53257751464844,0.07925090193748474,0.005231280841344349,-0.0020809659597124754,0.24875926320860395,-0.9999999947221545,-8.245640912180627e-05,3.2013332448267923e-06,-6.120770666158347e-05,3.744065197849108,0.1517843635032204,1.3266347138584036,0.9957864332051303,0.038016969090479816,-0.0457759898992153,0.06977569959896587
680.4000244140625,779.0999755859375,789.7999877929688,721.4000244140625,0.0,21.793182373046875,0.007036730647087097,0.005275330821601007,-0.0021730075388996352,0.2488197262262928,-0.9999999967455993,2.1014791249210113e-05,1.2767926731942008e-05,7.683853474308308e-05,3.744065197849108,0.1517843635032204,1.3266347138584036,0.9957864332051303,0.038016969090479816,-0.0457759898992153,0.06977569959896587
678.4000244140625,782.0,789.7999877929688,719.5,0.0,72.20821380615234,0.08230555057525635,0.004961949408939949,-0.0018447652945351467,0.24851710750063988,-0.9999996263827664,-0.0002599216992339356,-0.000599421099212413,-0.0005660118231777418,3.744065197849108,0.1517843635032204,1.3266347138584036,0.9957864332051303,0.038016969090479816,-0.0457759898992153,0.06977569959896587
680.4000244140625,778.0999755859375,787.9000244140625,720.4000244140625,0.0,21.2674503326416,0.009966626763343811,0.005063260881305302,-0.0019165058261380768,0.24856571638297603,-0.9999997315243223,-0.00029328835176652905,-0.0005053137860617942,-0.0004422569431587178,3.744065197849108,0.1517843635032204,1.3266347138584036,0.9957864332051303,0.038016969090479816,-0.0457759898992153,0.06977569959896587
682.2999877929688,782.0,790.7999877929688,721.4000244140625,0.0,44.12833786010742,0.04449634253978729,0.005268792301377273,-0.0021219979971625396,0.24879429361602115,-0.9999999613830904,-0.00010226081521806586,-6.301827667110955e-05,-0.00025060973727872505,3.744065197849108,0.1517843635032204,1.3266347138584036,0.9957864332051303,0.038016969090479816,-0.0457759898992153,0.06977569959896587
681.2999877929688,778.0999755859375,784.0,721.4000244140625,0.0,13.663076400756836,0.02235126495361328,0.005270253929526829,-0.002196352697028501,0.2489146371378718,-0.999999951776601,0.0002609612727506627,-0.0001610966707781184,4.892721588790782e-05,3.744065197849108,0.1517843635032204,1.3266347138584036,0.9957864332051303,0.038016969090479816,-0.0457759898992153,0.06977569959896587
682.2999877929688,779.0999755859375,790.7999877929688,720.4000244140625,0.0,16.074966430664062,9.909272193908691e-06,0.004937756371493237,-0.0018438678124437311,0.24843217496168768,-0.99999944966064,-0.0002703827770442394,-0.0007675180496046089,-0.0006621839733572008,3.744065197849108,0.1517843635032204,1.3266347138584036,0.9957864332051303,0.038016969090479816,-0.0457759898992153,0.06977569959896587
681.2999877929688,778.0999755859375,787.9000244140625,719.5,0.0,26.483097076416016,0.01523241400718689,0.004935164819664001,-0.0019222428968667727,0.2485458770314451,-0.9999994007682751,5.405511972327307e-05,-0.0006269664088724773,-0.0008957981116963529,3.744065197849108,0.1517843635032204,1.3266347138584036,0.9957864332051303,0.038016969090479816,-0.0457759898992153,0.06977569959896587
681.2999877929688,778.0999755859375,787.9000244140625,717.5,0.0,42.540401458740234,0.03131714463233948,0.005184448078568301,-0.002069188382708959,0.24887579169268806,-0.9999999951801593,3.6815369031221535e-05,-4.35226003062183e-05,-7.993806007338788e-05,3.744065197849108,0.1517843635032204,1.3266347138584036,0.9957864332051303,0.038016969090479816,-0.0457759898992153,0.06977569959896587
681.2999877929688,779.0999755859375,784.9000244140625,720.4000244140625,0.0,36.01353073120117,0.04560588300228119,0.0049598671266685,-0.0018419862711043828,0.24848012142670384,-0.9999995234290858,-0.00014636431938014165,-0.0006575441022511478,-0.000706650437508038,3.744065197849108,0.1517843635032204,1.3266347138584036,0.9957864332051303,0.038016969090479816,-0.0457759898992153,0.06977569959896587
682.2999877929688,779.0999755859375,788.9000244140625,716.5,0.0,64.20095825195312,0.05822017788887024,0.004832053163960394,-0.00177328207775828,0.24854356479862788,-0.9999994735712608,-4.609810151557888e-05,-0.0005201751123258519,-0.0008832610139608519,3.744065197849108,0.1517843635032204,1.3266347138584036,0.9957864332051303,0.038016969090479816,-0.0457759898992153,0.06977569959896587
677.4000244140625,780.0999755859375,786.9000244140625,721.4000244140625,0.0,48.53449249267578,0.06266345083713531,0.005213917544841818,-0.0020329446102722235,0.2487783011291697,-0.9999999962271134,-6.674269378538921e-05,-2.7723616100196358e-05,-4.819322553400377e-05,3.744065197849108,0.1517843635032204,1.3266347138584036,0.9957864332051303,0.038016969090479816,-0.0457759898992153,0.06977569959896587
681.2999877929688,779.0999755859375,789.7999877929688,719.5,0.0,33.98503494262695,0.016947641968727112,0.0049317993561510745,-0.0018248836028675413,0.2485396012213681,-0.9999995921117374,-0.00023765167557139501,-0.0006075350885981902,-0.0006246592320510395,3.744065197849108,0.1517843635032204,1.3266347138584036,0.9957864332051303,0.038016969090479816,-0.0457759898992153,0.06977569959896587
684.2999877929688,780.0999755859375,789.7999877929688,720.4000244140625,0.0,34.61806106567383,0.025525197386741638,0.004911298232922996,-0.0018291136109952473,0.24852549463684048,-0.9999995501979742,-0.0001953307336985396,-0.0005798605426451005,-0.0007247147749254967,3.744065197849108,0.1517843635032204,1.3266347138584036,0.9957864332051303,0.038016969090479816,-0.0457759898992153,0.06977569959896587
681.2999877929688,779.0999755859375,788.9000244140625,720.4000244140625,0.0,34.56388854980469,0.026919886469841003,0.0048808759692580165,-0.0017308275691958318,0.2485516793054033,-0.9999995712864005,6.625708526235622e-05,-0.00042915227261439094,-0.0008178418802028465,3.744065197849108,0.1517843635032204,1.3266347138584036,0.9957864332051303,0.038016969090479816,-0.0457759898992153,0.06977569959896587
684.2999877929688,778.0999755859375,787.9000244140625,716.5,0.0,44.45306396484375,0.036505669355392456,0.005210036427957335,-0.002125818485315217,0.24881682906965727,-0.9999999739572162,1.9957453710310667e-05,-0.00022712426706964986,1.0091312078233463e-05,3.744065197849108,0.1517843635032204,1.3266347138584036,0.9957864332051303,0.038016969090479816,-0.0457759898992153,0.06977569959896587
682.2999877929688,779.0999755859375,788.9000244140625,720.4000244140625,0.0,32.56532669067383,0.024624675512313843,0.005204007914836803,-0.0019829416305961875,0.24874659632511079,-0.9999998787440862,-0.00024251090504981697,-0.00016279792060863574,-0.00039648090846212904,3.744065197849108,0.1517843635032204,1.3266347138584036,0.9957864332051303,0.038016969090479816,-0.0457759898992153,0.06977569959896587
681.2999877929688,778.0999755859375,788.9000244140625,720.4000244140625,0.0,19.90399932861328,0.005850806832313538,0.00525243887545505,-0.0021373334839376932,0.2489082468742346,-0.9999999796762077,0.00016166628956145213,-0.00011799113914870232,2.4283458058494453e-05,3.744065197849108,0.1517843635032204,1.3266347138584036,0.9957864332051303,0.038016969090479816,-0.0457759898992153,0.06977569959896587
682.2999877929688,780.0999755859375,790.7999877929688,720.4000244140625,0.0,27.893747329711914,0.013480573892593384,0.005104235877542177,-0.0020302610768116133,0.24877624052998953,-0.9999999708526778,-0.0001030629666547302,-0.00013877057851134305,-0.0001685686663206809,3.744065197849108,0.1517843635032204,1.3266347138584036,0.9957864332051303,0.038016969090479816,-0.0457759898992153,0.06977569959896587
680.4000244140625,777.0999755859375,791.7999877929688,718.5,0.0,10.289600372314453,-0.0024452954530715942,0.004907897758438135,-0.0018391188606562239,0.24844257854109722,-0.9999995169674853,-0.0001339041466960586,-0.0006655905064783977,-0.0007107205873403068,3.744065197849108,0.1517843635032204,1.3266347138584036,0.9957864332051303,0.038016969090479816,-0.0457759898992153,0.06977569959896587
682.2999877929688,780.0999755859375,789.7999877929688,720.4000244140625,0.0,38.85020446777344,0.028104513883590698,0.005234113969726096,-0.0021991105617333744,0.24877874127082203,-0.9999999802086812,0.00013331522052960264,-0.00010480340994313789,0.00010404775206613485,3.744065197849108,0.1517843635032204,1.3266347138584036,0.9957864332051303,0.038016969090479816,-0.0457759898992153,0.06977569959896587
682.2999877929688,780.0999755859375,789.7999877929688,715.5,0.0,87.54489135742188,0.08882352709770203,0.005201673818024586,-0.002108781764272426,0.24875469992671126,-0.9999999925204645,-0.00011286173608601624,-4.707033749473735e-05,-2.3838517692394846e-06,3.744065197849108,0.1517843635032204,1.3266347138584036,0.9957864332051303,0.038016969090479816,-0.0457759898992153,0.06977569959896587
684.2999877929688,779.0999755859375,787.9000244140625,719.5,0.0,35.35761260986328,0.03386452794075012,0.005003609200375107,-0.0019445221947606722,0.2485042367431514,-0.999999525334203,-0.0001312999677660372,-0.0007061973742435018,-0.0006583137216131162,3.744065197849108,0.1517843635032204,1.3266347138584036,0.9957864332051303,0.038016969090479816,-0.0457759898992153,0.06977569959896587
682.2999877929688,779.0999755859375,788.9000244140625,720.4000244140625,0.0,32.56532669067383,0.024624675512313843,0.005265521143428971,-0.00223191853298636,0.24889430925407519,-0.9999999737717821,7.9240924000141e-05,-0.00016737817878082417,0.00013476593295944572,3.744065197849108,0.1517843635032204,1.3266347138584036,0.9957864332051303,0.038016969090479816,-0.0457759898992153,0.06977569959896587
681.2999877929688,779.0999755859375,784.9000244140625,717.5,0.0,59.73939895629883,0.07107648253440857,0.005166139513711538,-0.00196640137583754,0.2487989149048336,-0.9999999717605339,-0.00013437971972863705,-0.00012643980594510867,-0.0001497798317564702,3.744065197849108,0.1517843635032204,1.3266347138584036,0.9957864332051303,0.038016969090479816,-0.0457759898992153,0.06977569959896587
683.2999877929688,777.0999755859375,788.9000244140625,720.4000244140625,0.0,9.595908164978027,0.0018234997987747192,0.004908150389198227,-0.0017907877107795416,0.2485456547513098,-0.9999996163779349,-0.00012454476187190617,-0.0006219435067917604,-0.0006040851428439342,3.744065197849108,0.1517843635032204,1.3266347138584036,0.9957864332051303,0.038016969090479816,-0.0457759898992153,0.06977569959896587
680.4000244140625,776.0999755859375,788.9000244140625,722.4000244140625,0.0,1.2907272577285767,0.0048292577266693115,0.004940697819939655,-0.001787135821373485,0.24848408286144846,-0.9999994721904233,-0.00029488866530915845,-0.0007362986630070893,-0.0006530879183536463,3.744065197849108,0.1517843635032204,1.3266347138584036,0.9957864332051303,0.038016969090479816,-0.0457759898992153,0.06977569959896587
680.4000244140625,777.0999755859375,784.9000244140625,717.5,0.0,33.47154998779297,0.033862754702568054,0.004958611758299589,-0.0018521769346767063,0.2485207509707023,-0.9999995758829058,-0.00022341828554359563,-0.000678716437248427,-0.0005810871501430475,3.744065197849108,0.1517843635032204,1.3266347138584036,0.9957864332051303,0.038016969090479816,-0.0457759898992153,0.06977569959896587
681.2999877929688,779.0999755859375,788.9000244140625,719.5,0.0,41.84810256958008,0.03469625115394592,0.004887929828487853,-0.0018196167921977783,0.24851269937892365,-0.9999994580789088,-0.00016093374426226297,-0.0007214938811294368,-0.0007330680721598115,3.744065197849108,0.1517843635032204,1.3266347138584036,0.9957864332051303,0.038016969090479816,-0.0457759898992153,0.06977569959896587
683.2999877929688,781.0,789.7999877929688,720.4000244140625,0.0,49.588348388671875,0.04954470694065094,0.005312603287442381,-0.0021425332038325297,0.24881778625701834,-0.999999981232713,-7.304191716323255e-05,-0.00017199739189944016,5.115026218236866e-05,3.744065197849108,0.1517843635032204,1.3266347138584036,0.9957864332051303,0.038016969090479816,-0.0457759898992153,0.06977569959896587
681.2999877929688,778.0999755859375,787.9000244140625,718.5,0.0,34.43736267089844,0.022857770323753357,0.005214957076276901,-0.0020439950518694487,0.24878192531608054,-0.9999999151496282,-0.00025859947698326233,-0.00016649869657895077,-0.0002740533361976713,3.744065197849108,0.1517843635032204,1.3266347138584036,0.9957864332051303,0.038016969090479816,-0.0457759898992153,0.06977569959896587
682.2999877929688,780.0999755859375,789.7999877929688,720.4000244140625,0.0,38.85020446777344,0.028104513883590698,0.0051752344960206975,-0.00209318458503984,0.248880623748098,-0.9999999855260607,3.345057735631615e-05,-0.00013834474833382374,-9.321838835197468e-05,3.744065197849108,0.1517843635032204,1.3266347138584036,0.9957864332051303,0.038016969090479816,-0.0457759898992153,0.06977569959896587
683.2999877929688,780.0999755859375,789.7999877929688,721.4000244140625,0.0,67.71500396728516,0.06263592839241028,0.00499098909504616,-0.0017090094937069864,0.24848806133838303,-0.9999997544373702,-0.00022714749430052556,-0.0004738802652474313,-0.0004636450254210436,3.744065197849108,0.1517843635032204,1.3266347138584036,0.9957864332051303,0.038016969090479816,-0.0457759898992153,0.06977569959896587
683.2999877929688,780.0999755859375,789.7999877929688,721.4000244140625,0.0,28.79884147644043,0.019041895866394043,0.005251564504528902,-0.0020914407536067807,0.2487443768612125,-0.9999999661808643,-0.00017776058215846727,-0.00014299086581759374,0.0001248721673891846,3.744065197849108,0.1517843635032204,1.3266347138584036,0.9957864332051303,0.038016969090479816,-0.0457759898992153,0.06977569959896587
682.2999877929688,780.0999755859375,789.7999877929688,719.5,0.0,46.108882904052734,0.03613939881324768,0.004953658239228179,-0.0018898597878767853,0.24848334327799193,-0.9999996057711336,-0.0002019357147610684,-0.0006526462106210469,-0.0005672146582067814,3.744065197849108,0.1517843635032204,1.3266347138584036,0.9957864332051303,0.038016969090479816,-0.0457759898992153,0.06977569959896587
681.2999877929688,779.0999755859375,786.9000244140625,717.5,0.0,57.53976821899414,0.05964450538158417,0.0049348287066365605,-0.0017788487597147468,0.24852593747614768,-0.9999996946362838,-0.00015133523516697045,-0.0005398767430680084,-0.000544387810317017,3.744065197849108,0.1517843635032204,1.3266347138584036,0.9957864332051303,0.038016969090479816,-0.0457759898992153,0.06977569959896587
682.2999877929688,778.0999755859375,787.9000244140625,720.4000244140625,0.0,17.24350357055664,0.007039055228233337,0.005207855939194174,-0.0019947484874206067,0.2487990432575727,-0.9999999871869746,-7.388673371061255e-05,-0.00013861383796126914,-3.087078380291454e-05,3.744065197849108,0.1517843635032204,1.3266347138584036,0.9957864332051303,0.038016969090479816,-0.0457759898992153,0.06977569959896587
683.2999877929688,778.0999755859375,789.7999877929688,721.4000244140625,0.0,7.138178825378418,-8.390843868255615e-05,0.004849161095967499,-0.001858831778642502,0.2486172168289946,-0.9999995465731362,5.332733886109103e-05,-0.0004354137464463988,-0.0008452364087072475,3.744065197849108,0.1517843635032204,1.3266347138584036,0.9957864332051303,0.038016969090479816,-0.0457759898992153,0.06977569959896587
681.2999877929688,779.0999755859375,788.9000244140625,719.5,0.0,41.84810256958008,0.03469625115394592,0.0051541007206186975,-0.0020221722632012794,0.24881037464545105,-0.999999857607856,-0.0002567974079986664,-0.0001505449710701198,-0.00044291711502665674,3.744065197849108,0.1517843635032204,1.3266347138584036,0.9957864332051303,0.038016969090479816,-0.0457759898992153,0.06977569959896587
680.4000244140625,779.0999755859375,787.9000244140625,718.5,0.0,51.43054962158203,0.049431607127189636,0.004938676090634546,-0.0017033908270655202,0.24852671404901722,-0.999999614236321,-9.07250520208845e-05,-0.0004861704818525556,-0.0007259024981707988,3.744065197849108,0.1517843635032204,1.3266347138584036,0.9957864332051303,0.038016969090479816,-0.0457759898992153,0.06977569959896587
680.4000244140625,778.0999755859375,790.7999877929688,720.4000244140625,0.0,11.302522659301758,-0.0014542341232299805,0.004883017660618954,-0.0017016922268534734,0.24850794472398086,-0.9999995179636866,-0.00014619267548455464,-0.00064392544439057,-0.0007266774513486466,3.744065197849108,0.1517843635032204,1.3266347138584036,0.9957864332051303,0.038016969090479816,-0.0457759898992153,0.06977569959896587
680.4000244140625,780.0999755859375,789.7999877929688,720.4000244140625,0.0,42.723243713378906,0.03431381285190582,0.005369060775050997,-0.0021567787313170133,0.24889728802919112,-0.9999999917531838,8.913221670735726e-05,-6.28874031226084e-05,6.778093484977378e-05,3.744065197849108,0.1517843635032204,1.3266347138584036,0.9957864332051303,0.038016969090479816,-0.0457759898992153,0.06977569959896587
682.2999877929688,778.0999755859375,787.9000244140625,716.5,0.0,48.582557678222656,0.03865183889865875,0.004972723812366209,-0.0018178109054024921,0.24850231141309742,-0.9999995435891834,-0.00026554449986466967,-0.000626345522464887,-0.0006708195214074285,3.744065197849108,0.1517843635032204,1.3266347138584036,0.9957864332051303,0.038016969090479816,-0.0457759898992153,0.06977569959896587
682.2999877929688,779.0999755859375,787.9000244140625,722.4000244140625,0.0,16.057920455932617,0.011739522218704224,0.004939522221059026,-0.0017960884754261426,0.24847306055095683,-0.9999995757558702,-0.00024094184323453693,-0.000597917425201624,-0.0006579740577571225,3.744065197849108,0.1517843635032204,1.3266347138584036,0.9957864332051303,0.038016969090479816,-0.0457759898992153,0.06977569959896587
679.4000244140625,778.0999755859375,787.9000244140625,715.5,0.0,71.66573333740234,0.06925062835216522,0.0053012233819363375,-0.002223667181471289,0.2489681225509391,-0.9999999577718033,0.00027406673683027334,-8.511878667746413e-05,-4.58105637332019e-05,3.744065197849108,0.1517843635032204,1.3266347138584036,0.9957864332051303,0.038016969090479816,-0.0457759898992153,0.06977569959896587
681.2999877929688,777.0999755859375,788.9000244140625,720.4000244140625,0.0,12.963357925415039,0.0017411261796951294,0.005108211288627658,-0.0020611925237991316,0.2487170306806228,-0.9999997864938048,-0.00021741578608551275,-0.00017573973725380337,-0.0005906422483443743,3.744065197849108,0.1517843635032204,1.3266347138584036,0.9957864332051303,0.038016969090479816,-0.0457759898992153,0.06977569959896587
681.2999877929688,777.0999755859375,789.7999877929688,720.4000244140625,0.0,10.060006141662598,-0.0005909502506256104,0.005046600053160601,-0.0020041800842806627,0.24847877506926683,-0.999999616021667,-0.0002129996974182125,-0.0006974688729098869,-0.00048592676273035107,3.744065197849108,0.1517843635032204,1.3266347138584036,0.9957864332051303,0.038016969090479816,-0.0457759898992153,0.06977569959896587
681.2999877929688,778.0999755859375,788.9000244140625,720.4000244140625,0.0,19.90399932861328,0.005850806832313538,0.004905122310734444,-0.0017814182935979661,0.24844249247078684,-0.9999994343688806,-0.0003096246530212306,-0.0007860786996812419,-0.0006461228762071333,3.744065197849108,0.1517843635032204,1.3266347138584036,0.9957864332051303,0.038016969090479816,-0.0457759898992153,0.06977569959896587
683.2999877929688,778.0999755859375,786.9000244140625,721.4000244140625,0.0,8.681870460510254,0.006620302796363831,0.005096878849372034,-0.0020048399443134443,0.24879402342667808,-0.9999999795065344,9.478748608798369e-06,-0.00014080474656226084,-0.00014515890402945708,3.744065197849108,0.1517843635032204,1.3266347138584036,0.9957864332051303,0.038016969090479816,-0.0457759898992153,0.06977569959896587
681.2999877929688,779.0999755859375,788.9000244140625,720.4000244140625,0.0,34.56388854980469,0.026919886469841003,0.005190093455245917,-0.0021422396393692045,0.24894304100827386,-0.9999999542649521,0.000267027852464617,-0.00010079736122964051,-0.00010003055402956789,3.744065197849108,0.1517843635032204,1.3266347138584036,0.9957864332051303,0.038016969090479816,-0.0457759898992153,0.06977569959896587
682.2999877929688,778.0999755859375,788.9000244140625,717.5,0.0,40.79836654663086,0.02621231973171234,0.00494770406270397,-0.0018268303667057987,0.24854655249227825,-0.9999995455113913,-0.00019072205857196948,-0.0005950973259707023,-0.0007200425543725696,3.744065197849108,0.1517843635032204,1.3266347138584036,0.9957864332051303,0.038016969090479816,-0.0457759898992153,0.06977569959896587
681.2999877929688,778.0999755859375,788.9000244140625,721.4000244140625,0.0,13.542301177978516,0.002767220139503479,0.005025072820886712,-0.0016831725198086995,0.24868609966117033,-0.9999996808370981,0.0004984847269707579,2.576362781518036e-05,-0.000623838852847248,3.744065197849108,0.1517843635032204,1.3266347138584036,0.9957864332051303,0.038016969090479816,-0.0457759898992153,0.06977569959896587
681.2999877929688,778.0999755859375,785.9000244140625,722.4000244140625,0.0,5.657808780670166,0.007943391799926758,0.005227845375892495,-0.002090491372968687,0.24881762181630546,-0.9999999794575302,-8.083547549650318e-05,-0.00016621884299425623,-8.319772434624294e-05,3.744065197849108,0.1517843635032204,1.3266347138584036,0.9957864332051303,0.038016969090479816,-0.0457759898992153,0.06977569959896587
679.4000244140625,780.0999755859375,789.7999877929688,720.4000244140625,0.0,44.66329574584961,0.03746621310710907,0.005235374195542054,-0.0021017152939538323,0.2489370836538819,-0.9999999598018632,0.00016546191504553389,-0.00019945968052876689,-0.00011504113472418192,3.744065197849108,0.1517843635032204,1.3266347138584036,0.9957864332051303,0.038016969090479816,-0.0457759898992153,0.06977569959896587
680.4000244140625,779.0999755859375,787.9000244140625,719.5,0.0,43.32633972167969,0.0407460480928421,0.005214811585745474,-0.002077667243947997,0.24883341881580864,-0.9999999784997353,-5.945163496139635e-05,-0.0001872059700983708,-6.64827553844652e-05,3.744065197849108,0.1517843635032204,1.3266347138584036,0.9957864332051303,0.038016969090479816,-0.0457759898992153,0.06977569959896587
682.2999877929688,779.0999755859375,789.7999877929688,721.4000244140625,0.0,18.022491455078125,0.004682973027229309,0.005232042015204498,-0.0021628234046164978,0.24892436147796526,-0.9999999360966495,0.0002848309832275174,-0.0001665850836149457,-0.00013757695210244353,3.744065197849108,0.1517843635032204,1.3266347138584036,0.9957864332051303,0.038016969090479816,-0.0457759898992153,0.06977569959896587
682.2999877929688,777.0999755859375,790.7999877929688,717.5,0.0,32.56532669067383,0.024624675512313843,0.005221291918424142,-0.0021144739606440695,0.24889514931679382,-0.9999999922668331,-3.944275941062183e-06,-0.00010090370720614172,7.258938096440998e-05,3.744065197849108,0.1517843635032204,1.3266347138584036,0.9957864332051303,0.038016969090479816,-0.0457759898992153,0.06977569959896587
682.2999877929688,777.0999755859375,790.7999877929688,717.5,0.0,16.465614318847656,-0.004503220319747925,0.004938355486925748,-0.0019073409315875185,0.24853882821799522,-0.9999995515112511,-0.0001868915442080855,-0.0007686411291563913,-0.0005208067414866095,3.744065197849108,0.1517843635032204,1.3266347138584036,0.9957864332051303,0.038016969090479816,-0.0457759898992153,0.06977569959896587
681.2999877929688,779.0999755859375,788.9000244140625,718.5,0.0,49.94160079956055,0.043336570262908936,0.004870559059521282,-0.0018315593789486834,0.2484551166164241,-0.9999995258366967,-0.0002125729441064372,-0.0006453028989337865,-0.0006976555697150755,3.744065197849108,0.1517843635032204,1.3266347138584036,0.9957864332051303,0.038016969090479816,-0.0457759898992153,0.06977569959896587
683.2999877929688,777.0999755859375,784.9000244140625,721.4000244140625,0.0,4.427275657653809,0.01355963945388794,0.005184497056392423,-0.0020907300768134456,0.24877033116989752,-0.9999999481978684,-0.0001676327083717713,-0.00012543885437129904,-0.00024447623542529784,3.744065197849108,0.1517843635032204,1.3266347138584036,0.9957864332051303,0.038016969090479816,-0.0457759898992153,0.06977569959896587
682.2999877929688,780.0999755859375,790.7999877929688,720.4000244140625,0.0,27.893747329711914,0.013480573892593384,0.005202917868217473,-0.002050191355622443,0.24881634787848939,-0.9999999965629618,2.4525924683002646e-05,-5.7100837614533525e-05,-5.488214612757406e-05,3.744065197849108,0.1517843635032204,1.3266347138584036,0.9957864332051303,0.038016969090479816,-0.0457759898992153,0.06977569959896587
684.2999877929688,777.0999755859375,788.9000244140625,721.4000244140625,0.0,2.7017621994018555,0.002479955554008484,0.005154447773593264,-0.0020270124681421864,0.24875228552099007,-0.9999999623999215,-0.0002484205888793034,-2.6637200834419383e-05,-0.00011303904791263469,3.744065197849108,0.1517843635032204,1.3266347138584036,0.9957864332051303,0.038016969090479816,-0.0457759898992153,0.06977569959896587
679.4000244140625,779.0999755859375,789.7999877929688,722.4000244140625,0.0,17.566478729248047,0.0067399293184280396,0.004937000127328987,-0.0018503884947609242,0.24854243201807769,-0.9999996527656907,-0.00016641607148913963,-0.0005725179931835318,-0.0005822347780746231,3.744065197849108,0.1517843635032204,1.3266347138584036,0.9957864332051303,0.038016969090479816,-0.0457759898992153,0.06977569959896587
683.2999877929688,780.0999755859375,788.9000244140625,719.5,0.0,52.541900634765625,0.054896578192710876,0.0049541598643277444,-0.0019172509641868277,0.24851329467732314,-0.9999995747092263,-0.00020225983074687986,-0.0006946199318865813,-0.000571992550343352,3.744065197849108,0.1517843635032204,1.3266347138584036,0.9957864332051303,0.038016969090479816,-0.0457759898992153,0.06977569959896587
680.4000244140625,777.0999755859375,788.9000244140625,721.4000244140625,0.0,9.454180717468262,0.002688959240913391,0.005048776366546213,-0.00198878050797515,0.2485494667362965,-0.9999993977636412,5.36949110542215e-05,-0.0006991309871808349,-0.0008442778419145977,3.744065197849108,0.1517843635032204,1.3266347138584036,0.9957864332051303,0.038016969090479816,-0.0457759898992153,0.06977569959896587
680.4000244140625,781.0,789.7999877929688,717.5,0.0,76.10089111328125,0.07883800566196442,0.004950180424423743,-0.0017824394935492228,0.24847213338291937,-0.9999994327811205,-0.00032084053224150323,-0.0007991235737378441,-0.0006268176004691554,3.744065197849108,0.1517843635032204,1.3266347138584036,0.9957864332051303,0.038016969090479816,-0.0457759898992153,0.06977569959896587
681.2999877929688,778.0999755859375,790.7999877929688,721.4000244140625,0.0,5.852032661437988,0.00014922022819519043,0.004874549326237116,-0.0017315134536900756,0.2484420164184679,-0.9999995233806243,-0.00025637061159607116,-0.0006371798978236004,-0.0006939123947425607,3.744065197849108,0.1517843635032204,1.3266347138584036,0.9957864332051303,0.038016969090479816,-0.0457759898992153,0.06977569959896587
681.2999877929688,774.2000122070312,789.7999877929688,717.5,0.0,6.0935821533203125,-0.00343438982963562,0.004949359130914131,-0.0018195228548523565,0.2484586258808725,-0.9999994657799981,-0.0001910057637986143,-0.0006771539140060444,-0.000757244407881656,3.744065197849108,0.1517843635032204,1.3266347138584036,0.9957864332051303,0.038016969090479816,-0.0457759898992153,0.06977569959896587
679.4000244140625,780.0999755859375,784.9000244140625,721.4000244140625,0.0,47.112064361572266,0.06831197440624237,0.004908102911335095,-0.0017770965753028333,0.2484542119404866,-0.9999995106842221,-0.0002476174721705935,-0.0007261753737759401,-0.000624488775217247,3.744065197849108,0.1517843635032204,1.3266347138584036,0.9957864332051303,0.038016969090479816,-0.0457759898992153,0.06977569959896587
680.4000244140625,780.0999755859375,789.7999877929688,719.5,0.0,49.81081008911133,0.04177115857601166,0.00519467748780211,-0.0020111371852371187,0.24889180007100153,-0.9999999864915654,3.177177020134507e-05,-0.00010113893192207271,-0.00012561186303147753,3.744065197849108,0.1517843635032204,1.3266347138584036,0.9957864332051303,0.038016969090479816,-0.0457759898992153,0.06977569959896587
682.2999877929688,779.0999755859375,788.9000244140625,719.5,0.0,39.85824203491211,0.032238200306892395,0.005247283222013787,-0.002023442228456773,0.24878779965915565,-0.9999999852072666,-0.00016696559258362305,-3.78835727747185e-05,-1.651643452516155e-05,3.744065197849108,0.1517843635032204,1.3266347138584036,0.9957864332051303,0.038016969090479816,-0.0457759898992153,0.06977569959896587
682.2999877929688,779.0999755859375,789.7999877929688,722.4000244140625,0.0,11.89443588256836,0.00203666090965271,0.00503371902861867,-0.002001121316127287,0.24890613186360078,-0.9999999358699575,1.315642645570653e-06,-0.0001873079736772139,-0.00030524428416112224,3.744065197849108,0.1517843635032204,1.3266347138584036,0.9957864332051303,0.038016969090479816,-0.0457759898992153,0.06977569959896587
681.2999877929688,779.0999755859375,788.9000244140625,720.4000244140625,0.0,34.56388854980469,0.026919886469841003,0.004768229521712337,-0.0016966380548715126,0.24841464440607275,-0.9999993887558682,-0.00019530734060445738,-0.0007529065998966287,-0.0007857955105709951,3.744065197849108,0.1517843635032204,1.3266347138584036,0.9957864332051303,0.038016969090479816,-0.0457759898992153,0.06977569959896587
680.4000244140625,780.0999755859375,787.9000244140625,718.5,0.0,9.880386352539062,0.0019166022539138794,0.004876423784021869,-0.0018357870621437168,0.24847498891421202,-0.9999994725224614,-0.0001283681418117161,-0.0007032146160856229,-0.0007375402518610769,3.744065197849108,0.1517843635032204,1.3266347138584036,0.9957864332051303,0.038016969090479816,-0.0457759898992153,0.06977569959896587
680.4000244140625,780.0999755859375,787.9000244140625,718.5,0.0,66.19622802734375,0.07602272927761078,0.0050410441113791365,-0.001867435724778229,0.2486597336356858,-0.9999999662181808,-0.00012535157474556473,-8.79025133448594e-05,-0.00021005658346319987,3.744065197849108,0.1517843635032204,1.3266347138584036,0.9957864332051303,0.038016969090479816,-0.0457759898992153,0.06977569959896587
679.4000244140625,779.0999755859375,792.7999877929688,720.4000244140625,0.0,11.099546432495117,-0.0009390413761138916,0.005120514716410742,-0.002056033844907047,0.24887488336324293,-0.9999999820862878,0.00012679981237665423,-0.00013978060666939063,1.4512532675971579e-05,3.744065197849108,0.1517843635032204,1.3266347138584036,0.9957864332051303,0.038016969090479816,-0.0457759898992153,0.06977569959896587
680.4000244140625,780.0999755859375,789.7999877929688,717.5,0.0,65.77165985107422,0.05942949652671814,0.0050123729337956885,-0.0018340542477329564,0.24871933636819377,-0.9999997206177448,-0.00025736689369536714,-0.0002576743881620872,-0.0006527868139004909,3.744065197849108,0.1517843635032204,1.3266347138584036,0.9957864332051303,0.038016969090479816,-0.0457759898992153,0.06977569959896587
681.2999877929688,778.0999755859375,789.7999877929688,719.5,0.0,19.69402313232422,-0.00167103111743927,0.004804378335667279,-0.001687623468371742,0.24843742003947344,-0.9999994910109186,-0.00015288878758433575,-0.0007594176974707995,-0.0006464423279974573,3.744065197849108,0.1517843635032204,1.3266347138584036,0.9957864332051303,0.038016969090479816,-0.0457759898992153,0.06977569959896587
681.2999877929688,777.0999755859375,791.7999877929688,720.4000244140625,0.0,1.9835525751113892,0.001185595989227295,0.005119680333752825,-0.002071256475829277,0.24891373176294393,-0.9999999840314026,0.0001707341263434633,-1.5937504626252992e-05,-5.032940202852104e-05,3.744065197849108,0.1517843635032204,1.3266347138584036,0.9957864332051303,0.038016969090479816,-0.0457759898992153,0.06977569959896587
682.2999877929688,778.0999755859375,785.9000244140625,719.5,0.0,23.881868362426758,0.021569088101387024,0.0050666506749571984,-0.0018714682113267756,0.2486926355699991,-0.9999999181130076,0.00010417210652423909,0.00011666950012623886,-0.0003732430550455446,3.744065197849108,0.1517843635032204,1.3266347138584036,0.9957864332051303,0.038016969090479816,-0.0457759898992153,0.06977569959896587
681.2999877929688,781.0,790.7999877929688,721.4000244140625,0.0,34.14351272583008,0.025996491312980652,0.004911868786159155,-0.0018283808290804426,0.2484894038378763,-0.9999995591747627,-8.301319568250399e-05,-0.0005872069495300108,-0.0007279746480926544,3.744065197849108,0.1517843635032204,1.3266347138584036,0.9957864332051303,0.038016969090479816,-0.0457759898992153,0.06977569959896587
678.4000244140625,782.0,788.9000244140625,721.4000244140625,0.0,67.641357421875,0.09076578170061111,0.005232573581908967,-0.0020823913634151793,0.24887214416116737,-0.9999999952721639,-6.0811255915196055e-05,-6.0760490419992235e-05,-4.545136007185494e-05,3.744065197849108,0.1517843635032204,1.3266347138584036,0.9957864332051303,0.038016969090479816,-0.0457759898992153,0.06977569959896587
680.4000244140625,773.2000122070312,787.9000244140625,722.4000244140625,0.0,0.6458759307861328,0.003878980875015259,0.005274045944825932,-0.002219269313959668,0.2490382506217228,-0.999999908657455,0.0004019312957039908,-0.00010369146375352551,-0.00010190385369219094,3.744065197849108,0.1517843635032204,1.3266347138584036,0.9957864332051303,0.038016969090479816,-0.0457759898992153,0.06977569959896587
682.2999877929688,778.0999755859375,789.7999877929688,720.4000244140625,0.0,13.595165252685547,-0.0010659247636795044,0.005237533605715764,-0.0021113243585987214,0.24896582649345694,-0.9999999420255445,0.0002496288942325042,-8.589247875033083e-05,-0.00021507395197367286,3.744065197849108,0.1517843635032204,1.3266347138584036,0.9957864332051303,0.038016969090479816,-0.0457759898992153,0.06977569959896587
682.2999877929688,779.0999755859375,788.9000244140625,720.4000244140625,0.0,32.56532669067383,0.024624675512313843,0.0049167736811929616,-0.0018150444829532872,0.2484870601063197,-0.9999994532008859,-0.00020389403945739648,-0.00075344124994163,-0.0006959536140415504,3.744065197849108,0.1517843635032204,1.3266347138584036,0.9957864332051303,0.038016969090479816,-0.0457759898992153,0.06977569959896587
681.2999877929688,780.0999755859375,789.7999877929688,717.5,0.0,64.09033203125,0.056946516036987305,0.0052192291856433,-0.0021159994150698595,0.24896591895512682,-0.9999999261974221,0.00020607471141049583,-0.0002771300689017053,-0.00016833683124710207,3.744065197849108,0.1517843635032204,1.3266347138584036,0.9957864332051303,0.038016969090479816,-0.0457759898992153,0.06977569959896587
682.2999877929688,778.0999755859375,788.9000244140625,719.5,0.0,24.896833419799805,0.011000126600265503,0.005243932440219072,-0.0020524552838278496,0.24874523088175815,-0.9999999871141144,-6.28143265054608e-05,8.92417664184481e-06,-0.00014746691313713732,3.744065197849108,0.1517843635032204,1.3266347138584036,0.9957864332051303,0.038016969090479816,-0.0457759898992153,0.06977569959896587
681.2999877929688,774.2000122070312,789.7999877929688,717.5,0.0,6.0935821533203125,-0.00343438982963562,0.004981105029900788,-0.0018438446036191493,0.24852899314938207,-0.9999997078774134,-0.00014594844530534869,-0.0005474919320492621,-0.0005130270201548611,3.744065197849108,0.1517843635032204,1.3266347138584036,0.9957864332051303,0.038016969090479816,-0.0457759898992153,0.06977569959896587
683.2999877929688,779.0999755859375,783.0,719.5,0.0,44.45929718017578,0.06773905456066132,0.0051668034518745935,-0.0020079183598244736,0.24882206392661158,-0.999999965486314,-3.4402535014677736e-05,-0.00010645737053254149,-0.00023771971867226252,3.744065197849108,0.1517843635032204,1.3266347138584036,0.9957864332051303,0.038016969090479816,-0.0457759898992153,0.06977569959896587
680.4000244140625,781.0,789.7999877929688,720.4000244140625,0.0,55.200069427490234,0.05816696584224701,0.005285716666501024,-0.002178489428809268,0.24890510430617105,-0.9999999840271508,0.00012606550511728713,-0.00011167045676485689,-5.985729312438642e-05,3.744065197849108,0.1517843635032204,1.3266347138584036,0.9957864332051303,0.038016969090479816,-0.0457759898992153,0.06977569959896587
683.2999877929688,779.0999755859375,788.9000244140625,720.4000244140625,0.0,30.494895935058594,0.02352847158908844,0.00506307654410682,-0.002042014007501456,0.24862593018577933,-0.9999996061834981,5.81841340331515e-06,-0.000456135468044007,-0.0007612748711430851,3.744065197849108,0.1517843635032204,1.3266347138584036,0.9957864332051303,0.038016969090479816,-0.0457759898992153,0.06977569959896587
680.4000244140625,780.0999755859375,790.7999877929688,718.5,0.0,44.98408889770508,0.02684757113456726,0.004964049870761712,-0.0019284716225003488,0.24855621414869175,-0.9999996105735399,-0.0001816800120906063,-0.0006732366722182851,-0.0005409228456657079,3.744065197849108,0.1517843635032204,1.3266347138584036,0.9957864332051303,0.038016969090479816,-0.0457759898992153,0.06977569959896587
682.2999877929688,779.0999755859375,788.9000244140625,720.4000244140625,0.0,32.56532669067383,0.024624675512313843,0.005303195973910512,-0.0022438021984149724,0.24891562092465763,-0.9999999779478521,0.00014902821491418372,-9.407664656828514e-05,0.00011421239557508001,3.744065197849108,0.1517843635032204,1.3266347138584036,0.9957864332051303,0.038016969090479816,-0.0457759898992153,0.06977569959896587
682.2999877929688,779.0999755859375,788.9000244140625,719.5,0.0,39.85824203491211,0.032238200306892395,0.005348172613843171,-0.0024120995850199444,0.24899928633932364,-0.999999913130235,0.00040378674068547134,-3.785917394751259e-05,-9.62417451619326e-05,3.744065197849108,0.1517843635032204,1.3266347138584036,0.9957864332051303,0.038016969090479816,-0.0457759898992153,0.06977569959896587
681.2999877929688,777.0999755859375,786.9000244140625,721.4000244140625,0.0,4.994884490966797,0.0052944570779800415,0.005356655546186582,-0.00243719884640271,0.2490184469296287,-0.9999998578431701,0.0005193703616684426,-2.6072847083149363e-05,0.00011784851927051272,3.744065197849108,0.1517843635032204,1.3266347138584036,0.9957864332051303,0.038016969090479816,-0.0457759898992153,0.06977569959896587
681.2999877929688,774.2000122070312,791.7999877929688,721.4000244140625,0.0,11.717941284179688,0.006129860877990723,0.005251828586062354,-0.002166177775832758,0.24898504081836742,-0.9999999757453846,0.00019577933060551314,-3.954178677227302e-05,-9.28231174577546e-05,3.744065197849108,0.1517843635032204,1.3266347138584036,0.9957864332051303,0.038016969090479816,-0.0457759898992153,0.06977569959896587
680.4000244140625,778.0999755859375,789.7999877929688,720.4000244140625,0.0,1.4869791269302368,-0.0010035037994384766,0.004963519347968915,-0.001856144953407359,0.24854523643702234,-0.9999996366210943,-0.0002468278273812721,-0.0005733674567495864,-0.0005805888928891373,3.744065197849108,0.1517843635032204,1.3266347138584036,0.9957864332051303,0.038016969090479816,-0.0457759898992153,0.06977569959896587
680.4000244140625,778.0999755859375,789.7999877929688,720.4000244140625,0.0,16.61886978149414,-0.0011602342128753662,0.005246287186660758,-0.002153597925652866,0.24901096216241436,-0.9999999565932468,0.0002889662926505032,-5.582968041769758e-05,1.3965430117520179e-05,3.744065197849108,0.1517843635032204,1.3266347138584036,0.9957864332051303,0.038016969090479816,-0.0457759898992153,0.06977569959896587
681.2999877929688,778.0999755859375,789.7999877929688,719.5,0.0,19.69402313232422,-0.00167103111743927,0.004909010778324448,-0.0017399909023003979,0.24850199936874107,-0.9999994852027123,-0.00027063629622129916,-0.0007170042348749908,-0.0006650227310904437,3.744065197849108,0.1517843635032204,1.3266347138584036,0.9957864332051303,0.038016969090479816,-0.0457759898992153,0.06977569959896587
678.4000244140625,780.0999755859375,789.7999877929688,720.4000244140625,0.0,46.603328704833984,0.04061870276927948,0.004922172988285996,-0.0017534052369309106,0.24852205607709887,-0.999999597300732,-0.00022535524919820753,-0.0005390973619455163,-0.0006811662205645517,3.744065197849108,0.1517843635032204,1.3266347138584036,0.9957864332051303,0.038016969090479816,-0.0457759898992153,0.06977569959896587
681.2999877929688,779.0999755859375,788.9000244140625,717.5,0.0,58.02586364746094,0.05196717381477356,0.004968626459050061,-0.0018513163179104677,0.2485820452907568,-0.9999995538780003,-0.00020671675733310168,-0.0006141217686329321,-0.0006872891937115363,3.744065197849108,0.1517843635032204,1.3266347138584036,0.9957864332051303,0.038016969090479816,-0.0457759898992153,0.06977569959896587
678.4000244140625,780.0999755859375,786.9000244140625,720.4000244140625,0.0,54.687191009521484,0.06859369575977325,0.004927573243636675,-0.0018350578711707228,0.24847434863639,-0.9999995785906856,-0.0002475253302320376,-0.0006740541950382594,-0.0005720145140450373,3.744065197849108,0.1517843635032204,1.3266347138584036,0.9957864332051303,0.038016969090479816,-0.0457759898992153,0.06977569959896587
682.2999877929688,773.2000122070312,788.9000244140625,721.4000244140625,0.0,0.05025923252105713,0.00077095627784729,0.004997891620102483,-0.001977973486364462,0.24858129254384767,-0.9999994208701345,-1.3554821612686885e-05,-0.0006555793864608901,-0.0008533998654891743,3.744065197849108,0.1517843635032204,1.3266347138584036,0.9957864332051303,0.038016969090479816,-0.0457759898992153,0.06977569959896587
681.2999877929688,779.0999755859375,784.9000244140625,718.5,0.0,51.559417724609375,0.06223490834236145,0.0052387730361899325,-0.0020816126462998635,0.2488685621402069,-0.999999992910452,5.5331732341850825e-06,-0.00011467895356237688,-3.157874997754442e-05,3.744065197849108,0.1517843635032204,1.3266347138584036,0.9957864332051303,0.038016969090479816,-0.0457759898992153,0.06977569959896587
684.2999877929688,777.0999755859375,789.7999877929688,721.4000244140625,0.0,1.0459917783737183,0.0011838078498840332,0.0049707189104067915,-0.001959967265011659,0.24850539378482128,-0.9999995775296523,-0.00013762347198270617,-0.0006554694819758544,-0.0006295713263399809,3.744065197849108,0.1517843635032204,1.3266347138584036,0.9957864332051303,0.038016969090479816,-0.0457759898992153,0.06977569959896587
683.2999877929688,781.0,785.9000244140625,720.4000244140625,0.0,54.831600189208984,0.07176674902439117,0.005392985264261051,-0.0023533715532165923,0.24897534111370018,-0.9999997059314569,0.0006269957799635022,0.00014567605043239052,0.00041688341273317164,3.744065197849108,0.1517843635032204,1.3266347138584036,0.9957864332051303,0.038016969090479816,-0.0457759898992153,0.06977569959896587
682.2999877929688,781.0,790.7999877929688,720.4000244140625,0.0,38.5980224609375,0.028623998165130615,0.005225430933014327,-0.0018614991365631076,0.24872867703060322,-0.9999999746079808,-0.00020746492420487672,8.04400817302786e-05,-3.566141115803371e-05,3.744065197849108,0.1517843635032204,1.3266347138584036,0.9957864332051303,0.038016969090479816,-0.0457759898992153,0.06977569959896587
682.2999877929688,778.0999755859375,788.9000244140625,720.4000244140625,0.0,17.9788818359375,0.004892900586128235,0.004968188005191383,-0.001865948022581984,0.2484678605189127,-0.9999996374516795,-0.00015357682871508968,-0.0005876432910268897,-0.0005968132285163171,3.744065197849108,0.1517843635032204,1.3266347138584036,0.9957864332051303,0.038016969090479816,-0.0457759898992153,0.06977569959896587
683.2999877929688,778.0999755859375,788.9000244140625,721.4000244140625,0.0,10.383700370788574,0.002978026866912842,0.005279886869324088,-0.0023410707575864443,0.24897158707606695,-0.9999998716838004,0.00045650216479287077,-0.00013079060376108563,0.00017644255287312363,3.744065197849108,0.1517843635032204,1.3266347138584036,0.9957864332051303,0.038016969090479816,-0.0457759898992153,0.06977569959896587
681.2999877929688,779.0999755859375,788.9000244140625,718.5,0.0,49.94160079956055,0.043336570262908936,0.0049084282151599405,-0.001861678918508361,0.24848360060635283,-0.99999951330274,-0.0001238022974162408,-0.0007045635351380933,-0.0006794538241967202,3.744065197849108,0.1517843635032204,1.3266347138584036,0.9957864332051303,0.038016969090479816,-0.0457759898992153,0.06977569959896587
682.2999877929688,779.0999755859375,786.9000244140625,718.5,0.0,47.410789489746094,0.04902620613574982,0.004963444120818402,-0.00188539850850575,0.2484523069477591,-0.9999996737322718,-0.0001501942993506652,-0.0006437449796588582,-0.0004642945440261704,3.744065197849108,0.1517843635032204,1.3266347138584036,0.9957864332051303,0.038016969090479816,-0.0457759898992153,0.06977569959896587
681.2999877929688,781.0,789.7999877929688,718.5,0.0,68.11741638183594,0.0712282806634903,0.005057164749346175,-0.001979956935582939,0.24858720957353705,-0.9999995280827911,1.1369867953345701e-06,-0.0005234921619646902,-0.0008184062919141199,3.744065197849108,0.1517843635032204,1.3266347138584036,0.9957864332051303,0.038016969090479816,-0.0457759898992153,0.06977569959896587
684.2999877929688,780.0999755859375,788.9000244140625,720.4000244140625,0.0,43.15947723388672,0.04517076909542084,0.005291404647606506,-0.0021945057242249736,0.2489176201847174,-0.9999999204424355,0.00030559038231921633,4.658587961453662e-06,-0.00025633559750957513,3.744065197849108,0.1517843635032204,1.3266347138584036,0.9957864332051303,0.038016969090479816,-0.0457759898992153,0.06977569959896587
682.2999877929688,779.0999755859375,788.9000244140625,720.4000244140625,0.0,32.56532669067383,0.024624675512313843,0.004898551445015978,-0.001804686593109622,0.2484903952902986,-0.9999994330027073,-0.0002414245031448454,-0.0007315164791931049,-0.000735249695045418,3.744065197849108,0.1517843635032204,1.3266347138584036,0.9957864332051303,0.038016969090479816,-0.0457759898992153,0.06977569959896587
683.2999877929688,779.0999755859375,784.9000244140625,720.4000244140625,0.0,32.68632125854492,0.04379916191101074,0.004995509591188531,-0.001841154080841995,0.24849970730354945,-0.99999970538274,-0.0002525969834263786,-0.0005623172167731157,-0.0004574150685060739,3.744065197849108,0.1517843635032204,1.3266347138584036,0.9957864332051303,0.038016969090479816,-0.0457759898992153,0.06977569959896587
682.2999877929688,779.0999755859375,788.9000244140625,720.4000244140625,0.0,32.56532669067383,0.024624675512313843,0.004946385431295753,-0.001802530994630459,0.24850012167652533,-0.9999996216682376,-0.00028740175082268816,-0.000615345360572921,-0.000543519735246094,3.744065197849108,0.1517843635032204,1.3266347138584036,0.9957864332051303,0.038016969090479816,-0.0457759898992153,0.06977569959896587
681.2999877929688,779.0999755859375,787.9000244140625,720.4000244140625,0.0,34.26445770263672,0.030535027384757996,0.005199604633429914,-0.002095099327828273,0.24876560778069357,-0.9999998402867363,-0.00023600028695366996,-0.00020677887793652385,-0.0004700775064129682,3.744065197849108,0.1517843635032204,1.3266347138584036,0.9957864332051303,0.038016969090479816,-0.0457759898992153,0.06977569959896587
684.2999877929688,778.0999755859375,789.7999877929688,717.5,0.0,28.741025924682617,0.007686257362365723,0.005317568716429036,-0.0021647753966843345,0.24882154438286472,-0.9999999640855507,-0.0002594093365195413,-5.1679955989303986e-05,-4.318420551840662e-05,3.744065197849108,0.1517843635032204,1.3266347138584036,0.9957864332051303,0.038016969090479816,-0.0457759898992153,0.06977569959896587
681.2999877929688,777.0999755859375,792.7999877929688,720.4000244140625,0.0,2.986983060836792,0.001275971531867981,0.005256047703063104,-0.0019333448741049497,0.24875248356715512,-0.999999908679054,-0.00040886263903854427,5.479298834906497e-05,0.00011167342785164394,3.744065197849108,0.1517843635032204,1.3266347138584036,0.9957864332051303,0.038016969090479816,-0.0457759898992153,0.06977569959896587
680.4000244140625,777.0999755859375,791.7999877929688,718.5,0.0,10.289600372314453,-0.0024452954530715942,0.004966456670080988,-0.001867650012083714,0.24850635226757825,-0.9999996614296971,-0.00016125033515640918,-0.0005824193534774813,-0.0005585038206060708,3.744065197849108,0.1517843635032204,1.3266347138584036,0.9957864332051303,0.038016969090479816,-0.0457759898992153,0.06977569959896587
683.2999877929688,780.0999755859375,789.7999877929688,715.5,0.0,85.72942352294922,0.08655118197202682,0.004984858828416592,-0.001987710806121415,0.24854013712134765,-0.9999996537808921,-0.00019179094507763887,-0.0006287723166181474,-0.0005101957498067451,3.744065197849108,0.1517843635032204,1.3266347138584036,0.9957864332051303,0.038016969090479816,-0.0457759898992153,0.06977569959896587
680.4000244140625,782.0,788.9000244140625,722.4000244140625,0.0,57.325687408447266,0.07891768217086792,0.0049284050716614574,-0.0018122680987642647,0.24844568589175875,-0.9999995196934688,-0.00017680309807928374,-0.0006924314749875884,-0.0006707400007957572,3.744065197849108,0.1517843635032204,1.3266347138584036,0.9957864332051303,0.038016969090479816,-0.0457759898992153,0.06977569959896587
682.2999877929688,777.0999755859375,789.7999877929688,719.5,0.0,12.61054515838623,-0.0018830746412277222,0.004925011660471472,-0.001806702444173741,0.2484906992739337,-0.9999995121371908,-0.00019510706628861503,-0.0006620898593968654,-0.0007066085417924014,3.744065197849108,0.1517843635032204,1.3266347138584036,0.9957864332051303,0.038016969090479816,-0.0457759898992153,0.06977569959896587
684.2999877929688,780.0999755859375,784.0,719.5,0.0,51.13157272338867,0.07148253917694092,0.004928455439253701,-0.0018413222923085008,0.2484884806367883,-0.9999994666649314,-0.00018351457280452665,-0.0006276950521365226,-0.0007993692363697181,3.744065197849108,0.1517843635032204,1.3266347138584036,0.9957864332051303,0.038016969090479816,-0.0457759898992153,0.06977569959896587
683.2999877929688,779.0999755859375,788.9000244140625,720.4000244140625,0.0,30.494895935058594,0.02352847158908844,0.0049007629811513,-0.0017755762354843946,0.24853953223901537,-0.9999995079548503,-5.301946170195018e-05,-0.0005323170527107163,-0.000835414597414684,3.744065197849108,0.1517843635032204,1.3266347138584036,0.9957864332051303,0.038016969090479816,-0.0457759898992153,0.06977569959896587
684.2999877929688,779.0999755859375,785.9000244140625,720.4000244140625,0.0,28.613019943237305,0.035045430064201355,0.005215799866514085,-0.002047119976902115,0.24885378250816045,-0.9999999767132332,-3.238557769550732e-05,-0.00016224203937548082,-0.00013857210437318257,3.744065197849108,0.1517843635032204,1.3266347138584036,0.9957864332051303,0.038016969090479816,-0.0457759898992153,0.06977569959896587
682.2999877929688,779.0999755859375,788.9000244140625,719.5,0.0,39.85824203491211,0.032238200306892395,0.005190756342516175,-0.002093036107642195,0.24895211006936496,-0.9999999690606055,0.00020388068574695443,-6.009007124411574e-05,-0.0001292309460981639,3.744065197849108,0.1517843635032204,1.3266347138584036,0.9957864332051303,0.038016969090479816,-0.0457759898992153,0.06977569959896587
682.2999877929688,779.0999755859375,788.9000244140625,719.5,0.0,39.85824203491211,0.032238200306892395,0.004996524204830274,-0.001880498009995039,0.2485198568053544,-0.9999995624843541,-0.00034065108104460557,-0.0005588848096604706,-0.0006683080958184636,3.744065197849108,0.1517843635032204,1.3266347138584036,0.9957864332051303,0.038016969090479816,-0.0457759898992153,0.06977569959896587
683.2999877929688,780.0999755859375,785.9000244140625,721.4000244140625,0.0,38.25571060180664,0.05125148594379425,0.005278193033033101,-0.0021798277590674964,0.24886947941305906,-0.9999999925084923,4.907226145504981e-05,-0.0001089262031086821,2.664602630747996e-05,3.744065197849108,0.1517843635032204,1.3266347138584036,0.9957864332051303,0.038016969090479816,-0.0457759898992153,0.06977569959896587
681.2999877929688,777.0999755859375,791.7999877929688,720.4000244140625,0.0,1.9835525751113892,0.001185595989227295,0.0049491970148841415,-0.0018077042849379398,0.24856868533509185,-0.9999997080523875,8.398452608009175e-05,-0.0003640507645473794,-0.0006665649105440651,3.744065197849108,0.1517843635032204,1.3266347138584036,0.9957864332051303,0.038016969090479816,-0.0457759898992153,0.06977569959896587
682.2999877929688,778.0999755859375,789.7999877929688,722.4000244140625,0.0,4.44295597076416,0.0014022588729858398,0.005147680993693159,-0.0020014813515624712,0.2488179616688979,-0.9999997991094833,-0.0001339310636287396,-0.00015436618085240244,-0.0006000121209033183,3.744065197849108,0.1517843635032204,1.3266347138584036,0.9957864332051303,0.038016969090479816,-0.0457759898992153,0.06977569959896587
680.4000244140625,781.0,788.9000244140625,717.5,0.0,82.17788696289062,0.09488964080810547,0.005257859351987088,-0.0021879048346960125,0.2489313071250826,-0.9999999733644624,0.00015780998787765071,-0.00011349983607844238,-0.0001244382153449794,3.744065197849108,0.1517843635032204,1.3266347138584036,0.9957864332051303,0.038016969090479816,-0.0457759898992153,0.06977569959896587
679.4000244140625,780.0999755859375,788.9000244140625,721.4000244140625,0.0,44.965274810791016,0.0492260605096817,0.004964251696578248,-0.0018683886210441839,0.2485178245747509,-0.9999995024137671,-0.0001657270503620825,-0.000697326270346683,-0.0006938608186581364,3.744065197849108,0.1517843635032204,1.3266347138584036,0.9957864332051303,0.038016969090479816,-0.0457759898992153,0.06977569959896587
679.4000244140625,777.0999755859375,791.7999877929688,719.5,0.0,8.284543991088867,-0.000842556357383728,0.004983971398775485,-0.00185459342900462,0.24846701419053824,-0.999999506766824,-0.0001796443185874502,-0.0007294386658524946,-0.0006497024398023141,3.744065197849108,0.1517843635032204,1.3266347138584036,0.9957864332051303,0.038016969090479816,-0.0457759898992153,0.06977569959896587
682.2999877929688,779.0999755859375,784.9000244140625,720.4000244140625,0.0,34.40004348754883,0.04480578005313873,0.004931712691935265,-0.0018350591093640846,0.24843847435257466,-0.9999994005315972,-0.0002314652106912852,-0.0007933459310973329,-0.0007183053224796258,3.744065197849108,0.1517843635032204,1.3266347138584036,0.9957864332051303,0.038016969090479816,-0.0457759898992153,0.06977569959896587
682.2999877929688,778.0999755859375,787.9000244140625,717.5,0.0,40.479454040527344,0.030192449688911438,0.005266028680010372,-0.00212655358014168,0.24882784902796853,-0.9999999313920631,-2.371375020004203e-05,-0.0002868426110850273,-0.00023318414154066585,3.744065197849108,0.1517843635032204,1.3266347138584036,0.9957864332051303,0.038016969090479816,-0.0457759898992153,0.06977569959896587
680.4000244140625,776.0999755859375,786.9000244140625,722.4000244140625,0.0,1.0029369592666626,0.005497723817825317,0.004999321234743512,-0.0018943817781641996,0.24853206446924184,-0.9999996819567353,-0.00015696822493997326,-0.0005705346096144549,-0.0005347313941460625,3.744065197849108,0.1517843635032204,1.3266347138584036,0.9957864332051303,0.038016969090479816,-0.0457759898992153,0.06977569959896587
681.2999877929688,776.0999755859375,785.9000244140625,716.5,0.0,25.425260543823242,0.018822669982910156,0.004988720025691695,-0.0018409435644250135,0.2484945014089455,-0.9999997009090786,-0.00021999772273240787,-0.000558548090693488,-0.00048765437128993143,3.744065197849108,0.1517843635032204,1.3266347138584036,0.9957864332051303,0.038016969090479816,-0.0457759898992153,0.06977569959896587
679.4000244140625,777.0999755859375,787.9000244140625,720.4000244140625,0.0,14.84830379486084,0.0031821876764297485,0.005181367181231338,-0.0019086974152942328,0.2487839763787302,-0.9999998341629296,-0.0004209638772690042,-0.00017908897019700256,-0.00034984377681327236,3.744065197849108,0.1517843635032204,1.3266347138584036,0.9957864332051303,0.038016969090479816,-0.0457759898992153,0.06977569959896587
679.4000244140625,779.0999755859375,789.7999877929688,722.4000244140625,0.0,17.566478729248047,0.0067399293184280396,0.00521886697519477,-0.0020872055110215592,0.24874197286009905,-0.9999998846779533,-0.00026309040074692333,-0.00013368733955390174,-0.00037888681204821257,3.744065197849108,0.1517843635032204,1.3266347138584036,0.9957864332051303,0.038016969090479816,-0.0457759898992153,0.06977569959896587
682.2999877929688,778.0999755859375,786.9000244140625,717.5,0.0,40.160526275634766,0.03417259454727173,0.005228985873735533,-0.001980506503518896,0.24875227604528966,-0.9999999627562878,-0.00026447926147955093,-3.9963234189376025e-05,5.423175592539497e-05,3.744065197849108,0.1517843635032204,1.3266347138584036,0.9957864332051303,0.038016969090479816,-0.0457759898992153,0.06977569959896587
681.2999877929688,778.0999755859375,788.9000244140625,721.4000244140625,0.0,13.542301177978516,0.002767220139503479,0.005189237723441149,-0.0018737303593709825,0.24882861755641994,-0.9999999971661726,-7.1533251073421745e-06,-2.283367726164671e-05,-7.138002681387904e-05,3.744065197849108,0.1517843635032204,1.3266347138584036,0.9957864332051303,0.038016969090479816,-0.0457759898992153,0.06977569959896587
683.2999877929688,777.0999755859375,789.7999877929688,719.5,0.0,10.884328842163086,-0.0019017457962036133,0.005146845046199786,-0.002056983717329384,0.24872258669218478,-0.999999926652812,-0.00018028436296802753,-0.00010706737449559664,-0.0003205128646313746,3.744065197849108,0.1517843635032204,1.3266347138584036,0.9957864332051303,0.038016969090479816,-0.0457759898992153,0.06977569959896587
681.2999877929688,778.0999755859375,787.9000244140625,719.5,0.0,26.483097076416016,0.01523241400718689,0.00525208822453396,-0.002046707445159444,0.24873297561617522,-0.9999999743232124,-0.00015750265531834585,-0.00012581879328220957,-0.0001035186911516808,3.744065197849108,0.1517843635032204,1.3266347138584036,0.9957864332051303,0.038016969090479816,-0.0457759898992153,0.06977569959896587
681.2999877929688,779.0999755859375,788.9000244140625,720.4000244140625,0.0,34.56388854980469,0.026919886469841003,0.005128437819367458,-0.0018514256525010238,0.24871040438272776,-0.9999997294283797,-0.0005785449145419817,-0.00042125390574791977,-0.00017021779132048257,3.744065197849108,0.1517843635032204,1.3266347138584036,0.9957864332051303,0.038016969090479816,-0.0457759898992153,0.06977569959896587
683.2999877929688,780.0999755859375,784.9000244140625,721.4000244140625,0.0,40.61530685424805,0.05899854004383087,0.005306370805176913,-0.002143020064115846,0.24879452753281164,-0.9999999884347741,-5.445693319002387e-05,-0.00010916261556953856,9.082079843122358e-05,3.744065197849108,0.1517843635032204,1.3266347138584036,0.9957864332051303,0.038016969090479816,-0.0457759898992153,0.06977569959896587
682.2999877929688,777.0999755859375,789.7999877929688,721.4000244140625,0.0,4.142666339874268,0.0010642707347869873,0.005345067200578995,-0.0022121573286743314,0.2488715171420856,-0.9999999619790345,0.00022932191804216572,0.00012622871074005875,8.671620563354475e-05,3.744065197849108,0.1517843635032204,1.3266347138584036,0.9957864332051303,0.038016969090479816,-0.0457759898992153,0.06977569959896587
682.2999877929688,779.0999755859375,788.9000244140625,720.4000244140625,0.0,32.56532669067383,0.024624675512313843,0.004993867300548071,-0.0018330044315697394,0.24846448712795197,-0.9999995106840812,-0.00023834635922574492,-0.0006759182612048437,-0.0006818776397245138,3.744065197849108,0.1517843635032204,1.3266347138584036,0.9957864332051303,0.038016969090479816,-0.0457759898992153,0.06977569959896587
681.2999877929688,776.0999755859375,785.9000244140625,718.5,0.0,10.410479545593262,0.007218018174171448,0.005133594319399475,-0.0018382201431123204,0.2487198291898564,-0.9999997114239043,-0.0006301098033757002,-0.00033638738725660195,-0.0002587610277311597,3.744065197849108,0.1517843635032204,1.3266347138584036,0.9957864332051303,0.038016969090479816,-0.0457759898992153,0.06977569959896587
683.2999877929688,779.0999755859375,788.9000244140625,720.4000244140625,0.0,30.494895935058594,0.02352847158908844,0.005270613981727518,-0.0022274456024396574,0.2489224108139676,-0.9999999313349416,0.00035265559384831867,-0.00011364975147219038,6.919417756665564e-06,3.744065197849108,0.1517843635032204,1.3266347138584036,0.9957864332051303,0.038016969090479816,-0.0457759898992153,0.06977569959896587
681.2999877929688,779.0999755859375,788.9000244140625,721.4000244140625,0.0,26.57496452331543,0.01886521279811859,0.004941668068804659,-0.0018239329375996274,0.24843596037527624,-0.9999994552044421,-0.00030082666623892153,-0.0006701161298788002,-0.0007416458106448581,3.744065197849108,0.1517843635032204,1.3266347138584036,0.9957864332051303,0.038016969090479816,-0.0457759898992153,0.06977569959896587
681.2999877929688,776.0999755859375,788.9000244140625,720.4000244140625,0.0,5.569622993469238,0.0019475370645523071,0.005147549008227655,-0.0019798439892436976,0.24869598897077258,-0.9999999843402787,-4.1767954930565024e-05,-8.749396734818074e-06,-0.00017175077462634216,3.744065197849108,0.1517843635032204,1.3266347138584036,0.9957864332051303,0.038016969090479816,-0.0457759898992153,0.06977569959896587
683.2999877929688,776.0999755859375,786.9000244140625,719.5,0.0,2.0705580711364746,0.004068091511726379,0.004970617011340867,-0.0017645159630036058,0.24871033694122033,-0.999999759548616,0.0001424414600888963,-0.00019630386715079967,-0.0006496752515643447,3.744065197849108,0.1517843635032204,1.3266347138584036,0.9957864332051303,0.038016969090479816,-0.0457759898992153,0.06977569959896587
682.2999877929688,782.0,790.7999877929688,720.4000244140625,0.0,48.9785041809082,0.04605807363986969,0.00507807582234515,-0.002024598888118506,0.2488265790483779,-0.9999998858306237,-0.00023012655171418387,-0.00010896701874284258,-0.0004043596155601015,3.744065197849108,0.1517843635032204,1.3266347138584036,0.9957864332051303,0.038016969090479816,-0.0457759898992153,0.06977569959896587
683.2999877929688,778.0999755859375,787.9000244140625,721.4000244140625,0.0,9.512604713439941,0.0047530680894851685,0.004957530625095699,-0.0018128785647758285,0.24851494111517647,-0.9999995989653364,-0.0002636065691874089,-0.0006005900448405644,-0.0006098133659932177,3.744065197849108,0.1517843635032204,1.3266347138584036,0.9957864332051303,0.038016969090479816,-0.0457759898992153,0.06977569959896587
682.2999877929688,779.0999755859375,791.7999877929688,721.4000244140625,0.0,6.327877998352051,-0.0006583034992218018,0.005212950971759759,-0.001840866549104963,0.24870312335062808,-0.9999998930466366,-0.00037714740243501347,0.0002656805288011079,3.286957730018015e-05,3.744065197849108,0.1517843635032204,1.3266347138584036,0.9957864332051303,0.038016969090479816,-0.0457759898992153,0.06977569959896587
681.2999877929688,781.0,789.7999877929688,720.4000244140625,0.0,53.49334716796875,0.055626094341278076,0.0052380841925333075,-0.0019457521209949886,0.24878812534318942,-0.999999961094251,-0.000245319129687339,0.00011959329934239053,5.768417446755111e-05,3.744065197849108,0.1517843635032204,1.3266347138584036,0.9957864332051303,0.038016969090479816,-0.0457759898992153,0.06977569959896587
681.2999877929688,778.0999755859375,788.9000244140625,719.5,0.0,27.037525177001953,0.012571349740028381,0.005133025899039901,-0.0020885027684021803,0.2487688424340558,-0.9999998990340855,-0.00019919165172866874,-9.797855700405649e-05,-0.00039071051564994907,3.744065197849108,0.1517843635032204,1.3266347138584036,0.9957864332051303,0.038016969090479816,-0.0457759898992153,0.06977569959896587
679.4000244140625,779.0999755859375,788.9000244140625,720.4000244140625,0.0,38.349273681640625,0.03226664662361145,0.005233366717447887,-0.002066392142816161,0.24877597858051284,-0.9999999572438262,-0.000239781363211554,0.00013014591069968775,0.00010525818637611211,3.744065197849108,0.1517843635032204,1.3266347138584036,0.9957864332051303,0.038016969090479816,-0.0457759898992153,0.06977569959896587
681.2999877929688,776.0999755859375,789.7999877929688,723.4000244140625,0.0,1.2160491943359375,0.0030978620052337646,0.005185104598892495,-0.0020068719222462693,0.24872650343993202,-0.9999999695614793,-0.0002163432773936957,0.00011137595967445024,4.084143053853072e-05,3.744065197849108,0.1517843635032204,1.3266347138584036,0.9957864332051303,0.038016969090479816,-0.0457759898992153,0.06977569959896587
682.2999877929688,779.0999755859375,786.9000244140625,720.4000244140625,0.0,32.02543258666992,0.03271065652370453,0.005163693148710428,-0.0020634930379987,0.24881312582820428,-0.9999998907918672,-2.8628153340361727e-05,7.089323210161992e-05,-0.00046105404499133506,3.744065197849108,0.1517843635032204,1.3266347138584036,0.9957864332051303,0.038016969090479816,-0.0457759898992153,0.06977569959896587
681.2999877929688,777.0999755859375,789.7999877929688,719.5,0.0,14.298864364624023,-0.0018650591373443604,0.005291187444468953,-0.0022413665424491076,0.2488993058531618,-0.9999999183113045,0.0002933637699277217,0.0002262568001918251,0.0001616259357363741,3.744065197849108,0.1517843635032204,1.3266347138584036,0.9957864332051303,0.038016969090479816,-0.0457759898992153,0.06977569959896587
682.2999877929688,780.0999755859375,787.9000244140625,716.5,0.0,78.32335662841797,0.08782137185335159,0.004935990300577562,-0.001903853787453307,0.24849180821402242,-0.9999996554600625,-0.00013044311873312343,-0.0004949191805631512,-0.0006535436892140404,3.744065197849108,0.1517843635032204,1.3266347138584036,0.9957864332051303,0.038016969090479816,-0.0457759898992153,0.06977569959896587
684.2999877929688,779.0999755859375,788.9000244140625,719.5,0.0,35.65607833862305,0.02979549765586853,0.004856075886421748,-0.0018785843540820826,0.24856498688177728,-0.9999996140892953,9.792267056465162e-06,-0.00043991188176150905,-0.0007603965468484901,3.744065197849108,0.1517843635032204,1.3266347138584036,0.9957864332051303,0.038016969090479816,-0.0457759898992153,0.06977569959896587
677.4000244140625,780.0999755859375,791.7999877929688,720.4000244140625,0.0,30.066865921020508,0.013865411281585693,0.00505580818571713,-0.0021259840495235793,0.24862434767692063,-0.9999996104656246,0.00022308599635039724,-0.00022437589210040848,-0.0008239882865937317,3.744065197849108,0.1517843635032204,1.3266347138584036,0.9957864332051303,0.038016969090479816,-0.0457759898992153,0.06977569959896587
683.2999877929688,781.0,791.7999877929688,721.4000244140625,0.0,23.144445419311523,0.01668471097946167,0.00501010322190538,-0.002061584285307649,0.24867317412713313,-0.9999996619871541,3.3313227966751356e-05,-0.00012833810519415705,-0.0008114463243199876,3.744065197849108,0.1517843635032204,1.3266347138584036,0.9957864332051303,0.038016969090479816,-0.0457759898992153,0.06977569959896587
680.4000244140625,777.0999755859375,789.7999877929688,720.4000244140625,0.0,11.598740577697754,-0.0005921423435211182,0.00505459726108479,-0.0018296858153474054,0.24885663807545258,-0.9999998544294916,-0.0003768590849507898,0.00018458647095738972,-0.0003391844052638542,3.744065197849108,0.1517843635032204,1.3266347138584036,0.9957864332051303,0.038016969090479816,-0.0457759898992153,0.06977569959896587
683.2999877929688,782.0,789.7999877929688,720.4000244140625,0.0,55.90492248535156,0.05968831479549408,0.004954201944851185,-0.0020600402588011493,0.24879664725929693,-0.9999997970384994,4.233182633249206e-07,6.908228572682027e-05,-0.0006333643648259591,3.744065197849108,0.1517843635032204,1.3266347138584036,0.9957864332051303,0.038016969090479816,-0.0457759898992153,0.06977569959896587
683.2999877929688,781.0,789.7999877929688,715.5,0.0,90.1993179321289,0.09281287342309952,0.00524507945030955,-0.0024305809881648398,0.24909979412822808,-0.9999996553957525,0.0005624974527888484,0.0006071458442785443,-6.464453255632566e-05,3.744065197849108,0.1517843635032204,1.3266347138584036,0.9957864332051303,0.038016969090479816,-0.0457759898992153,0.06977569959896587
683.2999877929688,781.0,788.9000244140625,720.4000244140625,0.0,58.42562484741211,0.07109104096889496,0.005155628315058426,-0.002554742771601034,0.2489330653753084,-0.9999997438589806,0.0003429591866484263,0.00046979840628674107,0.00041707364719768657,3.744065197849108,0.1517843635032204,1.3266347138584036,0.9957864332051303,0.038016969090479816,-0.0457759898992153,0.06977569959896587
681.2999877929688,776.0999755859375,789.7999877929688,722.4000244140625,0.0,1.15855872631073,0.002803295850753784,0.0051167561419079586,-0.0022254368243734926,0.24896669174744257,-0.9999998516128796,-0.0002265520289603738,0.0004465855776018353,-0.00021449876184457108,3.744065197849108,0.1517843635032204,1.3266347138584036,0.9957864332051303,0.038016969090479816,-0.0457759898992153,0.06977569959896587
684.2999877929688,779.0999755859375,786.9000244140625,721.4000244140625,0.0,19.961708068847656,0.02178303897380829,0.005375779277947663,-0.0026485515965614546,0.24921827818427583,-0.9999989749010392,0.0009744290674183701,0.0009629840548551925,0.0004163491005065038,3.744065197849108,0.1517843635032204,1.3266347138584036,0.9957864332051303,0.038016969090479816,-0.0457759898992153,0.06977569959896587
683.2999877929688,777.0999755859375,788.9000244140625,719.5,0.0,14.651387214660645,0.0021225810050964355,0.005110063727656045,-0.002362755608047974,0.24902387078867388,-0.9999998295635097,6.130910301578489e-05,0.000577047502546165,-6.426760670659019e-05,3.744065197849108,0.1517843635032204,1.3266347138584036,0.9957864332051303,0.038016969090479816,-0.0457759898992153,0.06977569959896587
677.4000244140625,780.0999755859375,789.7999877929688,722.4000244140625,0.0,33.16554260253906,0.02866169810295105,0.0051221356699586015,-0.002093160483445031,0.2490214039606009,-0.9999997602913413,-0.00026589922681775213,0.0006189114094687637,-0.00016019840379518944,3.744065197849108,0.1517843635032204,1.3266347138584036,0.9957864332051303,0.038016969090479816,-0.0457759898992153,0.06977569959896587
681.2999877929688,780.0999755859375,791.7999877929688,719.5,0.0,52.541900634765625,0.054896578192710876,0.0053435578891504985,-0.0025576601127694065,0.24920534131065222,-0.999998414940478,0.0009725736117309582,0.0014238822934333445,0.0004435947651162395,3.744065197849108,0.1517843635032204,1.3266347138584036,0.9957864332051303,0.038016969090479816,-0.0457759898992153,0.06977569959896587
681.2999877929688,780.0999755859375,791.7999877929688,719.5,0.0,28.289161682128906,0.011171624064445496,0.005121248598190984,-0.002334742537709215,0.24899075687296843,-0.9999994541116117,8.514528938390746e-06,0.0010425352327501608,6.945696386295766e-05,3.744065197849108,0.1517843635032204,1.3266347138584036,0.9957864332051303,0.038016969090479816,-0.0457759898992153,0.06977569959896587
682.2999877929688,778.0999755859375,785.9000244140625,721.4000244140625,0.0,9.815766334533691,0.009200632572174072,0.005216736926942238,-0.0023896000493520103,0.2490638693625789,-0.9999990134798538,0.00017376580882244604,0.0013726542899327133,0.0002422085119034995,3.744065197849108,0.1517843635032204,1.3266347138584036,0.9957864332051303,0.038016969090479816,-0.0457759898992153,0.06977569959896587
682.2999877929688,780.0999755859375,788.9000244140625,719.5,0.0,54.5744514465332,0.057650402188301086,0.005261171039517279,-0.002531662285370939,0.2492193905309373,-0.9999982859337434,0.000663349015602332,0.0016479270115303823,0.0005219523191049785,3.744065197849108,0.1517843635032204,1.3266347138584036,0.9957864332051303,0.038016969090479816,-0.0457759898992153,0.06977569959896587
682.2999877929688,779.0999755859375,788.9000244140625,717.5,0.0,56.07506561279297,0.04944312572479248,0.005040555512759785,-0.002298640412509741,0.24903921336698573,-0.9999989019884035,2.4035344029724572e-05,0.0014644366027506757,0.00022554318116283534,3.744065197849108,0.1517843635032204,1.3266347138584036,0.9957864332051303,0.038016969090479816,-0.0457759898992153,0.06977569959896587
679.4000244140625,780.0999755859375,791.7999877929688,720.4000244140625,0.0,26.522560119628906,0.010858550667762756,0.0048452212010370995,-0.00213084320179415,0.24907604721698964,-0.99999918281566,-0.0003075047231827676,0.0012280320247311364,-0.00017817464363018034,3.744065197849108,0.1517843635032204,1.3266347138584036,0.9957864332051303,0.038016969090479816,-0.0457759898992153,0.06977569959896587
682.2999877929688,781.0,784.9000244140625,720.4000244140625,0.0,55.52076721191406,0.07543610036373138,0.004972642360539896,-0.002368145374648379,0.24924059501012696,-0.9999989228965901,0.0002599509258845913,0.0014350740273623046,0.0001649051603845418,3.744065197849108,0.1517843635032204,1.3266347138584036,0.9957864332051303,0.038016969090479816,-0.0457759898992153,0.06977569959896587
684.2999877929688,782.0,790.7999877929688,721.4000244140625,0.0,40.08821487426758,0.04051990807056427,0.005089087600308959,-0.002426505545010919,0.24925565725243376,-0.9999985838017373,0.00032103024892927187,0.0015967652144352523,0.0004238808194904264,3.744065197849108,0.1517843635032204,1.3266347138584036,0.9957864332051303,0.038016969090479816,-0.0457759898992153,0.06977569959896587
685.2000122070312,778.0999755859375,790.7999877929688,719.5,0.0,7.373354911804199,-0.0026389360427856445,0.004995586552629997,-0.0023031789503473654,0.24906587865668417,-0.9999988831923388,-4.8529596809929e-05,0.0014812396743449834,0.00019284185403233863,3.744065197849108,0.1517843635032204,1.3266347138584036,0.9957864332051303,0.038016969090479816,-0.0457759898992153,0.06977569959896587
684.2999877929688,780.0999755859375,788.9000244140625,721.4000244140625,0.0,35.05318832397461,0.036618396639823914,0.004457588779514288,-0.0021415611213212713,0.24905136935358063,-0.9999991137212559,-9.579769883015076e-05,0.001146310693038881,-0.0006703367055280152,3.744065197849108,0.1517843635032204,1.3266347138584036,0.9957864332051303,0.038016969090479816,-0.0457759898992153,0.06977569959896587
683.2999877929688,780.0999755859375,788.9000244140625,720.4000244140625,0.0,45.23689651489258,0.04703143239021301,0.004401134360041606,-0.002067299566979734,0.24917989151624592,-0.9999985167131036,-0.0002974974497108105,0.0015703639326573907,-0.000641890940224972,3.744065197849108,0.1517843635032204,1.3266347138584036,0.9957864332051303,0.038016969090479816,-0.0457759898992153,0.06977569959896587
683.2999877929688,780.0999755859375,787.9000244140625,720.4000244140625,0.0,44.7296257019043,0.05690668523311615,0.005008695083372873,-0.002591808982923559,0.2494511719030407,-0.9999960531762233,0.0012029656280022605,0.0024368668043951206,0.0007128715531810279,3.744065197849108,0.1517843635032204,1.3266347138584036,0.9957864332051303,0.038016969090479816,-0.0457759898992153,0.06977569959896587
683.2999877929688,780.0999755859375,787.9000244140625,720.4000244140625,0.0,45.24419403076172,0.05082683265209198,0.004439947509059515,-0.0020817594239185737,0.24908196152512585,-0.9999990264324955,-0.00033134352664941326,0.0012465187123898759,-0.0005324815755593847,3.744065197849108,0.1517843635032204,1.3266347138584036,0.9957864332051303,0.038016969090479816,-0.0457759898992153,0.06977569959896587
681.2999877929688,777.0999755859375,789.7999877929688,718.5,0.0,19.11362075805664,-0.0028238445520401,0.004514910077206084,-0.0022445652832862326,0.24910652460747582,-0.9999990716785329,-0.000287739449914358,0.0012756843383476104,-0.00038272385660704475,3.744065197849108,0.1517843635032204,1.3266347138584036,0.9957864332051303,0.038016969090479816,-0.0457759898992153,0.06977569959896587
683.2999877929688,780.0999755859375,788.9000244140625,717.5,0.0,68.72114562988281,0.07268330454826355,0.004379026714166549,-0.002090831648071027,0.24922653982104603,-0.9999985112100379,-0.00016190868065538145,0.0016299226923848326,-0.0005428768773387708,3.744065197849108,0.1517843635032204,1.3266347138584036,0.9957864332051303,0.038016969090479816,-0.0457759898992153,0.06977569959896587
679.4000244140625,783.0,788.9000244140625,722.4000244140625,0.0,62.17930603027344,0.08580294251441956,0.004598833711290531,-0.0022145511973585543,0.24928232292633898,-0.999998246427144,-2.4373343698518707e-05,0.0018672914162177813,-0.00014061061203394606,3.744065197849108,0.1517843635032204,1.3266347138584036,0.9957864332051303,0.038016969090479816,-0.0457759898992153,0.06977569959896587
683.2999877929688,780.0999755859375,790.7999877929688,720.4000244140625,0.0,25.864181518554688,0.012278199195861816,0.0044273924460307,-0.0022186340238620527,0.24916047788864432,-0.9999984522739567,-0.00037589944107781475,0.0016424281815741837,-0.0005065362475823196,3.744065197849108,0.1517843635032204,1.3266347138584036,0.9957864332051303,0.038016969090479816,-0.0457759898992153,0.06977569959896587
684.2999877929688,781.0,784.9000244140625,720.4000244140625,0.0,51.32401657104492,0.06821052730083466,0.004377407972942419,-0.0020997613159606174,0.24927419323765956,-0.9999985339930954,9.477152577076057e-05,0.0016106273155703295,-0.0005735064677476504,3.744065197849108,0.1517843635032204,1.3266347138584036,0.9957864332051303,0.038016969090479816,-0.0457759898992153,0.06977569959896587
685.2000122070312,779.0999755859375,789.7999877929688,722.4000244140625,0.0,6.889962196350098,0.0011430829763412476,0.004321802765871748,-0.002097990459081991,0.2492793757886832,-0.9999978765735605,5.29263578656708e-05,0.002030919368875617,-0.0003455628565055122,3.744065197849108,0.1517843635032204,1.3266347138584036,0.9957864332051303,0.038016969090479816,-0.0457759898992153,0.06977569959896587
684.2999877929688,780.0999755859375,788.9000244140625,721.4000244140625,0.0,35.05318832397461,0.036618396639823914,0.004160897487900743,-0.0020895193144624446,0.24931739216439014,-0.9999971476190684,4.4347053095236575e-05,0.0023403102329355003,-0.0004751158590998685,3.744065197849108,0.1517843635032204,1.3266347138584036,0.9957864332051303,0.038016969090479816,-0.0457759898992153,0.06977569959896587
682.2999877929688,776.0999755859375,788.9000244140625,718.5,0.0,12.719230651855469,-0.00017602741718292236,0.004155703685647462,-0.0019273499627591299,0.2494434429979596,-0.9999965223126659,-0.00037369390000326053,0.002545728325652015,-0.0005787769303567795,3.744065197849108,0.1517843635032204,1.3266347138584036,0.9957864332051303,0.038016969090479816,-0.0457759898992153,0.06977569959896587
681.2999877929688,779.0999755859375,789.7999877929688,724.2999877929688,0.0,4.476381301879883,0.0031264424324035645,0.004460295131736045,-0.0020875863120329474,0.24945193177348618,-0.9999971144502541,0.0002464151960747214,0.0023895089583270976,-2.4852661991668275e-05,3.744065197849108,0.1517843635032204,1.3266347138584036,0.9957864332051303,0.038016969090479816,-0.0457759898992153,0.06977569959896587
683.2999877929688,780.0999755859375,789.7999877929688,719.5,0.0,44.04118728637695,0.03451374173164368,0.0044558916914897734,-0.0020552499789276337,0.24941727597457425,-0.9999965000690597,0.00020486620716192254,0.0026377679915886537,-7.7130375957299e-06,3.744065197849108,0.1517843635032204,1.3266347138584036,0.9957864332051303,0.038016969090479816,-0.0457759898992153,0.06977569959896587
679.4000244140625,779.0999755859375,788.9000244140625,718.5,0.0,53.516197204589844,0.04803307354450226,0.004081093523843175,-0.0019768320696760735,0.24921994243178658,-0.9999964889676228,0.0001665084173242423,0.002613845023953007,-0.0004026680576030127,3.744065197849108,0.1517843635032204,1.3266347138584036,0.9957864332051303,0.038016969090479816,-0.0457759898992153,0.06977569959896587
683.2999877929688,778.0999755859375,787.9000244140625,719.5,0.0,22.208559036254883,0.012200921773910522,0.003961745078665137,-0.002072587325289137,0.24933387082833822,-0.9999951576832784,0.0001760408536713655,0.0030902073621552097,-0.000322859214097342,3.744065197849108,0.1517843635032204,1.3266347138584036,0.9957864332051303,0.038016969090479816,-0.0457759898992153,0.06977569959896587
681.2999877929688,775.2000122070312,790.7999877929688,719.5,0.0,1.793566346168518,0.0006970763206481934,0.003857754834017951,-0.0020322353690164986,0.24937002201102665,-0.9999947133300514,0.00042888411213845416,0.0031939103026512195,-0.00043394394281649415,3.744065197849108,0.1517843635032204,1.3266347138584036,0.9957864332051303,0.038016969090479816,-0.0457759898992153,0.06977569959896587
682.2999877929688,778.0999755859375,787.9000244140625,720.4000244140625,0.0,17.24350357055664,0.007039055228233337,0.0038548712237521858,-0.002020384111167682,0.24944339825603398,-0.9999938842262591,0.0005779729003634429,0.0034433992934977107,-0.0002011435088551349,3.744065197849108,0.1517843635032204,1.3266347138584036,0.9957864332051303,0.038016969090479816,-0.0457759898992153,0.06977569959896587
683.2999877929688,777.0999755859375,787.9000244140625,720.4000244140625,0.0,8.160100936889648,0.003413975238800049,0.003720912567235099,-0.001990430202569997,0.2493115758395827,-0.9999923833322041,0.0011586448213719625,0.0037235453218768207,-0.00016133812964675058,3.744065197849108,0.1517843635032204,1.3266347138584036,0.9957864332051303,0.038016969090479816,-0.0457759898992153,0.06977569959896587
682.2999877929688,778.0999755859375,786.9000244140625,719.5,0.0,23.954374313354492,0.01725420355796814,0.003805750378848727,-0.002034716956561136,0.24936291463482885,-0.9999927295565083,0.001283504809564837,0.003589160566559057,0.00010665812328516999,3.744065197849108,0.1517843635032204,1.3266347138584036,0.9957864332051303,0.038016969090479816,-0.0457759898992153,0.06977569959896587
681.2999877929688,778.0999755859375,787.9000244140625,719.5,0.0,26.483097076416016,0.01523241400718689,0.003592536005303622,-0.0018985082636275136,0.24943464221802505,-0.9999924226237074,0.001030130020008177,0.0037507608144218964,-0.00015912455391163674,3.744065197849108,0.1517843635032204,1.3266347138584036,0.9957864332051303,0.038016969090479816,-0.0457759898992153,0.06977569959896587
680.4000244140625,777.0999755859375,790.7999877929688,724.2999877929688,0.0,1.285775899887085,0.003002166748046875,0.0033562382797446074,-0.0018595515869799179,0.24939159425864402,-0.999987283267113,0.001440346566706913,0.004830737748517396,0.00015059426203850132,3.744065197849108,0.1517843635032204,1.3266347138584036,0.9957864332051303,0.038016969090479816,-0.0457759898992153,0.06977569959896587
682.2999877929688,773.2000122070312,787.9000244140625,720.4000244140625,0.0,359.99737548828125,0.001307472586631775,0.0033604746745147006,-0.0019187160183955854,0.24941719904459306,-0.9999874149219667,0.001615290466850482,0.0047455478122517755,0.00020152010285208406,3.744065197849108,0.1517843635032204,1.3266347138584036,0.9957864332051303,0.038016969090479816,-0.0457759898992153,0.06977569959896587
681.2999877929688,778.0999755859375,787.9000244140625,720.4000244140625,0.0,19.34959602355957,0.008511871099472046,0.0031374503544964434,-0.0018018218870510918,0.2494519880265837,-0.9999874046812243,0.0010544662926287114,0.004906318473481038,8.135590874573285e-05,3.744065197849108,0.1517843635032204,1.3266347138584036,0.9957864332051303,0.038016969090479816,-0.0457759898992153,0.06977569959896587
682.2999877929688,778.0999755859375,789.7999877929688,721.4000244140625,0.0,8.81525707244873,-5.269050598144531e-05,0.003234675874394626,-0.0017704677882140617,0.24984039090473847,-0.9999797077485757,0.0015815120190117763,0.006114823620629694,0.0008317709392788193,3.744065197849108,0.1517843635032204,1.3266347138584036,0.9957864332051303,0.038016969090479816,-0.0457759898992153,0.06977569959896587
678.4000244140625,777.0999755859375,788.9000244140625,723.4000244140625,0.0,4.432591915130615,0.0066794753074646,0.0022825505709246226,-0.0017418023284816368,0.24960411385860173,-0.9999707458597706,0.0015856466591087108,0.007466550306679067,0.0004937366143599225,3.744065197849108,0.1517843635032204,1.3266347138584036,0.9957864332051303,0.038016969090479816,-0.0457759898992153,0.06977569959896587
682.2999877929688,778.0999755859375,786.9000244140625,721.4000244140625,0.0,10.20751953125,0.006370231509208679,0.0021013669815391207,-0.0017061850450392326,0.2501970497250004,-0.9999464576605407,0.00275728963690348,0.00988646164120034,0.0013179689722201161,3.744065197849108,0.1517843635032204,1.3266347138584036,0.9957864332051303,0.038016969090479816,-0.0457759898992153,0.06977569959896587
682.2999877929688,777.0999755859375,788.9000244140625,717.5,0.0,30.516347885131836,0.012420654296875,0.0009489182286886231,-0.0017394912850494356,0.25044512194792534,-0.9999258015179279,0.0040038103203151815,0.011444776538056142,0.0011739044435807053,3.744065197849108,0.1517843635032204,1.3266347138584036,0.9957864332051303,0.038016969090479816,-0.0457759898992153,0.06977569959896587
681.2999877929688,776.0999755859375,788.9000244140625,721.4000244140625,0.0,1.7880624532699585,0.003695935010910034,0.00037813271816545244,-0.0016602453059086765,0.2507596688230121,-0.9999148806869371,0.004144291550503086,0.012276451914182522,0.0015313251684429955,3.744065197849108,0.1517843635032204,1.3266347138584036,0.9957864332051303,0.038016969090479816,-0.0457759898992153,0.06977569959896587
683.2999877929688,779.0999755859375,788.9000244140625,719.5,0.0,37.77980041503906,0.0311090350151062,-0.001437208765792067,-0.0019917715930275496,0.2516505935515044,-0.999890015671412,0.003982823190249225,0.0142314753213732,0.0012485152125826648,3.744065197849108,0.1517843635032204,1.3266347138584036,0.9957864332051303,0.038016969090479816,-0.0457759898992153,0.06977569959896587
683.2999877929688,777.0999755859375,785.9000244140625,718.5,0.0,17.79958724975586,0.015003368258476257,-0.0025351883183059474,-0.0018683716133874476,0.25170784204756536,-0.9998574690802985,0.004276557073162868,0.01627881475456274,0.0013239237616469294,3.744065197849108,0.1517843635032204,1.3266347138584036,0.9957864332051303,0.038016969090479816,-0.0457759898992153,0.06977569959896587
684.2999877929688,780.0999755859375,789.7999877929688,719.5,0.0,41.92134094238281,0.0331977903842926,-0.0033113562269969977,-0.0019016017511057067,0.25197910046258604,-0.9998359611319521,0.004539464054987405,0.017478612308592396,0.001393630225455962,3.744065197849108,0.1517843635032204,1.3266347138584036,0.9957864332051303,0.038016969090479816,-0.0457759898992153,0.06977569959896587
683.2999877929688,778.0999755859375,787.9000244140625,720.4000244140625,0.0,15.49596881866455,0.006639912724494934,-0.004394845392905053,-0.00231856944871442,0.25250862452234535,-0.9997759208142639,0.004333886979841691,0.020596493884514514,0.00226053606518672,3.744065197849108,0.1517843635032204,1.3266347138584036,0.9957864332051303,0.038016969090479816,-0.0457759898992153,0.06977569959896587
683.2999877929688,778.0999755859375,786.9000244140625,715.5,0.0,63.632591247558594,0.06685404479503632,-0.005220226458542571,-0.0025615953651047653,0.25261605535942905,-0.9997539763589425,0.003953953311625935,0.021593415796425434,0.0031744923902039964,3.744065197849108,0.1517843635032204,1.3266347138584036,0.9957864332051303,0.038016969090479816,-0.0457759898992153,0.06977569959896587
683.2999877929688,777.0999755859375,788.9000244140625,720.4000244140625,0.0,9.595908164978027,0.0018234997987747192,-0.0068992876584617405,-0.002340716473688347,0.2534452426294119,-0.9996593598034687,0.004364574075017729,0.025488981452578167,0.003525148929191796,3.744065197849108,0.1517843635032204,1.3266347138584036,0.9957864332051303,0.038016969090479816,-0.0457759898992153,0.06977569959896587
680.4000244140625,774.2000122070312,785.9000244140625,718.5,0.0,1.407322883605957,0.007192373275756836,-0.008444284927355366,-0.002599576440848121,0.2543571445369219,-0.9994889577054081,0.00644121800041666,0.031086513105313657,0.0037366881835421023,3.744065197849108,0.1517843635032204,1.3266347138584036,0.9957864332051303,0.038016969090479816,-0.0457759898992153,0.06977569959896587
680.4000244140625,777.0999755859375,788.9000244140625,716.5,0.0,42.49592971801758,0.022904083132743835,-0.011630719872965782,-0.00208556480140184,0.2554876837148444,-0.9994277300240771,0.006234723299560637,0.03299940265636754,0.0040472346881929595,3.744065197849108,0.1517843635032204,1.3266347138584036,0.9957864332051303,0.038016969090479816,-0.0457759898992153,0.06977569959896587
683.2999877929688,778.0999755859375,786.9000244140625,718.5,0.0,29.992767333984375,0.02464042603969574,-0.014851465901218122,-0.0019513890346404398,0.2565663735824202,-0.9992507538555534,0.00838311606203653,0.03722494259436903,0.006477494349244428,3.744065197849108,0.1517843635032204,1.3266347138584036,0.9957864332051303,0.038016969090479816,-0.0457759898992153,0.06977569959896587
682.2999877929688,779.0999755859375,787.9000244140625,713.5999755859375,0.0,136.2458038330078,0.17506617307662964,-0.01722748777773339,-0.0018142459800871182,0.25792197503344116,-0.9990999394912307,0.010630311203525655,0.03962208333209319,0.0107887860651807,3.744065197849108,0.1517843635032204,1.3266347138584036,0.9957864332051303,0.038016969090479816,-0.0457759898992153,0.06977569959896587
679.4000244140625,779.0999755859375,789.7999877929688,716.5,0.0,61.35147476196289,0.04437442123889923,-0.019675192588831616,-0.0008666607934578654,0.25933900198555604,-0.9988716536914299,0.013348017583539727,0.04302241434941569,0.015043993548413105,3.744065197849108,0.1517843635032204,1.3266347138584036,0.9957864332051303,0.038016969090479816,-0.0457759898992153,0.06977569959896587
684.2999877929688,783.0,789.7999877929688,714.5999755859375,0.0,113.60877990722656,0.1273563951253891,-0.022399577323521852,-0.0005693541724482235,0.2603769679602689,-0.9986923592806951,0.017178481391326394,0.04278869348738542,0.022081643985212052,3.744065197849108,0.1517843635032204,1.3266347138584036,0.9957864332051303,0.038016969090479816,-0.0457759898992153,0.06977569959896587
686.2000122070312,782.0,788.9000244140625,714.5999755859375,0.0,117.50477600097656,0.139374777674675,-0.024974120650957728,0.0004903607119619248,0.2620729601915293,-0.9983844637955311,0.021102472828310695,0.04369488470247114,0.029561886663037544,3.744065197849108,0.1517843635032204,1.3266347138584036,0.9957864332051303,0.038016969090479816,-0.0457759898992153,0.06977569959896587
686.2000122070312,784.0,791.7999877929688,715.5,0.0,77.2403564453125,0.05870860815048218,-0.026152748004836898,0.0005385658692628548,0.2628357340069628,-0.9978545049608907,0.025417468879449744,0.04571765533598863,0.039373026243835596,3.744065197849108,0.1517843635032204,1.3266347138584036,0.9957864332051303,0.038016969090479816,-0.0457759898992153,0.06977569959896587
686.2000122070312,783.0,785.9000244140625,713.5999755859375,0.0,140.692626953125,0.1802484691143036,-0.02830814183051672,0.0008993849381741959,0.26267210913608796,-0.9976400818362999,0.027343622488462015,0.0435636820650572,0.04548405245582187,3.744065197849108,0.1517843635032204,1.3266347138584036,0.9957864332051303,0.038016969090479816,-0.0457759898992153,0.06977569959896587
691.0999755859375,779.0999755859375,784.9000244140625,713.5999755859375,0.0,97.76316833496094,0.12025261670351028,-0.029600848351033323,0.00021443421126434575,0.26232273447798266,-0.9973773418941339,0.02845014032712059,0.04162326344271164,0.051928136226307764,3.744065197849108,0.1517843635032204,1.3266347138584036,0.9957864332051303,0.038016969090479816,-0.0457759898992153,0.06977569959896587
692.0999755859375,782.0,783.0,711.5999755859375,0.0,139.06265258789062,0.16193720698356628,-0.029442862868592996,-0.0013279979880171386,0.26204616177391044,-0.9971910244155671,0.02705823712497077,0.04121763451922412,0.056382791996854136,3.744065197849108,0.1517843635032204,1.3266347138584036,0.9957864332051303,0.038016969090479816,-0.0457759898992153,0.06977569959896587
690.0999755859375,780.0999755859375,784.9000244140625,712.5999755859375,0.0,135.2858428955078,0.17548437416553497,-0.029404847756219533,-0.00342776544095859,0.2605132463846721,-0.9971914165982698,0.025051644002829065,0.036645951795895526,0.06032220165465023,3.744065197849108,0.1517843635032204,1.3266347138584036,0.9957864332051303,0.038016969090479816,-0.0457759898992153,0.06977569959896587
687.2000122070312,781.0,781.0,711.5999755859375,1.0,185.94322204589844,0.2715604305267334,-0.026909019981510175,-0.008868749236441827,0.2571334486136898,-0.9970719723212078,0.01815415997532885,0.030600228582267953,0.06768703345397693,3.744065197849108,0.1517843635032204,1.3266347138584036,0.9957864332051303,0.038016969090479816,-0.0457759898992153,0.06977569959896587
688.2000122070312,784.9000244140625,783.0,708.7000122070312,1.0,259.19439697265625,0.3936811685562134,-0.02495355997403289,-0.014116655116689188,0.2538991247681832,-0.9972850359136632,0.009828803047120872,0.022972845544348777,0.0692690417209579,3.744065197849108,0.1517843635032204,1.3266347138584036,0.9957864332051303,0.038016969090479816,-0.0457759898992153,0.06977569959896587
688.2000122070312,782.0,784.0,712.5999755859375,0.0,157.84243774414062,0.2101447582244873,-0.01787950593549496,-0.018686260121676963,0.2505477439496168,-0.9973980462766194,0.007048330501227403,0.012736078279250959,0.07060630730177737,3.744065197849108,0.1517843635032204,1.3266347138584036,0.9957864332051303,0.038016969090479816,-0.0457759898992153,0.06977569959896587
668.5999755859375,782.0,796.7000122070312,705.7999877929688,0.0,203.42724609375,0.19717173278331757,-0.01329081492590472,-0.019679108591512867,0.24911733707235525,-0.9974422712746018,0.0032705605987070905,0.004606858656570652,0.07125304036497294,3.744065197849108,0.1517843635032204,1.3266347138584036,0.9957864332051303,0.038016969090479816,-0.0457759898992153,0.06977569959896587
689.0999755859375,784.9000244140625,790.7999877929688,729.2000122070312,0.0,16.668941497802734,0.040170297026634216,-0.011849898023247625,-0.01972747019244283,0.2493146967862585,-0.9977187238388574,0.005409675252489743,-0.0019671836986837987,0.06726227548425691,3.744065197849108,0.1517843635032204,1.3266347138584036,0.9957864332051303,0.038016969090479816,-0.0457759898992153,0.06977569959896587
687.2000122070312,769.2999877929688,791.7999877929688,745.7999877929688,0.0,20.05986213684082,-0.04958359897136688,-0.013378154721603284,-0.020317231697200757,0.24937259067902115,-0.9977121760216561,0.00708903378725689,-0.000989343462425123,0.06722485119067567,3.744065197849108,0.1517843635032204,1.3266347138584036,0.9957864332051303,0.038016969090479816,-0.0457759898992153,0.06977569959896587
689.0999755859375,789.7999877929688,795.7000122070312,724.2999877929688,0.0,8.52444076538086,0.006064131855964661,-0.014312196031437184,-0.02013107886618077,0.2491339481168738,-0.9976569915132225,0.006693477953034787,0.004715402056936458,0.06792267383664832,3.744065197849108,0.1517843635032204,1.3266347138584036,0.9957864332051303,0.038016969090479816,-0.0457759898992153,0.06977569959896587
694.0,787.9000244140625,792.7999877929688,712.5999755859375,0.0,83.204345703125,0.042616188526153564,-0.014379835563571561,-0.020158303652961534,0.24884681770626046,-0.9975959504112001,0.006284622010818215,0.00778360375787704,0.06857287190935013,3.744065197849108,0.1517843635032204,1.3266347138584036,0.9957864332051303,0.038016969090479816,-0.0457759898992153,0.06977569959896587
689.0999755859375,782.0,793.7000122070312,713.5999755859375,0.0,84.5866470336914,0.07772251963615417,-0.015221360555539843,-0.01993059553303808,0.24887124986384537,-0.997625406105768,0.005793394444468006,0.0065948737043590965,0.0683117362825455,3.744065197849108,0.1517843635032204,1.3266347138584036,0.9957864332051303,0.038016969090479816,-0.0457759898992153,0.06977569959896587
690.0999755859375,787.9000244140625,794.7000122070312,725.2999877929688,0.0,8.580424308776855,0.01957954466342926,-0.014478140706160693,-0.02003103561269532,0.24939863976854168,-0.9975980655929841,0.007144844366384843,0.005666366317076408,0.06866544266861598,3.744065197849108,0.1517843635032204,1.3266347138584036,0.9957864332051303,0.038016969090479816,-0.0457759898992153,0.06977569959896587
692.0999755859375,783.0,795.7000122070312,725.2999877929688,0.0,356.8704528808594,-0.01485125720500946,-0.013529762938240214,-0.02052240512494843,0.24926977771240427,-0.9976100326154682,0.006727972566712206,0.003922389935767148,0.06865545912233022,3.744065197849108,0.1517843635032204,1.3266347138584036,0.9957864332051303,0.038016969090479816,-0.0457759898992153,0.06977569959896587
691.0999755859375,781.0,785.9000244140625,716.5,0.0,46.66502380371094,0.035738810896873474,-0.013914011975675303,-0.02037595634221999,0.24896935553525532,-0.9976142971504114,0.006084007948243768,0.005656783230289109,0.0685324723898235,3.744065197849108,0.1517843635032204,1.3266347138584036,0.9957864332051303,0.038016969090479816,-0.0457759898992153,0.06977569959896587
684.2999877929688,777.0999755859375,793.7000122070312,716.5,0.0,3.821096420288086,-0.0016760826110839844,-0.015502351545205142,-0.019663845698536853,0.24919335564070483,-0.9976507201762408,0.006434820674917342,0.007493400656154564,0.06778998865110017,3.744065197849108,0.1517843635032204,1.3266347138584036,0.9957864332051303,0.038016969090479816,-0.0457759898992153,0.06977569959896587
684.2999877929688,782.0,797.7000122070312,719.5,0.0,3.100665807723999,-0.006072938442230225,-0.01565097581201475,-0.019504617691025426,0.2496272736787219,-0.9976507427077848,0.007514576836742046,0.006634236285861945,0.06776808702091151,3.744065197849108,0.1517843635032204,1.3266347138584036,0.9957864332051303,0.038016969090479816,-0.0457759898992153,0.06977569959896587
689.0999755859375,782.0,792.7999877929688,726.2999877929688,0.0,359.21673583984375,0.00026638805866241455,-0.015365185436753463,-0.019349884804781524,0.24933836794873804,-0.99762809097119,0.008086314146514418,0.007265057568453439,0.067970747878997,3.744065197849108,0.1517843635032204,1.3266347138584036,0.9957864332051303,0.038016969090479816,-0.0457759898992153,0.06977569959896587
687.2000122070312,777.0999755859375,787.9000244140625,717.5,0.0,21.096765518188477,0.012729182839393616,-0.014910323876469766,-0.01958333739952811,0.24886140168296153,-0.9976257246336461,0.007501836137006267,0.00646613883029876,0.06815295336515946,3.744065197849108,0.1517843635032204,1.3266347138584036,0.9957864332051303,0.038016969090479816,-0.0457759898992153,0.06977569959896587
684.2999877929688,777.0999755859375,784.9000244140625,716.5,0.0,33.73918914794922,0.04033009707927704,-0.013823917673095402,-0.020681245749698648,0.249131169511744,-0.9976430336671057,0.005386198571719924,0.005084583319875643,0.06821666404115402,3.744065197849108,0.1517843635032204,1.3266347138584036,0.9957864332051303,0.038016969090479816,-0.0457759898992153,0.06977569959896587
685.2000122070312,779.0999755859375,793.7000122070312,718.5,0.0,2.9280388355255127,-0.00042372941970825195,-0.013783962828377325,-0.020547364043046183,0.24928215330910333,-0.9976313335456202,0.005807587152013288,0.004716501409284013,0.06837944774503232,3.744065197849108,0.1517843635032204,1.3266347138584036,0.9957864332051303,0.038016969090479816,-0.0457759898992153,0.06977569959896587
685.2000122070312,778.0999755859375,790.7999877929688,725.2999877929688,0.0,0.4599076509475708,0.0010875910520553589,-0.013730862018723625,-0.02033608565364743,0.2495015521077183,-0.997623850683272,0.00646357906521107,0.004331013216631087,0.068455219071053,3.744065197849108,0.1517843635032204,1.3266347138584036,0.9957864332051303,0.038016969090479816,-0.0457759898992153,0.06977569959896587
685.2000122070312,777.0999755859375,789.7999877929688,719.5,0.0,7.7516913414001465,-0.0018298476934432983,-0.013628065337048818,-0.020585848583178537,0.24934326677345336,-0.9976454635464429,0.007249110749914274,0.0037482011704083598,0.06809501043780583,3.744065197849108,0.1517843635032204,1.3266347138584036,0.9957864332051303,0.038016969090479816,-0.0457759898992153,0.06977569959896587
684.2999877929688,779.0999755859375,783.0,722.4000244140625,0.0,26.35773468017578,0.05386631190776825,-0.013777523848799366,-0.02042976614318063,0.2493595961365883,-0.9976403392326495,0.006495352990859066,0.004742452394565797,0.06818411156987712,3.744065197849108,0.1517843635032204,1.3266347138584036,0.9957864332051303,0.038016969090479816,-0.0457759898992153,0.06977569959896587
686.2000122070312,780.0999755859375,789.7999877929688,720.4000244140625,0.0,31.47698402404785,0.023166388273239136,-0.01394010872789658,-0.02051774047683111,0.24936112082788608,-0.9976282522860063,0.005811431896973961,0.0050137063188762584,0.0684029257343848,3.744065197849108,0.1517843635032204,1.3266347138584036,0.9957864332051303,0.038016969090479816,-0.0457759898992153,0.06977569959896587
684.2999877929688,778.0999755859375,785.9000244140625,722.4000244140625,0.0,3.6737518310546875,0.011601999402046204,-0.013754623922521669,-0.020599191441001002,0.24939533575560716,-0.9976375267202413,0.006585671487717359,0.004869917178673902,0.06820761040564899,3.744065197849108,0.1517843635032204,1.3266347138584036,0.9957864332051303,0.038016969090479816,-0.0457759898992153,0.06977569959896587
684.2999877929688,780.0999755859375,788.9000244140625,719.5,0.0,50.47273635864258,0.05287119746208191,-0.013385715852747098,-0.020648870154175235,0.24908749204751338,-0.9976395401702602,0.006939708564413767,0.003234451013161402,0.06824021292871302,3.744065197849108,0.1517843635032204,1.3266347138584036,0.9957864332051303,0.038016969090479816,-0.0457759898992153,0.06977569959896587
683.2999877929688,776.0999755859375,785.9000244140625,718.5,0.0,6.222912788391113,0.006701529026031494,-0.01357745616773184,-0.020179361235981106,0.24905938510693262,-0.9977026462946745,0.00568687856243217,0.002533834622912571,0.06745864415272278,3.744065197849108,0.1517843635032204,1.3266347138584036,0.9957864332051303,0.038016969090479816,-0.0457759898992153,0.06977569959896587
682.2999877929688,773.2000122070312,788.9000244140625,720.4000244140625,0.0,359.9812927246094,0.00047363340854644775,-0.013650147263169125,-0.020250500420383264,0.24891829124846152,-0.9977381077096318,0.005097943834438329,0.0022324113111340223,0.06699026595261517,3.744065197849108,0.1517843635032204,1.3266347138584036,0.9957864332051303,0.038016969090479816,-0.0457759898992153,0.06977569959896587
681.2999877929688,778.0999755859375,790.7999877929688,720.4000244140625,0.0,9.843852043151855,-0.0014735162258148193,-0.013288705436117995,-0.020406936729218866,0.24934659123527136,-0.9977018067923378,0.005903411250474772,0.0033184608528253855,0.0674184119991043,3.744065197849108,0.1517843635032204,1.3266347138584036,0.9957864332051303,0.038016969090479816,-0.0457759898992153,0.06977569959896587
682.2999877929688,778.0999755859375,790.7999877929688,718.5,0.0,16.972009658813477,-0.003904670476913452,-0.013375978412405167,-0.020333235586582767,0.24950002395585308,-0.9976710637645302,0.006889771822211314,0.0033659200595990697,0.0677764719747293,3.744065197849108,0.1517843635032204,1.3266347138584036,0.9957864332051303,0.038016969090479816,-0.0457759898992153,0.06977569959896587
678.4000244140625,773.2000122070312,781.0,718.5,0.0,17.10463523864746,0.07429490983486176,-0.012974706046712168,-0.020626634024409434,0.2492870143235673,-0.9976981113787572,0.0065099607220107745,0.0025201801319323426,0.06745181728286842,3.744065197849108,0.1517843635032204,1.3266347138584036,0.9957864332051303,0.038016969090479816,-0.0457759898992153,0.06977569959896587
682.2999877929688,778.0999755859375,783.0,722.4000244140625,0.0,13.176681518554688,0.03358006477355957,-0.013116165402458621,-0.02021315134951119,0.2489631099708911,-0.9977857520208058,0.005350816850210283,0.0013347721155883066,0.0662810697462726,3.744065197849108,0.1517843635032204,1.3266347138584036,0.9957864332051303,0.038016969090479816,-0.0457759898992153,0.06977569959896587
680.4000244140625,779.0999755859375,787.9000244140625,722.4000244140625,0.0,19.960805892944336,0.01628050208091736,-0.013071639550829616,-0.02014420458328066,0.24883094386484986,-0.9977928021452322,0.005710816702624697,0.0011376007765233264,0.06614844234166019,3.744065197849108,0.1517843635032204,1.3266347138584036,0.9957864332051303,0.038016969090479816,-0.0457759898992153,0.06977569959896587
683.2999877929688,775.2000122070312,786.9000244140625,721.4000244140625,0.0,0.12906253337860107,0.0017546266317367554,-0.012769194938900993,-0.020527060587650865,0.24914673802496076,-0.99772270856181,0.006854247384227611,0.0019821329352991573,0.06707076309322997,3.744065197849108,0.1517843635032204,1.3266347138584036,0.9957864332051303,0.038016969090479816,-0.0457759898992153,0.06977569959896587
683.2999877929688,777.0999755859375,785.9000244140625,716.5,0.0,33.97993469238281,0.030999884009361267,-0.012635228141120069,-0.020484025130401498,0.24941455553209463,-0.997734392806537,0.007509650245473112,0.0020453562895430687,0.06682441980152523,3.744065197849108,0.1517843635032204,1.3266347138584036,0.9957864332051303,0.038016969090479816,-0.0457759898992153,0.06977569959896587
679.4000244140625,777.0999755859375,787.9000244140625,721.4000244140625,0.0,9.741686820983887,0.003955766558647156,-0.012429397221620831,-0.020441857559010193,0.2493419393992041,-0.9978001996857966,0.006542357791416726,0.0019883166444369066,0.06593940899367352,3.744065197849108,0.1517843635032204,1.3266347138584036,0.9957864332051303,0.038016969090479816,-0.0457759898992153,0.06977569959896587
680.4000244140625,773.2000122070312,788.9000244140625,718.5,0.0,5.5230278968811035,0.0018611103296279907,-0.012218980116299315,-0.020132064248122056,0.24900566755705394,-0.9979247045680343,0.005868609727274063,0.00016155181981749263,0.0641234538502096,3.744065197849108,0.1517843635032204,1.3266347138584036,0.9957864332051303,0.038016969090479816,-0.0457759898992153,0.06977569959896587
680.4000244140625,773.2000122070312,787.9000244140625,719.5,0.0,0.9102988243103027,0.0045176297426223755,-0.011881221903456658,-0.020108290443068357,0.2491789799484042,-0.9979398365135376,0.006523743977309935,-0.00042145664497418675,0.06382276896334924,3.744065197849108,0.1517843635032204,1.3266347138584036,0.9957864332051303,0.038016969090479816,-0.0457759898992153,0.06977569959896587
680.4000244140625,771.2999877929688,789.7999877929688,718.5,0.0,1.7421376705169678,-0.0017112791538238525,-0.011736221487008562,-0.019955122763102007,0.24955798809616592,-0.9979564695350882,0.0073838756940645695,-0.0009762840994588937,0.0634618795983402,3.744065197849108,0.1517843635032204,1.3266347138584036,0.9957864332051303,0.038016969090479816,-0.0457759898992153,0.06977569959896587
678.4000244140625,773.2000122070312,785.9000244140625,715.5,0.0,36.01361846923828,0.0448450893163681,-0.011226572612120466,-0.019349303118452496,0.24925487114899822,-0.9980412223816812,0.007333391136211224,-0.0011737495776507772,0.062117325387140196,3.744065197849108,0.1517843635032204,1.3266347138584036,0.9957864332051303,0.038016969090479816,-0.0457759898992153,0.06977569959896587
680.4000244140625,776.0999755859375,785.9000244140625,717.5,0.0,19.672412872314453,0.012775078415870667,-0.010227883157378461,-0.018667415955661164,0.2500830738691809,-0.9981838441162999,0.008863984926976981,-0.001838514492664047,0.05955722442224024,3.744065197849108,0.1517843635032204,1.3266347138584036,0.9957864332051303,0.038016969090479816,-0.0457759898992153,0.06977569959896587
680.4000244140625,774.2000122070312,787.9000244140625,719.5,0.0,1.0780549049377441,0.004314973950386047,-0.009688234615784315,-0.018166922975415268,0.25023880468398996,-0.998260543221412,0.009405490851973917,-0.0021269075874382555,0.05816271016071459,3.744065197849108,0.1517843635032204,1.3266347138584036,0.9957864332051303,0.038016969090479816,-0.0457759898992153,0.06977569959896587
680.4000244140625,775.2000122070312,786.9000244140625,720.4000244140625,0.0,0.9662443399429321,0.004640012979507446,-0.008441662188077475,-0.017745416884987944,0.2505581494612981,-0.9984068690169238,0.01129388201111518,-0.0038876422421633703,0.05514579192231703,3.744065197849108,0.1517843635032204,1.3266347138584036,0.9957864332051303,0.038016969090479816,-0.0457759898992153,0.06977569959896587
680.4000244140625,775.2000122070312,785.9000244140625,718.5,0.0,3.642622232437134,0.006881296634674072,-0.007229985748199859,-0.017781204701695245,0.2514652215075249,-0.9984594344995643,0.013261085442765233,-0.003370524158389029,0.053773049370365734,3.744065197849108,0.1517843635032204,1.3266347138584036,0.9957864332051303,0.038016969090479816,-0.0457759898992153,0.06977569959896587
682.2999877929688,774.2000122070312,780.0999755859375,719.5,0.0,25.160667419433594,0.10026107728481293,-0.005854122620191339,-0.0171209893676645,0.25166396681420594,-0.9986900982615892,0.014253673724019903,-0.0043418574100646985,0.048949654685784834,3.744065197849108,0.1517843635032204,1.3266347138584036,0.9957864332051303,0.038016969090479816,-0.0457759898992153,0.06977569959896587
681.2999877929688,774.2000122070312,785.9000244140625,720.4000244140625,0.0,0.7579171657562256,0.00513187050819397,-0.005037947350174234,-0.0168827606301106,0.25181746721237686,-0.9988670409258532,0.014855348597891933,-0.004366185370296195,0.04499877326524803,3.744065197849108,0.1517843635032204,1.3266347138584036,0.9957864332051303,0.038016969090479816,-0.0457759898992153,0.06977569959896587
679.4000244140625,775.2000122070312,785.9000244140625,720.4000244140625,0.0,1.4976650476455688,0.007543891668319702,-0.0043913933892997924,-0.017210373337606742,0.25184680100719065,-0.9991216958110811,0.014282902086857764,-0.004005487481154018,0.039189178833003706,3.744065197849108,0.1517843635032204,1.3266347138584036,0.9957864332051303,0.038016969090479816,-0.0457759898992153,0.06977569959896587
681.2999877929688,775.2000122070312,784.9000244140625,719.5,0.0,1.3702279329299927,0.007198050618171692,-0.004511025958715978,-0.01777551100437419,0.25168500920821246,-0.9992464660975319,0.013363551075793628,-0.004100998942185195,0.03620907761756584,3.744065197849108,0.1517843635032204,1.3266347138584036,0.9957864332051303,0.038016969090479816,-0.0457759898992153,0.06977569959896587
682.2999877929688,773.2000122070312,784.0,718.5,0.0,5.081750869750977,0.024932071566581726,-0.004311775828026755,-0.02030610509310816,0.2506832079639317,-0.999365933620427,0.01016163054708469,-0.0035267896565559158,0.03394162250563679,3.744065197849108,0.1517843635032204,1.3266347138584036,0.9957864332051303,0.038016969090479816,-0.0457759898992153,0.06977569959896587
684.2999877929688,776.0999755859375,782.0,718.5,0.0,19.4919376373291,0.045671895146369934,-0.004387697136002381,-0.02357508673270016,0.24955254179731362,-0.9994322949952229,0.003706999679601358,-0.003037758159926509,0.03334843173702547,3.744065197849108,0.1517843635032204,1.3266347138584036,0.9957864332051303,0.038016969090479816,-0.0457759898992153,0.06977569959896587
682.2999877929688,773.2000122070312,783.0,716.5,0.0,18.289541244506836,0.0712750107049942,-0.0048108407922993895,-0.023932968475031978,0.24944142829683166,-0.999435339244587,0.0034613003611923886,-0.0024322259502176373,0.033333261853501606,3.744065197849108,0.1517843635032204,1.3266347138584036,0.9957864332051303,0.038016969090479816,-0.0457759898992153,0.06977569959896587
679.4000244140625,770.2999877929688,787.9000244140625,716.5,0.0,18.861934661865234,0.020722970366477966,-0.004981404894226515,-0.024276590338854136,0.24978223253263457,-0.9994644440881565,0.0027356213219222555,-0.0006664819116744416,0.03260210394125865,3.744065197849108,0.1517843635032204,1.3266347138584036,0.9957864332051303,0.038016969090479816,-0.0457759898992153,0.06977569959896587
679.4000244140625,777.0999755859375,784.9000244140625,717.5,0.0,36.1329460144043,0.03580865263938904,-0.004548285236696287,-0.024241328500658955,0.2498812834679107,-0.999472588495875,0.00447314644546883,-0.0009377007704062666,0.03215052913247659,3.744065197849108,0.1517843635032204,1.3266347138584036,0.9957864332051303,0.038016969090479816,-0.0457759898992153,0.06977569959896587
685.2000122070312,779.0999755859375,784.9000244140625,713.5999755859375,0.0,129.2034912109375,0.18113578855991364,-0.004145885669725957,-0.023983189397792475,0.2498066623608124,-0.9994929928187276,0.004639316472494074,-0.00255854552994276,0.03139566679817699,3.744065197849108,0.1517843635032204,1.3266347138584036,0.9957864332051303,0.038016969090479816,-0.0457759898992153,0.06977569959896587
683.2999877929688,777.0999755859375,785.9000244140625,716.5,0.0,33.97993469238281,0.030999884009361267,-0.004040568564464043,-0.02384310400021826,0.2496893123213503,-0.9994902747883322,0.0034166796204369286,-0.004277251436824528,0.031451900166155865,3.744065197849108,0.1517843635032204,1.3266347138584036,0.9957864332051303,0.038016969090479816,-0.0457759898992153,0.06977569959896587
682.2999877929688,776.0999755859375,785.9000244140625,713.5999755859375,0.0,108.45684051513672,0.16483676433563232,-0.0033555834684922676,-0.02415250911738892,0.24966858201320502,-0.9994879894331187,0.0027679925187762402,-0.005668373359379738,0.03136824413027644,3.744065197849108,0.1517843635032204,1.3266347138584036,0.9957864332051303,0.038016969090479816,-0.0457759898992153,0.06977569959896587
681.2999877929688,777.0999755859375,786.9000244140625,715.5,0.0,56.93350601196289,0.053527623414993286,-0.0020952131726424406,-0.024833128829632484,0.25077763169010114,-0.9995100216404802,0.003924506602443056,-0.007093184290450563,0.030232459787385292,3.744065197849108,0.1517843635032204,1.3266347138584036,0.9957864332051303,0.038016969090479816,-0.0457759898992153,0.06977569959896587
685.2000122070312,777.0999755859375,786.9000244140625,717.5,0.0,22.327882766723633,0.01646670699119568,-0.001108753983878079,-0.025132725994924318,0.2508217392200938,-0.99955346996239,0.003626574799755477,-0.0070313344445499595,0.02881438837275987,3.744065197849108,0.1517843635032204,1.3266347138584036,0.9957864332051303,0.038016969090479816,-0.0457759898992153,0.06977569959896587
682.2999877929688,776.0999755859375,786.9000244140625,718.5,0.0,9.60758113861084,0.0040861815214157104,-0.0003067679365561433,-0.025359108459008333,0.2505604023101977,-0.9996311803147011,0.0028379733001090324,-0.008413496516713486,0.02566441751820347,3.744065197849108,0.1517843635032204,1.3266347138584036,0.9957864332051303,0.038016969090479816,-0.0457759898992153,0.06977569959896587
676.4000244140625,770.2999877929688,786.9000244140625,716.5,0.0,23.8266658782959,0.028921768069267273,0.0004281304107922215,-0.02614782353825447,0.2511610292927652,-0.9996422644957097,0.002159334529285576,-0.009729434341326573,0.024819718283617936,3.744065197849108,0.1517843635032204,1.3266347138584036,0.9957864332051303,0.038016969090479816,-0.0457759898992153,0.06977569959896587
681.2999877929688,770.2999877929688,784.9000244140625,716.5,0.0,14.489171981811523,0.05605939030647278,0.0009917979839704776,-0.026863033383720678,0.2516300257448609,-0.9996434052174697,0.00229235109343364,-0.01212350243385323,0.02368181201729668,3.744065197849108,0.1517843635032204,1.3266347138584036,0.9957864332051303,0.038016969090479816,-0.0457759898992153,0.06977569959896587
680.4000244140625,773.2000122070312,784.9000244140625,717.5,0.0,98.19432067871094,0.17806559801101685,0.002593084121142273,-0.02776062867285362,0.2524668557020409,-0.9996948177075324,0.003002267142309537,-0.016515495877569942,0.01812446514045817,3.744065197849108,0.1517843635032204,1.3266347138584036,0.9957864332051303,0.038016969090479816,-0.0457759898992153,0.06977569959896587
681.2999877929688,770.2999877929688,786.9000244140625,717.5,0.0,5.15909481048584,0.015126168727874756,0.003830910410455558,-0.028570253580507424,0.2525338868542009,-0.9996838260039312,0.002666849190303931,-0.01836826680602242,0.016962980754588766,3.744065197849108,0.1517843635032204,1.3266347138584036,0.9957864332051303,0.038016969090479816,-0.0457759898992153,0.06977569959896587
681.2999877929688,770.2999877929688,786.9000244140625,717.5,0.0,7.362041473388672,0.019848138093948364,0.0039891668228066585,-0.02876603241223579,0.2526124226550467,-0.9996813633407017,0.00267619817932627,-0.018448550098101556,0.017019422782775438,3.744065197849108,0.1517843635032204,1.3266347138584036,0.9957864332051303,0.038016969090479816,-0.0457759898992153,0.06977569959896587
676.4000244140625,774.2000122070312,786.9000244140625,716.5,0.0,20.960634231567383,0.010691031813621521,0.004608297383254583,-0.028820621998289876,0.25278663870301366,-0.9996652055521246,0.0019232907210254971,-0.019347437832679813,0.01707203592256877,3.744065197849108,0.1517843635032204,1.3266347138584036,0.9957864332051303,0.038016969090479816,-0.0457759898992153,0.06977569959896587
679.4000244140625,774.2000122070312,785.9000244140625,717.5,0.0,7.55859899520874,0.007717981934547424,0.0051229289012071615,-0.02872653392216642,0.25348186990828664,-0.9996558655280052,0.002031569259687958,-0.01993650029911093,0.016928059475958258,3.744065197849108,0.1517843635032204,1.3266347138584036,0.9957864332051303,0.038016969090479816,-0.0457759898992153,0.06977569959896587
680.4000244140625,771.2999877929688,785.9000244140625,719.5,0.0,2.0580859184265137,0.012249112129211426,0.005394132103915686,-0.028651306771160488,0.253587034585102,-0.9996322001102129,0.0022040393621883558,-0.020556668571175378,0.017550786038243924,3.744065197849108,0.1517843635032204,1.3266347138584036,0.9957864332051303,0.038016969090479816,-0.0457759898992153,0.06977569959896587
680.4000244140625,769.2999877929688,784.0,719.5,0.0,11.39234733581543,0.071979820728302,0.0061174872871350315,-0.02878166499142009,0.25370197027712393,-0.9996765300194776,0.0026441912176090984,-0.020062597874656012,0.01540570503226174,3.744065197849108,0.1517843635032204,1.3266347138584036,0.9957864332051303,0.038016969090479816,-0.0457759898992153,0.06977569959896587
680.4000244140625,769.2999877929688,783.0,719.5,0.0,15.937564849853516,0.09177947044372559,0.006640023409802803,-0.028604626407519262,0.25317702661654606,-0.9997375687312614,0.0022471223546692556,-0.019534780940706643,0.011753146048117766,3.744065197849108,0.1517843635032204,1.3266347138584036,0.9957864332051303,0.038016969090479816,-0.0457759898992153,0.06977569959896587
681.2999877929688,771.2999877929688,786.9000244140625,719.5,0.0,0.9694951772689819,0.006825938820838928,0.006768554802964741,-0.02914731015937232,0.2527182044530188,-0.9998021642995784,0.002740203479182175,-0.017866804584592413,0.008300653028981766,3.744065197849108,0.1517843635032204,1.3266347138584036,0.9957864332051303,0.038016969090479816,-0.0457759898992153,0.06977569959896587
679.4000244140625,773.2000122070312,784.0,718.5,0.0,3.376075029373169,0.015474140644073486,0.006820748639477496,-0.030259547361160766,0.2521365848413597,-0.9998668735607323,0.002419534241174118,-0.015993286218195533,0.002143783077995288,3.744065197849108,0.1517843635032204,1.3266347138584036,0.9957864332051303,0.038016969090479816,-0.0457759898992153,0.06977569959896587
679.4000244140625,769.2999877929688,784.9000244140625,717.5,0.0,13.515364646911621,0.05943256616592407,0.007539927912233763,-0.031687858566163456,0.2512963599677004,-0.999926570535927,0.0030949969617464546,-0.010830268670448631,-0.004469878140702255,3.744065197849108,0.1517843635032204,1.3266347138584036,0.9957864332051303,0.038016969090479816,-0.0457759898992153,0.06977569959896587
681.2999877929688,770.2999877929688,782.0,720.4000244140625,0.0,17.48389434814453,0.0939396470785141,0.006814241814912029,-0.032812109426789374,0.2506815586368401,-0.9998856481078789,0.0029629641413505443,-0.008732647399524314,-0.011985508782680388,3.744065197849108,0.1517843635032204,1.3266347138584036,0.9957864332051303,0.038016969090479816,-0.0457759898992153,0.06977569959896587
681.2999877929688,774.2000122070312,783.0,721.4000244140625,0.0,3.351473808288574,0.019565731287002563,0.00716838564806262,-0.03463985751511532,0.24981969206989635,-0.9998103348238537,0.002373302967390723,-0.0020237139479713858,-0.019224109713991015,3.744065197849108,0.1517843635032204,1.3266347138584036,0.9957864332051303,0.038016969090479816,-0.0457759898992153,0.06977569959896587
679.4000244140625,773.2000122070312,789.7999877929688,719.5,0.0,1.3269639015197754,0.00041522085666656494,0.005561967613982562,-0.03687864384188686,0.2492460000051503,-0.9995147097380266,0.0020415215657038585,0.001971175774724311,-0.031020826440803305,3.744065197849108,0.1517843635032204,1.3266347138584036,0.9957864332051303,0.038016969090479816,-0.0457759898992153,0.06977569959896587
681.2999877929688,773.2000122070312,785.9000244140625,712.5999755859375,0.0,140.29087829589844,0.25405189394950867,0.004951130983163575,-0.03837481528616975,0.24989213192117501,-0.9993444145830384,-0.00025031398715201844,0.004344741546094566,-0.035941641663813376,3.744065197849108,0.1517843635032204,1.3266347138584036,0.9957864332051303,0.038016969090479816,-0.0457759898992153,0.06977569959896587
680.4000244140625,777.0999755859375,784.9000244140625,718.5,0.0,24.996278762817383,0.02486550807952881,0.0034803013744278185,-0.03894355625790267,0.25073249302990125,-0.9990978143030947,7.642497840623954e-06,0.003918097445073864,-0.04228718374143681,3.744065197849108,0.1517843635032204,1.3266347138584036,0.9957864332051303,0.038016969090479816,-0.0457759898992153,0.06977569959896587
682.2999877929688,779.0999755859375,789.7999877929688,721.4000244140625,0.0,18.022491455078125,0.004682973027229309,0.0023728635150533743,-0.04008172524908267,0.2520924013523417,-0.9988757772265411,0.00010249020127919272,0.007940456167484018,-0.04673457308764451,3.744065197849108,0.1517843635032204,1.3266347138584036,0.9957864332051303,0.038016969090479816,-0.0457759898992153,0.06977569959896587
682.2999877929688,777.0999755859375,788.9000244140625,718.5,0.0,23.12015151977539,0.00646093487739563,0.001136621418135024,-0.04200706460527844,0.2543322129649561,-0.9984299113986701,0.004589236292869463,0.009989824122946448,-0.054925898706210716,3.744065197849108,0.1517843635032204,1.3266347138584036,0.9957864332051303,0.038016969090479816,-0.0457759898992153,0.06977569959896587
680.4000244140625,770.2999877929688,785.9000244140625,716.5,0.0,15.954779624938965,0.032510221004486084,-0.0010471857821606817,-0.04335870124065364,0.2574077181994109,-0.997916957526885,0.00881058455885476,0.010123422758108439,-0.06310020437111959,3.744065197849108,0.1517843635032204,1.3266347138584036,0.9957864332051303,0.038016969090479816,-0.0457759898992153,0.06977569959896587
680.4000244140625,776.0999755859375,787.9000244140625,717.5,0.0,22.062978744506836,0.006524667143821716,-0.004668193166522272,-0.04486076511267802,0.26189220854251805,-0.9972760488155551,0.013866912124260722,0.009047250177233991,-0.07187724585154431,3.744065197849108,0.1517843635032204,1.3266347138584036,0.9957864332051303,0.038016969090479816,-0.0457759898992153,0.06977569959896587
680.4000244140625,775.2000122070312,785.9000244140625,723.4000244140625,0.0,0.6722420454025269,0.004831477999687195,-0.005906971101115219,-0.04491430768258493,0.2630944480796993,-0.9971192319538421,0.013827226411729433,0.007848325031656197,-0.07416501110184143,3.744065197849108,0.1517843635032204,1.3266347138584036,0.9957864332051303,0.038016969090479816,-0.0457759898992153,0.06977569959896587
680.4000244140625,774.2000122070312,784.9000244140625,721.4000244140625,0.0,1.0071104764938354,0.007489204406738281,-0.010086596458043792,-0.04657966668913684,0.2665875488758538,-0.9965032296285601,0.014975522097923516,0.0017232973898718904,-0.08218319368246704,3.744065197849108,0.1517843635032204,1.3266347138584036,0.9957864332051303,0.038016969090479816,-0.0457759898992153,0.06977569959896587
681.2999877929688,769.2999877929688,784.0,719.5,0.0,12.19784927368164,0.07446072995662689,-0.013060661321942196,-0.04718846387847667,0.2681694649366487,-0.9961139089734772,0.014936082507558493,-0.0016412085104431705,-0.08678306415155036,3.744065197849108,0.1517843635032204,1.3266347138584036,0.9957864332051303,0.038016969090479816,-0.0457759898992153,0.06977569959896587
677.4000244140625,775.2000122070312,783.0,723.4000244140625,0.0,1.856614351272583,0.013124838471412659,-0.01843111145263378,-0.04783238930987139,0.2701864092749799,-0.9955938981300698,0.007881668581018027,-0.007539090811235232,-0.09313340655367093,3.744065197849108,0.1517843635032204,1.3266347138584036,0.9957864332051303,0.038016969090479816,-0.0457759898992153,0.06977569959896587
681.2999877929688,774.2000122070312,785.9000244140625,720.4000244140625,0.0,0.7579171657562256,0.00513187050819397,-0.02377715609213165,-0.04847045102096551,0.2712599377360377,-0.9950262780809537,0.004603210789105579,-0.011505677842408751,-0.09883893846143121,3.744065197849108,0.1517843635032204,1.3266347138584036,0.9957864332051303,0.038016969090479816,-0.0457759898992153,0.06977569959896587
679.4000244140625,774.2000122070312,781.0,717.5,0.0,21.211978912353516,0.0803239643573761,-0.025941388001980325,-0.04938234064753439,0.272076795986825,-0.9947966929947591,0.003678496713827207,-0.011729276280861277,-0.10113571251810424,3.744065197849108,0.1517843635032204,1.3266347138584036,0.9957864332051303,0.038016969090479816,-0.0457759898992153,0.06977569959896587
679.4000244140625,775.2000122070312,784.0,719.5,0.0,2.4258005619049072,0.011861070990562439,-0.030659196036626306,-0.049953902168827245,0.27532147109421967,-0.9944390640145987,-0.0026633727211079787,-0.013690280346845735,-0.10438596951478844,3.744065197849108,0.1517843635032204,1.3266347138584036,0.9957864332051303,0.038016969090479816,-0.0457759898992153,0.06977569959896587
680.4000244140625,771.2999877929688,786.9000244140625,719.5,0.0,1.4495301246643066,0.008723348379135132,-0.034358938728558296,-0.05108469941219959,0.27848110828410094,-0.9941427679061471,-0.0025700857125523966,-0.013789685856471006,-0.10716060956953649,3.744065197849108,0.1517843635032204,1.3266347138584036,0.9957864332051303,0.038016969090479816,-0.0457759898992153,0.06977569959896587
679.4000244140625,773.2000122070312,784.0,718.5,1.0,236.52105712890625,0.47862064838409424,-0.039610854659085086,-0.053029698552921466,0.2854285673427363,-0.9938842956893008,-0.005036176351734794,-0.012366563563393851,-0.10961620234057343,3.744065197849108,0.1517843635032204,1.3266347138584036,0.9957864332051303,0.038016969090479816,-0.0457759898992153,0.06977569959896587
679.4000244140625,773.2000122070312,784.0,718.5,0.0,3.376075029373169,0.015474140644073486,-0.03998832227661853,-0.053340935313980084,0.2863450255024117,-0.9938445551008201,-0.004919772241277484,-0.011437273002230186,-0.1100817192989802,3.744065197849108,0.1517843635032204,1.3266347138584036,0.9957864332051303,0.038016969090479816,-0.0457759898992153,0.06977569959896587
678.4000244140625,774.2000122070312,787.9000244140625,719.5,0.0,4.839043140411377,0.006259128451347351,-0.04341873167741049,-0.05551348895540573,0.2936066109236579,-0.9939239898524261,-0.0021800360495307577,-0.010305990600723661,-0.10956338985443445,3.744065197849108,0.1517843635032204,1.3266347138584036,0.9957864332051303,0.038016969090479816,-0.0457759898992153,0.06977569959896587
679.4000244140625,771.2999877929688,784.9000244140625,715.5,0.0,37.6806640625,0.0690254271030426,-0.04772245878381762,-0.058449969533413935,0.3044410938839174,-0.9939168215769872,-0.0016709286545057921,-0.0077152421208983935,-0.1098500560889558,3.744065197849108,0.1517843635032204,1.3266347138584036,0.9957864332051303,0.038016969090479816,-0.0457759898992153,0.06977569959896587
680.4000244140625,773.2000122070312,783.0,716.5,0.0,16.761796951293945,0.05920794606208801,-0.04882466693637366,-0.060276222882113574,0.3102682400289543,-0.9940855644605252,9.552125524864719e-05,-0.005435658960280413,-0.10846351929822563,3.744065197849108,0.1517843635032204,1.3266347138584036,0.9957864332051303,0.038016969090479816,-0.0457759898992153,0.06977569959896587
679.4000244140625,771.2999877929688,784.0,718.5,0.0,6.690142631530762,0.0371890515089035,-0.05100007475716953,-0.060976753188517606,0.31638439829395254,-0.9942601357119516,0.0007065510966033444,-0.005274530890752891,-0.10685720679243979,3.744065197849108,0.1517843635032204,1.3266347138584036,0.9957864332051303,0.038016969090479816,-0.0457759898992153,0.06977569959896587
678.4000244140625,770.2999877929688,786.9000244140625,714.5999755859375,0.0,65.08795166015625,0.0993892177939415,-0.054517361045291354,-0.06432030713609807,0.3271837090845887,-0.9944202101576147,0.0031807595182620453,-0.004464519416309325,-0.10534892721501207,3.744065197849108,0.1517843635032204,1.3266347138584036,0.9957864332051303,0.038016969090479816,-0.0457759898992153,0.06977569959896587
678.4000244140625,774.2000122070312,785.9000244140625,717.5,0.0,9.662518501281738,0.008334755897521973,-0.056979878062525295,-0.06712520807058853,0.33668297843224515,-0.9946525466154988,0.006565899591054783,-0.002596070251347998,-0.1030362115623099,3.744065197849108,0.1517843635032204,1.3266347138584036,0.9957864332051303,0.038016969090479816,-0.0457759898992153,0.06977569959896587
679.4000244140625,772.2000122070312,784.0,715.5,0.0,38.874210357666016,0.07931786775588989,-0.059538258815450246,-0.0694356358265798,0.3435707530858712,-0.9948228303282711,0.007499864704463893,-0.002837573868745271,-0.10130763279043889,3.744065197849108,0.1517843635032204,1.3266347138584036,0.9957864332051303,0.038016969090479816,-0.0457759898992153,0.06977569959896587
677.4000244140625,767.4000244140625,784.0,717.5,0.0,23.521535873413086,0.10819543153047562,-0.062255212851237834,-0.07266953573170576,0.3559632738417067,-0.9953120417237556,0.007414242192246146,-0.0012979289651943657,-0.09642242474033233,3.744065197849108,0.1517843635032204,1.3266347138584036,0.9957864332051303,0.038016969090479816,-0.0457759898992153,0.06977569959896587
679.4000244140625,770.2999877929688,784.0,716.5,0.0,18.948314666748047,0.06539700925350189,-0.06577839634396138,-0.07577553521803831,0.3662059927025686,-0.9957257567903526,0.006938310903011257,-0.0024657282651763045,-0.09206517957520627,3.744065197849108,0.1517843635032204,1.3266347138584036,0.9957864332051303,0.038016969090479816,-0.0457759898992153,0.06977569959896587
680.4000244140625,770.2999877929688,784.0,716.5,0.0,18.426374435424805,0.07226267457008362,-0.06765172923928113,-0.0776974294140151,0.372673965114511,-0.9957526164701251,0.007679092893135403,-0.0035441836745838964,-0.09167986195080886,3.744065197849108,0.1517843635032204,1.3266347138584036,0.9957864332051303,0.038016969090479816,-0.0457759898992153,0.06977569959896587
679.4000244140625,772.2000122070312,783.0,716.5,0.0,19.108858108520508,0.06471686065196991,-0.07171186142734973,-0.0812398288512433,0.3877525892937292,-0.9962350136997589,0.008424289507649734,-0.005301535432449949,-0.08612039565045776,3.744065197849108,0.1517843635032204,1.3266347138584036,0.9957864332051303,0.038016969090479816,-0.0457759898992153,0.06977569959896587
679.4000244140625,768.2999877929688,781.0,717.5,0.0,38.17161178588867,0.17560970783233643,-0.07439961100487195,-0.08247698370839028,0.39606505236942074,-0.9963466123235194,0.005795339477516784,-0.005956823386389616,-0.08499622583932873,3.744065197849108,0.1517843635032204,1.3266347138584036,0.9957864332051303,0.038016969090479816,-0.0457759898992153,0.06977569959896587
680.4000244140625,774.2000122070312,782.0,717.5,0.0,15.530752182006836,0.059125885367393494,-0.07705038276435443,-0.08512227346497717,0.40913602051959097,-0.9967164535070977,0.0045399751737433824,-0.00838802549430825,-0.08040734395540297,3.744065197849108,0.1517843635032204,1.3266347138584036,0.9957864332051303,0.038016969090479816,-0.0457759898992153,0.06977569959896587
677.4000244140625,772.2000122070312,785.9000244140625,719.5,0.0,2.570183753967285,0.01311589777469635,-0.079238136710205,-0.08648421425808275,0.4186839087438828,-0.9968456860101781,0.005419140793231292,-0.009179326834515797,-0.07864509619058237,3.744065197849108,0.1517843635032204,1.3266347138584036,0.9957864332051303,0.038016969090479816,-0.0457759898992153,0.06977569959896587
677.4000244140625,769.2999877929688,782.0,719.5,0.0,26.331798553466797,0.1166534349322319,-0.08261180936384221,-0.08933837515125173,0.4336443034412851,-0.9971889498234839,0.00320233452965105,-0.00816710880252942,-0.07441264500946841,3.744065197849108,0.1517843635032204,1.3266347138584036,0.9957864332051303,0.038016969090479816,-0.0457759898992153,0.06977569959896587
677.4000244140625,769.2999877929688,782.0,719.5,0.0,18.70852279663086,0.1056743636727333,-0.08437335018574338,-0.09114146851072111,0.4433563901121506,-0.9974046264060094,0.002023012999858909,-0.00821081425758161,-0.07150175642261358,3.744065197849108,0.1517843635032204,1.3266347138584036,0.9957864332051303,0.038016969090479816,-0.0457759898992153,0.06977569959896587
679.4000244140625,775.2000122070312,786.9000244140625,714.5999755859375,0.0,64.80390930175781,0.08153586089611053,-0.08623760898993416,-0.0933543856307554,0.4552901431680678,-0.9976398496681775,0.0012501122161650098,-0.004113106879173609,-0.06852919031554054,3.744065197849108,0.1517843635032204,1.3266347138584036,0.9957864332051303,0.038016969090479816,-0.0457759898992153,0.06977569959896587
679.4000244140625,771.2999877929688,785.9000244140625,714.5999755859375,0.0,64.28638458251953,0.10643485188484192,-0.08746515825055784,-0.09459437798476793,0.46282492363094,-0.9978032228580042,0.0011397262857595041,-0.00048374872289582793,-0.06623590767360775,3.744065197849108,0.1517843635032204,1.3266347138584036,0.9957864332051303,0.038016969090479816,-0.0457759898992153,0.06977569959896587
676.4000244140625,769.2999877929688,783.0,717.5,0.0,103.1512680053711,0.17456871271133423,-0.08978859508098572,-0.09697258722159288,0.4788571171449658,-0.998048266356289,0.002579818471532035,-0.00212863276002666,-0.06235760965939073,3.744065197849108,0.1517843635032204,1.3266347138584036,0.9957864332051303,0.038016969090479816,-0.0457759898992153,0.06977569959896587
676.4000244140625,769.2999877929688,783.0,717.5,0.0,22.615184783935547,0.09304488450288773,-0.09099154174523788,-0.09744207568095802,0.48512300041664186,-0.9981560654054383,0.0034390144350641724,-0.002284737016200768,-0.06055924579134494,3.744065197849108,0.1517843635032204,1.3266347138584036,0.9957864332051303,0.038016969090479816,-0.0457759898992153,0.06977569959896587
679.4000244140625,769.2999877929688,784.9000244140625,719.5,0.0,7.687173366546631,0.05265301465988159,-0.09384867084971035,-0.1002612542385592,0.5062464037931317,-0.9984314417584201,0.004182225498631344,-0.005312438117565081,-0.05557826103188532,3.744065197849108,0.1517843635032204,1.3266347138584036,0.9957864332051303,0.038016969090479816,-0.0457759898992153,0.06977569959896587
678.4000244140625,768.2999877929688,783.0,718.5,0.0,19.97212791442871,0.10911034047603607,-0.09467467324818346,-0.10186018994899605,0.5143034960054484,-0.9985376937866596,0.004921505556961986,-0.00755175393037459,-0.053303132017237354,3.744065197849108,0.1517843635032204,1.3266347138584036,0.9957864332051303,0.038016969090479816,-0.0457759898992153,0.06977569959896587
679.4000244140625,773.2000122070312,785.9000244140625,717.5,0.0,7.487198829650879,0.009680286049842834,-0.09648901183764486,-0.104264119200365,0.5277236845657205,-0.998660465746758,0.005748979189045209,-0.008563915654749957,-0.05070387304152248,3.744065197849108,0.1517843635032204,1.3266347138584036,0.9957864332051303,0.038016969090479816,-0.0457759898992153,0.06977569959896587
678.4000244140625,768.2999877929688,785.9000244140625,721.4000244140625,0.0,5.586483478546143,0.04720836877822876,-0.09776060258565801,-0.10532802410980377,0.5344718066214185,-0.9987404115656259,0.006081034717138603,-0.00943634828916477,-0.04890364662741523,3.744065197849108,0.1517843635032204,1.3266347138584036,0.9957864332051303,0.038016969090479816,-0.0457759898992153,0.06977569959896587
675.5,772.2000122070312,785.9000244140625,721.4000244140625,0.0,4.552674293518066,0.022485435009002686,-0.09904333069921836,-0.10765183590206862,0.5435498926174762,-0.9988133812004941,0.006079342082231932,-0.009128697402183843,-0.047450374270629765,3.744065197849108,0.1517843635032204,1.3266347138584036,0.9957864332051303,0.038016969090479816,-0.0457759898992153,0.06977569959896587
677.4000244140625,771.2999877929688,784.0,714.5999755859375,0.0,74.77046966552734,0.14071092009544373,-0.10033057852931487,-0.10928483011011778,0.5529721812081072,-0.9989643958027835,0.005650309262587494,-0.0046361936859943085,-0.04490785712681983,3.744065197849108,0.1517843635032204,1.3266347138584036,0.9957864332051303,0.038016969090479816,-0.0457759898992153,0.06977569959896587
677.4000244140625,773.2000122070312,784.9000244140625,717.5,0.0,11.524274826049805,0.016912415623664856,-0.10138135659722917,-0.11113124147642439,0.5604664484512628,-0.9990322958148323,0.005901942034719713,-0.004709056787087481,-0.0433297101691247,3.744065197849108,0.1517843635032204,1.3266347138584036,0.9957864332051303,0.038016969090479816,-0.0457759898992153,0.06977569959896587
678.4000244140625,770.2999877929688,784.0,716.5,0.0,21.423206329345703,0.06269608438014984,-0.1020864837752269,-0.11199388553359554,0.566589074851836,-0.9991361592525222,0.005037430470109951,-0.0018946912717208763,-0.04120642805876638,3.744065197849108,0.1517843635032204,1.3266347138584036,0.9957864332051303,0.038016969090479816,-0.0457759898992153,0.06977569959896587
680.4000244140625,771.2999877929688,784.9000244140625,716.5,0.0,14.958523750305176,0.03695589303970337,-0.1041603117620776,-0.11355446003839166,0.5777818245764054,-0.9991901137536973,0.0043895192868531096,-0.0031028297658885202,-0.03987757696686247,3.744065197849108,0.1517843635032204,1.3266347138584036,0.9957864332051303,0.038016969090479816,-0.0457759898992153,0.06977569959896587
678.4000244140625,769.2999877929688,784.9000244140625,715.5,0.0,41.8773078918457,0.08999016880989075,-0.10444207645053628,-0.1144233724954734,0.5836962771313438,-0.9992034903245013,0.006507149191893003,-0.002711967613346643,-0.039277056462940316,3.744065197849108,0.1517843635032204,1.3266347138584036,0.9957864332051303,0.038016969090479816,-0.0457759898992153,0.06977569959896587
679.4000244140625,769.2999877929688,783.0,718.5,0.0,16.903100967407227,0.0924404188990593,-0.10607716393447761,-0.11489678164696546,0.5937795347916818,-0.9992256587590582,0.0057752865558630155,-0.0036831555165784103,-0.03874484879522263,3.744065197849108,0.1517843635032204,1.3266347138584036,0.9957864332051303,0.038016969090479816,-0.0457759898992153,0.06977569959896587
678.4000244140625,769.2999877929688,781.0,717.5,0.0,32.284400939941406,0.1477222442626953,-0.10704551505900337,-0.11553092160796506,0.6024240370050522,-0.9992589907217807,0.005744517385483274,-0.0031490576157658504,-0.037928266739051184,3.744065197849108,0.1517843635032204,1.3266347138584036,0.9957864332051303,0.038016969090479816,-0.0457759898992153,0.06977569959896587
679.4000244140625,771.2999877929688,784.0,715.5,0.0,39.76565170288086,0.08950082957744598,-0.10860182959486984,-0.11575952206196796,0.6142305811382963,-0.9993154959011897,0.0042405811527788,-0.004238604400622142,-0.036504675809832174,3.744065197849108,0.1517843635032204,1.3266347138584036,0.9957864332051303,0.038016969090479816,-0.0457759898992153,0.06977569959896587
677.4000244140625,767.4000244140625,783.0,716.5,0.0,33.79906463623047,0.1366119384765625,-0.10885635414498214,-0.11623831705208287,0.62329438501459,-0.9993195794692931,0.004225460945118914,-0.0028657916218821486,-0.036528219331038794,3.744065197849108,0.1517843635032204,1.3266347138584036,0.9957864332051303,0.038016969090479816,-0.0457759898992153,0.06977569959896587
678.4000244140625,766.4000244140625,784.9000244140625,716.5,0.0,27.535114288330078,0.11228036880493164,-0.11032141770669511,-0.11638758392776134,0.6359790834980191,-0.9993763950823159,0.0026436348428514047,-0.0032954137148507793,-0.0350567025765462,3.744065197849108,0.1517843635032204,1.3266347138584036,0.9957864332051303,0.038016969090479816,-0.0457759898992153,0.06977569959896587
677.4000244140625,772.2000122070312,783.0,714.5999755859375,0.0,77.4518051147461,0.1558701992034912,-0.11129216575515101,-0.11653338470690455,0.6475244198597645,-0.9993536031446674,0.00431004309221475,-0.004514289314710776,-0.03540368063206251,3.744065197849108,0.1517843635032204,1.3266347138584036,0.9957864332051303,0.038016969090479816,-0.0457759898992153,0.06977569959896587
678.4000244140625,771.2999877929688,784.0,715.5,0.0,41.326541900634766,0.08410236239433289,-0.11195867883972882,-0.1166910148199167,0.6576442793453914,-0.9993711451132677,0.004845036515232214,-0.005118796497237939,-0.034751084279230265,3.744065197849108,0.1517843635032204,1.3266347138584036,0.9957864332051303,0.038016969090479816,-0.0457759898992153,0.06977569959896587
677.4000244140625,769.2999877929688,780.0999755859375,718.5,0.0,34.09315490722656,0.15807946026325226,-0.112899330644592,-0.11635362015834466,0.6700270435335717,-0.9993836827042377,0.005900869407196192,-0.006914627893045816,-0.03390608213662189,3.744065197849108,0.1517843635032204,1.3266347138584036,0.9957864332051303,0.038016969090479816,-0.0457759898992153,0.06977569959896587
679.4000244140625,772.2000122070312,784.0,717.5,0.0,8.028635025024414,0.02861541509628296,-0.11365232653034474,-0.1158749512778885,0.6830697424894766,-0.9993888765680942,0.005993112974003503,-0.006577874185480577,-0.033803661932453745,3.744065197849108,0.1517843635032204,1.3266347138584036,0.9957864332051303,0.038016969090479816,-0.0457759898992153,0.06977569959896587
681.2999877929688,772.2000122070312,784.0,715.5,0.0,35.95817565917969,0.08950832486152649,-0.114948436827256,-0.11596067809302787,0.6983479392895213,-0.9994335750956742,0.0019406552188976586,-0.0033556682766644544,-0.03342906398955275,3.744065197849108,0.1517843635032204,1.3266347138584036,0.9957864332051303,0.038016969090479816,-0.0457759898992153,0.06977569959896587
678.4000244140625,770.2999877929688,784.9000244140625,715.5,0.0,40.962257385253906,0.07715913653373718,-0.11604635073112249,-0.11567693660430213,0.7094227511822603,-0.9994454952912635,-0.001213516796239994,-0.00033474029020338567,-0.03327337175467194,3.744065197849108,0.1517843635032204,1.3266347138584036,0.9957864332051303,0.038016969090479816,-0.0457759898992153,0.06977569959896587
679.4000244140625,772.2000122070312,784.9000244140625,717.5,0.0,45.480690002441406,0.10853800922632217,-0.11842737185652623,-0.11645136596969888,0.7317257723957203,-0.999407399163843,-0.008170532659775897,0.008256720210530968,-0.032402460770494905,3.744065197849108,0.1517843635032204,1.3266347138584036,0.9957864332051303,0.038016969090479816,-0.0457759898992153,0.06977569959896587
679.4000244140625,772.2000122070312,784.9000244140625,717.5,0.0,8.139313697814941,0.020239293575286865,-0.11930628089953309,-0.11687483777678266,0.7363707047485067,-0.9993739934048965,-0.009472738854005104,0.009343231198259683,-0.03278097855966826,3.744065197849108,0.1517843635032204,1.3266347138584036,0.9957864332051303,0.038016969090479816,-0.0457759898992153,0.06977569959896587
677.4000244140625,771.2999877929688,784.9000244140625,716.5,0.0,21.883604049682617,0.03609496355056763,-0.1221978216819086,-0.11802835218187785,0.7542718489685164,-0.999350570948102,-0.011087738813506122,0.01301606978614822,-0.0317187692230992,3.744065197849108,0.1517843635032204,1.3266347138584036,0.9957864332051303,0.038016969090479816,-0.0457759898992153,0.06977569959896587
678.4000244140625,771.2999877929688,782.0,715.5,0.0,46.60518264770508,0.13411134481430054,-0.12405766937268708,-0.11915807683600324,0.762903644642016,-0.9993552140328854,-0.011138507019682093,0.012772463209837463,-0.03165365745394296,3.744065197849108,0.1517843635032204,1.3266347138584036,0.9957864332051303,0.038016969090479816,-0.0457759898992153,0.06977569959896587
675.5,774.2000122070312,785.9000244140625,714.5999755859375,0.0,65.82377624511719,0.08632661402225494,-0.12738740640502627,-0.12064397295132982,0.7754223491281467,-0.9994319145278074,-0.009236739466405183,0.010606510397797335,-0.030627321209874932,3.744065197849108,0.1517843635032204,1.3266347138584036,0.9957864332051303,0.038016969090479816,-0.0457759898992153,0.06977569959896587
677.4000244140625,772.2000122070312,784.0,713.5999755859375,0.0,113.12812042236328,0.20859992504119873,-0.1314999876879225,-0.12389316394501068,0.7912114873040987,-0.9995158324873111,-0.003913191779020377,0.006037326637431105,-0.030271079009033013,3.744065197849108,0.1517843635032204,1.3266347138584036,0.9957864332051303,0.038016969090479816,-0.0457759898992153,0.06977569959896587
678.4000244140625,770.2999877929688,779.0999755859375,714.5999755859375,1.0,98.41346740722656,0.30929988622665405,-0.13525167316966133,-0.12520563209903138,0.802015892467848,-0.9995378292354603,-0.0020559540473154216,0.001034263860261164,-0.030312229850122243,3.744065197849108,0.1517843635032204,1.3266347138584036,0.9957864332051303,0.038016969090479816,-0.0457759898992153,0.06977569959896587
678.4000244140625,771.2999877929688,784.9000244140625,714.5999755859375,0.0,69.6806411743164,0.12302478402853012,-0.13807983467996954,-0.12780815274727017,0.8143154613178788,-0.9995427603396497,0.0017960047780994698,-0.0013095780962159842,-0.03015509284748576,3.744065197849108,0.1517843635032204,1.3266347138584036,0.9957864332051303,0.038016969090479816,-0.0457759898992153,0.06977569959896587
680.4000244140625,771.2999877929688,784.0,714.5999755859375,0.0,72.5154037475586,0.16057518124580383,-0.14423236293758407,-0.13173821909204608,0.8338687395819671,-0.9995520312704608,0.0049279479278830475,-0.006907479784048319,-0.028700850777439547,3.744065197849108,0.1517843635032204,1.3266347138584036,0.9957864332051303,0.038016969090479816,-0.0457759898992153,0.06977569959896587
679.4000244140625,774.2000122070312,783.0,718.5,0.0,3.8854265213012695,0.017813682556152344,-0.1462200431760288,-0.13325612230453332,0.8416355201997966,-0.9995427098081818,0.0040950329458111405,-0.008091829777347561,-0.028846564186123542,3.744065197849108,0.1517843635032204,1.3266347138584036,0.9957864332051303,0.038016969090479816,-0.0457759898992153,0.06977569959896587
677.4000244140625,771.2999877929688,785.9000244140625,716.5,0.0,20.978782653808594,0.02733740210533142,-0.15172542530893407,-0.1371035163706484,0.8611185060351877,-0.9995552520114401,0.0063416170642668305,-0.009947198035423255,-0.02738859836867935,3.744065197849108,0.1517843635032204,1.3266347138584036,0.9957864332051303,0.038016969090479816,-0.0457759898992153,0.06977569959896587
676.4000244140625,775.2000122070312,785.9000244140625,716.5,0.0,26.235666275024414,0.019873738288879395,-0.1556044774303649,-0.1399656631428807,0.8765795086655737,-0.99956822216971,0.005466565298843998,-0.009701098314573296,-0.027191443209393696,3.744065197849108,0.1517843635032204,1.3266347138584036,0.9957864332051303,0.038016969090479816,-0.0457759898992153,0.06977569959896587
675.5,772.2000122070312,785.9000244140625,716.5,0.0,24.163846969604492,0.028218448162078857,-0.1607219138155051,-0.14321203837252985,0.8966687398042814,-0.9995822557837439,0.005283111852071306,-0.008864026659824106,-0.026996882835144734,3.744065197849108,0.1517843635032204,1.3266347138584036,0.9957864332051303,0.038016969090479816,-0.0457759898992153,0.06977569959896587
680.4000244140625,769.2999877929688,780.0999755859375,716.5,0.0,50.856178283691406,0.21161146461963654,-0.16272364338174009,-0.1448867155211752,0.9075825290234724,-0.9996151354138411,0.0042969315334919185,-0.007094151225953905,-0.02647244698451441,3.744065197849108,0.1517843635032204,1.3266347138584036,0.9957864332051303,0.038016969090479816,-0.0457759898992153,0.06977569959896587
680.4000244140625,770.2999877929688,784.9000244140625,716.5,0.0,16.127674102783203,0.05093318223953247,-0.166239420589333,-0.1466973729600491,0.9235285524310491,-0.9996380037995398,0.0023606646420273316,-0.006069975351521628,-0.026104482782675877,3.744065197849108,0.1517843635032204,1.3266347138584036,0.9957864332051303,0.038016969090479816,-0.0457759898992153,0.06977569959896587
678.4000244140625,770.2999877929688,784.9000244140625,719.5,0.0,5.590635299682617,0.03512917459011078,-0.17005850344428344,-0.14983282363173467,0.9447179951652181,-0.999634280884832,0.0037903551733490092,-0.004466856216041942,-0.0264004712660573,3.744065197849108,0.1517843635032204,1.3266347138584036,0.9957864332051303,0.038016969090479816,-0.0457759898992153,0.06977569959896587
677.4000244140625,772.2000122070312,784.9000244140625,713.5999755859375,0.0,108.40870666503906,0.18929746747016907,-0.17178214867737296,-0.15126748466848494,0.9547265277983115,-0.9996754142361711,0.00306904154094324,-0.00371520824161739,-0.025016881969606487,3.744065197849108,0.1517843635032204,1.3266347138584036,0.9957864332051303,0.038016969090479816,-0.0457759898992153,0.06977569959896587
677.4000244140625,772.2000122070312,784.9000244140625,717.5,0.0,12.599536895751953,0.022408023476600647,-0.17540476664015972,-0.1531688051987907,0.9699393262044214,-0.999675417188236,0.001256995662586763,-0.0027454544268634244,-0.02529708899103635,3.744065197849108,0.1517843635032204,1.3266347138584036,0.9957864332051303,0.038016969090479816,-0.0457759898992153,0.06977569959896587
678.4000244140625,772.2000122070312,784.9000244140625,717.5,0.0,10.369414329528809,0.02132369577884674,-0.1789392945558315,-0.15569929318449427,0.9829139898660645,-0.9996630302192121,0.0028096641571317736,-0.005165281189542882,-0.02528342679503778,3.744065197849108,0.1517843635032204,1.3266347138584036,0.9957864332051303,0.038016969090479816,-0.0457759898992153,0.06977569959896587
677.4000244140625,769.2999877929688,784.0,714.5999755859375,0.0,79.34587860107422,0.17164412140846252,-0.1811236490774751,-0.15743438973627347,0.9918166670435857,-0.9996635222081861,0.0037105771150800883,-0.005437027532384486,-0.025090091976886608,3.744065197849108,0.1517843635032204,1.3266347138584036,0.9957864332051303,0.038016969090479816,-0.0457759898992153,0.06977569959896587
675.5,771.2999877929688,783.0,717.5,0.0,19.343059539794922,0.05530233681201935,-0.18406026368372186,-0.15866815539181225,1.0020190294160571,-0.9996407569735662,0.00458543934069312,-0.006209763490734238,-0.025666506983955187,3.744065197849108,0.1517843635032204,1.3266347138584036,0.9957864332051303,0.038016969090479816,-0.0457759898992153,0.06977569959896587
678.4000244140625,770.2999877929688,784.0,712.5999755859375,1.0,156.0485382080078,0.3150949776172638,-0.18635327036716626,-0.16075994020299686,1.0126915280144626,-0.9996377170358983,0.005628240038204307,-0.0076261281694265754,-0.02519126361406453,3.744065197849108,0.1517843635032204,1.3266347138584036,0.9957864332051303,0.038016969090479816,-0.0457759898992153,0.06977569959896587
681.2999877929688,773.2000122070312,784.9000244140625,716.5,0.0,11.399042129516602,0.02440299093723297,-0.1888214641665848,-0.1623601082579148,1.022995926110549,-0.9996351239894553,0.00480638884526668,-0.008321917376495624,-0.02524407265148291,3.744065197849108,0.1517843635032204,1.3266347138584036,0.9957864332051303,0.038016969090479816,-0.0457759898992153,0.06977569959896587
680.4000244140625,771.2999877929688,782.0,717.5,0.0,21.841522216796875,0.09890802949666977,-0.19102741224994013,-0.16312057771370986,1.0306389049597267,-0.99962130067392,0.004916005429358884,-0.008965836597336,-0.025548031307890438,3.744065197849108,0.1517843635032204,1.3266347138584036,0.9957864332051303,0.038016969090479816,-0.0457759898992153,0.06977569959896587
677.4000244140625,771.2999877929688,785.9000244140625,716.5,0.0,20.978782653808594,0.02733740210533142,-0.19285264218443945,-0.16483349417069376,1.0395776616609071,-0.999603179060141,0.004413314706442238,-0.009470060382092778,-0.026159606696605848,3.744065197849108,0.1517843635032204,1.3266347138584036,0.9957864332051303,0.038016969090479816,-0.0457759898992153,0.06977569959896587
678.4000244140625,771.2999877929688,783.0,715.5,0.0,43.79610824584961,0.10843183845281601,-0.1947763322505102,-0.16558129259331744,1.0474578079290073,-0.9996120990260616,0.0024646421868666345,-0.009305143299830185,-0.02613410277342157,3.744065197849108,0.1517843635032204,1.3266347138584036,0.9957864332051303,0.038016969090479816,-0.0457759898992153,0.06977569959896587
678.4000244140625,771.2999877929688,784.9000244140625,715.5,0.0,39.59706115722656,0.06803198158740997,-0.19645935826530217,-0.16704052290922872,1.057822933537014,-0.999638806828108,0.0015987238187271352,-0.008816959497944752,-0.02533695306542583,3.744065197849108,0.1517843635032204,1.3266347138584036,0.9957864332051303,0.038016969090479816,-0.0457759898992153,0.06977569959896587
678.4000244140625,769.2999877929688,783.0,715.5,0.0,47.285614013671875,0.13941684365272522,-0.19792239371196596,-0.1682701466471031,1.0678260042723722,-0.9996425904250729,-0.00030521107318137345,-0.008994181741572573,-0.025173457236752562,3.744065197849108,0.1517843635032204,1.3266347138584036,0.9957864332051303,0.038016969090479816,-0.0457759898992153,0.06977569959896587
676.4000244140625,771.2999877929688,780.0999755859375,718.5,0.0,25.730852127075195,0.11670006066560745,-0.19879786796426258,-0.1696648240570247,1.0798877771058901,-0.9996344119692541,-0.0008783477138163791,-0.008557684745185444,-0.02563273188677251,3.744065197849108,0.1517843635032204,1.3266347138584036,0.9957864332051303,0.038016969090479816,-0.0457759898992153,0.06977569959896587
679.4000244140625,773.2000122070312,781.0,716.5,0.0,28.09882926940918,0.10690437257289886,-0.19962565196304038,-0.17057059255487184,1.0933170959056835,-0.9996640654702039,-0.0009182789945277338,-0.008484873527592075,-0.024472839894318997,3.744065197849108,0.1517843635032204,1.3266347138584036,0.9957864332051303,0.038016969090479816,-0.0457759898992153,0.06977569959896587
679.4000244140625,772.2000122070312,784.0,719.5,0.0,3.4686970710754395,0.021820098161697388,-0.19984611093668053,-0.17240071401035986,1.1078616562815167,-0.9996857895621213,-0.002369129926112441,-0.006448147384467392,-0.024106653983073587,3.744065197849108,0.1517843635032204,1.3266347138584036,0.9957864332051303,0.038016969090479816,-0.0457759898992153,0.06977569959896587
677.4000244140625,772.2000122070312,784.9000244140625,716.5,0.0,20.799009323120117,0.03066810965538025,-0.20062796729569968,-0.17353873457218205,1.1192381502732283,-0.9996828256121274,-0.003935306023098043,-0.004074028462183787,-0.024539026768538114,3.744065197849108,0.1517843635032204,1.3266347138584036,0.9957864332051303,0.038016969090479816,-0.0457759898992153,0.06977569959896587
674.5,772.2000122070312,784.9000244140625,716.5,0.0,28.028148651123047,0.04282909631729126,-0.2009885269397853,-0.17595120626434457,1.132506217102051,-0.9997001478186248,-0.007199330045084963,0.00014271740287931552,-0.023404352801660915,3.744065197849108,0.1517843635032204,1.3266347138584036,0.9957864332051303,0.038016969090479816,-0.0457759898992153,0.06977569959896587
680.4000244140625,773.2000122070312,784.9000244140625,717.5,0.0,5.15909481048584,0.015126168727874756,-0.2022010387155019,-0.1790028727578739,1.1463963104404793,-0.9996384366904011,-0.012491628835603416,0.0046098556673633325,-0.023360315300328876,3.744065197849108,0.1517843635032204,1.3266347138584036,0.9957864332051303,0.038016969090479816,-0.0457759898992153,0.06977569959896587
677.4000244140625,770.2999877929688,785.9000244140625,715.5,0.0,41.119808197021484,0.06326831877231598,-0.20375935162483205,-0.18181426587089475,1.158150274698417,-0.9996051035210901,-0.013473101534966147,0.007588539211238017,-0.023463303737089453,3.744065197849108,0.1517843635032204,1.3266347138584036,0.9957864332051303,0.038016969090479816,-0.0457759898992153,0.06977569959896587
678.4000244140625,771.2999877929688,784.9000244140625,716.5,0.0,19.196561813354492,0.0337853878736496,-0.20517233288803274,-0.18560989142490136,1.1705377974637923,-0.9996441598134197,-0.011288400851463326,0.008747085032316608,-0.022530296504403222,3.744065197849108,0.1517843635032204,1.3266347138584036,0.9957864332051303,0.038016969090479816,-0.0457759898992153,0.06977569959896587
678.4000244140625,769.2999877929688,787.9000244140625,715.5,0.0,39.46474838256836,0.051875293254852295,-0.20690370275134556,-0.188721276668804,1.1809605604456512,-0.9996833672825088,-0.008097557870613344,0.007147373699661319,-0.022726851617282485,3.744065197849108,0.1517843635032204,1.3266347138584036,0.9957864332051303,0.038016969090479816,-0.0457759898992153,0.06977569959896587
676.4000244140625,769.2999877929688,786.9000244140625,716.5,0.0,25.10700798034668,0.03558263182640076,-0.20954859469686532,-0.19343198532673847,1.1938792850747562,-0.9997313345661879,-0.0006786328174990855,0.00423161882496299,-0.02277919107712613,3.744065197849108,0.1517843635032204,1.3266347138584036,0.9957864332051303,0.038016969090479816,-0.0457759898992153,0.06977569959896587
676.4000244140625,769.2999877929688,783.0,717.5,0.0,22.615184783935547,0.09304488450288773,-0.2123972605497364,-0.19754532985398046,1.203060560606645,-0.999728160709695,0.004411698576268225,0.0003303314514593971,-0.022891755739019727,3.744065197849108,0.1517843635032204,1.3266347138584036,0.9957864332051303,0.038016969090479816,-0.0457759898992153,0.06977569959896587
679.4000244140625,772.2000122070312,784.9000244140625,717.5,0.0,8.139313697814941,0.020239293575286865,-0.21549270249227237,-0.20229112761033852,1.210086572582458,-0.9997110259412049,0.008179903496624667,-0.0040111892091985,-0.022245542283740233,3.744065197849108,0.1517843635032204,1.3266347138584036,0.9957864332051303,0.038016969090479816,-0.0457759898992153,0.06977569959896587
684.2999877929688,771.2999877929688,786.9000244140625,719.5,0.0,359.6974792480469,0.004376277327537537,-0.2172281194548648,-0.2053409558827607,1.212489973153175,-0.9996955922938718,0.009061189557182277,-0.005540885099912318,-0.02226917565432553,3.744065197849108,0.1517843635032204,1.3266347138584036,0.9957864332051303,0.038016969090479816,-0.0457759898992153,0.06977569959896587
681.2999877929688,771.2999877929688,786.9000244140625,719.5,0.0,0.9694951772689819,0.006825938820838928,-0.2205112720504124,-0.20910508406888756,1.2126694525993815,-0.9996746722695452,0.008579269887124754,-0.010011868636698824,-0.021833649199870627,3.744065197849108,0.1517843635032204,1.3266347138584036,0.9957864332051303,0.038016969090479816,-0.0457759898992153,0.06977569959896587
680.4000244140625,771.2999877929688,784.0,716.5,0.0,15.963957786560059,0.05658978223800659,-0.22355741551241423,-0.21327876334640997,1.2106517564955763,-0.9996654170367667,0.008008496028088907,-0.012315732381824138,-0.0212894506264187,3.744065197849108,0.1517843635032204,1.3266347138584036,0.9957864332051303,0.038016969090479816,-0.0457759898992153,0.06977569959896587
675.5,770.2999877929688,784.9000244140625,717.5,0.0,19.35906982421875,0.04394802451133728,-0.2260767170691437,-0.21647515044117863,1.2074254786386234,-0.9996147800236747,0.006571738425534066,-0.01589204190410229,-0.0217840954920173,3.744065197849108,0.1517843635032204,1.3266347138584036,0.9957864332051303,0.038016969090479816,-0.0457759898992153,0.06977569959896587
677.4000244140625,772.2000122070312,784.0,717.5,0.0,12.393806457519531,0.0276528000831604,-0.22758436785651148,-0.21958213335512672,1.205016057004125,-0.9995842218883045,0.0054336010199869614,-0.019114023600232465,-0.020892903908224122,3.744065197849108,0.1517843635032204,1.3266347138584036,0.9957864332051303,0.038016969090479816,-0.0457759898992153,0.06977569959896587
679.4000244140625,772.2000122070312,787.9000244140625,717.5,0.0,10.486753463745117,0.00666201114654541,-0.22846445032892237,-0.22285021329049737,1.2036976088501337,-0.9994856889882267,0.002319515284734582,-0.024186284375959217,-0.02092847353867376,3.744065197849108,0.1517843635032204,1.3266347138584036,0.9957864332051303,0.038016969090479816,-0.0457759898992153,0.06977569959896587
680.4000244140625,770.2999877929688,781.0,715.5,0.0,51.565067291259766,0.19798801839351654,-0.22823445170263407,-0.22465381590813993,1.2040304338354406,-0.9994271927884935,0.002105978990085524,-0.026521924051317387,-0.020915035549126604,3.744065197849108,0.1517843635032204,1.3266347138584036,0.9957864332051303,0.038016969090479816,-0.0457759898992153,0.06977569959896587
680.4000244140625,772.2000122070312,782.0,715.5,0.0,43.26158142089844,0.13659211993217468,-0.22754851628335235,-0.22654618747394023,1.2050467378730962,-0.9993461364067617,0.0011946084035763035,-0.029288509110322963,-0.021167328450582137,3.744065197849108,0.1517843635032204,1.3266347138584036,0.9957864332051303,0.038016969090479816,-0.0457759898992153,0.06977569959896587
680.4000244140625,769.2999877929688,786.9000244140625,717.5,0.0,10.582755088806152,0.03157207369804382,-0.22438477051644767,-0.22999485984785156,1.2067767498557407,-0.9992931420162642,0.0003725411196217154,-0.031033491960435377,-0.021213201293497755,3.744065197849108,0.1517843635032204,1.3266347138584036,0.9957864332051303,0.038016969090479816,-0.0457759898992153,0.06977569959896587
681.2999877929688,771.2999877929688,784.9000244140625,715.5,0.0,34.57061004638672,0.07802678644657135,-0.22080203909669577,-0.23244219673676378,1.2066177730143361,-0.9993286143041479,0.00011041367530307533,-0.03033074483902546,-0.020551261744278026,3.744065197849108,0.1517843635032204,1.3266347138584036,0.9957864332051303,0.038016969090479816,-0.0457759898992153,0.06977569959896587
680.4000244140625,772.2000122070312,784.9000244140625,715.5,0.0,34.99050521850586,0.06489792466163635,-0.21699927132959376,-0.23480555742902198,1.2065073433853464,-0.9993355252679271,0.0005969277171100212,-0.029624653167411794,-0.021225728243986105,3.744065197849108,0.1517843635032204,1.3266347138584036,0.9957864332051303,0.038016969090479816,-0.0457759898992153,0.06977569959896587
681.2999877929688,770.2999877929688,784.9000244140625,719.5,0.0,5.339146137237549,0.038884952664375305,-0.20925625275320997,-0.23809342929736965,1.2053096056498318,-0.9994094204633964,0.00125648378905289,-0.027073805733805363,-0.021124407224683606,3.744065197849108,0.1517843635032204,1.3266347138584036,0.9957864332051303,0.038016969090479816,-0.0457759898992153,0.06977569959896587
677.4000244140625,771.2999877929688,781.0,716.5,0.0,31.89128875732422,0.119286447763443,-0.20506366089372638,-0.23929295154541536,1.2038487809487906,-0.9994599230939826,0.0010153690838766443,-0.025716913000157403,-0.02043212030936567,3.744065197849108,0.1517843635032204,1.3266347138584036,0.9957864332051303,0.038016969090479816,-0.0457759898992153,0.06977569959896587
678.4000244140625,770.2999877929688,784.9000244140625,719.5,0.0,5.590635299682617,0.03512917459011078,-0.19498822997552004,-0.24250404461476163,1.2018309072075588,-0.9995625119093965,0.0013422325398589868,-0.019975395631853323,-0.02177077781195995,3.744065197849108,0.1517843635032204,1.3266347138584036,0.9957864332051303,0.038016969090479816,-0.0457759898992153,0.06977569959896587
681.2999877929688,770.2999877929688,784.0,715.5,0.0,38.35246276855469,0.11543795466423035,-0.1893435319317304,-0.24414303142049112,1.2002163165825737,-0.9996367350144323,0.0020899181208923435,-0.015955484298636167,-0.021620656158625972,3.744065197849108,0.1517843635032204,1.3266347138584036,0.9957864332051303,0.038016969090479816,-0.0457759898992153,0.06977569959896587
678.4000244140625,775.2000122070312,784.0,715.5,0.0,42.501338958740234,0.06409217417240143,-0.1791783359681176,-0.24658361995781333,1.1974456440103254,-0.9997103285296619,0.0023351029477376877,-0.010344970979096757,-0.021605274836962163,3.744065197849108,0.1517843635032204,1.3266347138584036,0.9957864332051303,0.038016969090479816,-0.0457759898992153,0.06977569959896587
677.4000244140625,771.2999877929688,786.9000244140625,717.5,0.0,14.539933204650879,0.017294809222221375,-0.1715808291936873,-0.24862042334251439,1.1957269439384808,-0.99973839560505,0.0009610239768867754,-0.008334419332155759,-0.02127802247278216,3.744065197849108,0.1517843635032204,1.3266347138584036,0.9957864332051303,0.038016969090479816,-0.0457759898992153,0.06977569959896587
679.4000244140625,769.2999877929688,785.9000244140625,715.5,0.0,38.13493347167969,0.07051888108253479,-0.16047128427796908,-0.25119598881561384,1.1933920023022844,-0.9997556617445734,-0.0004164930855498649,-0.006408944200613667,-0.02115109400039241,3.744065197849108,0.1517843635032204,1.3266347138584036,0.9957864332051303,0.038016969090479816,-0.0457759898992153,0.06977569959896587
676.4000244140625,773.2000122070312,787.9000244140625,716.5,0.0,21.180044174194336,0.008607730269432068,-0.15245468950054444,-0.25292160047874096,1.1918223906791416,-0.9997449169598323,-0.0005889867579228051,-0.0063532394754354975,-0.02166542073777903,3.744065197849108,0.1517843635032204,1.3266347138584036,0.9957864332051303,0.038016969090479816,-0.0457759898992153,0.06977569959896587
679.4000244140625,768.2999877929688,784.9000244140625,715.5,0.0,41.26770782470703,0.10942786931991577,-0.14106244146758057,-0.2557238618414074,1.1898280757562782,-0.9997357058790004,-0.00017303247884174977,-0.007559744197401863,-0.021710336663630106,3.744065197849108,0.1517843635032204,1.3266347138584036,0.9957864332051303,0.038016969090479816,-0.0457759898992153,0.06977569959896587
679.4000244140625,769.2999877929688,784.0,714.5999755859375,0.0,77.74605560302734,0.187560573220253,-0.13214383387512701,-0.2576102674409618,1.1888961433925174,-0.9997517873972138,-0.0004795484415306739,-0.007116949516020988,-0.021106460123738915,3.744065197849108,0.1517843635032204,1.3266347138584036,0.9957864332051303,0.038016969090479816,-0.0457759898992153,0.06977569959896587
679.4000244140625,771.2999877929688,784.0,714.5999755859375,0.0,73.37688446044922,0.15259949862957,-0.12240967331633211,-0.2597962724942072,1.1874289577462718,-0.9997267022129265,-0.00039907953543532107,-0.010142233373840978,-0.021059361818003507,3.744065197849108,0.1517843635032204,1.3266347138584036,0.9957864332051303,0.038016969090479816,-0.0457759898992153,0.06977569959896587
679.4000244140625,771.2999877929688,781.0,713.5999755859375,0.0,52.63211441040039,0.1436769962310791,-0.108113461984227,-0.2628530123066875,1.1864126503004793,-0.9997034517990041,-0.0008367644697632998,-0.01286084185743237,-0.02066172870542451,3.744065197849108,0.1517843635032204,1.3266347138584036,0.9957864332051303,0.038016969090479816,-0.0457759898992153,0.06977569959896587
679.4000244140625,771.2999877929688,781.0,713.5999755859375,1.0,126.01402282714844,0.3202136158943176,-0.09705171023694147,-0.265085921681067,1.186761229999596,-0.9996853778356355,-0.000552850004301202,-0.014883287183300375,-0.020182355192465178,3.744065197849108,0.1517843635032204,1.3266347138584036,0.9957864332051303,0.038016969090479816,-0.0457759898992153,0.06977569959896587
681.2999877929688,772.2000122070312,782.0,717.5,0.0,21.137317657470703,0.09184276312589645,-0.08531465895007168,-0.26767151962403835,1.1889572116854297,-0.9996544955457378,-0.0004066508955102904,-0.016969970786254618,-0.020068489274472735,3.744065197849108,0.1517843635032204,1.3266347138584036,0.9957864332051303,0.038016969090479816,-0.0457759898992153,0.06977569959896587
678.4000244140625,773.2000122070312,782.0,719.5,0.0,7.196559906005859,0.04052045941352844,-0.07710357922328359,-0.2693559909042332,1.1907711086681931,-0.9996311169180174,0.0004932987153196661,-0.018533360284050625,-0.019846946923802795,3.744065197849108,0.1517843635032204,1.3266347138584036,0.9957864332051303,0.038016969090479816,-0.0457759898992153,0.06977569959896587
677.4000244140625,777.0999755859375,786.9000244140625,713.5999755859375,0.0,119.87562561035156,0.15409597754478455,-0.06240344534953014,-0.2719261777490309,1.1935384901095096,-0.999608816534678,0.0015034553859581668,-0.020424393836091438,-0.019047248212569187,3.744065197849108,0.1517843635032204,1.3266347138584036,0.9957864332051303,0.038016969090479816,-0.0457759898992153,0.06977569959896587
679.4000244140625,770.2999877929688,785.9000244140625,717.5,0.0,10.85801887512207,0.027433589100837708,-0.053428851522782254,-0.2735986679167436,1.1955960920112925,-0.9995568744722859,0.0009524828288373839,-0.022772331797496794,-0.019145975455970948,3.744065197849108,0.1517843635032204,1.3266347138584036,0.9957864332051303,0.038016969090479816,-0.0457759898992153,0.06977569959896587
679.4000244140625,774.2000122070312,784.0,714.5999755859375,0.0,68.07722473144531,0.12248693406581879,-0.03660159512423905,-0.27640091272191963,1.1979386227107336,-0.9994895979680974,0.0015106307010847428,-0.025787546631706685,-0.01879531822485057,3.744065197849108,0.1517843635032204,1.3266347138584036,0.9957864332051303,0.038016969090479816,-0.0457759898992153,0.06977569959896587
680.4000244140625,772.2000122070312,783.0,717.5,0.0,13.137325286865234,0.05838240683078766,-0.02146281267832061,-0.2783770950680724,1.199588754540639,-0.9994392975152444,0.0011563313469087875,-0.02811334228849999,-0.018149200131703055,3.744065197849108,0.1517843635032204,1.3266347138584036,0.9957864332051303,0.038016969090479816,-0.0457759898992153,0.06977569959896587
679.4000244140625,771.2999877929688,787.9000244140625,714.5999755859375,0.0,61.494712829589844,0.08356298506259918,-0.004561030003272678,-0.28085440327337463,1.2008976225518277,-0.9993966602238422,0.001413836322886841,-0.029664681419377028,-0.018008977665853812,3.744065197849108,0.1517843635032204,1.3266347138584036,0.9957864332051303,0.038016969090479816,-0.0457759898992153,0.06977569959896587
677.4000244140625,772.2000122070312,784.9000244140625,714.5999755859375,0.0,68.76280212402344,0.1144554615020752,0.009485418888912526,-0.28269181354132744,1.2020959795659625,-0.9994330471293219,0.000631516930736947,-0.0290894990733222,-0.016940676958960548,3.744065197849108,0.1517843635032204,1.3266347138584036,0.9957864332051303,0.038016969090479816,-0.0457759898992153,0.06977569959896587
680.4000244140625,770.2999877929688,784.0,717.5,0.0,12.678030014038086,0.06213738024234772,0.033807883916105626,-0.28551078985872796,1.2039721678475068,-0.9995481816237491,0.0009482790879973555,-0.025241580439825672,-0.016290978986167343,3.744065197849108,0.1517843635032204,1.3266347138584036,0.9957864332051303,0.038016969090479816,-0.0457759898992153,0.06977569959896587
681.2999877929688,773.2000122070312,784.0,714.5999755859375,0.0,68.84825134277344,0.14200085401535034,0.05613567780530651,-0.28771641480435445,1.2053110667988194,-0.9996576605444064,0.0003755229432564751,-0.020528024646831542,-0.016217919148353615,3.744065197849108,0.1517843635032204,1.3266347138584036,0.9957864332051303,0.038016969090479816,-0.0457759898992153,0.06977569959896587
681.2999877929688,770.2999877929688,783.0,713.5999755859375,1.0,118.15415954589844,0.29276084899902344,0.06966808734483781,-0.2891723678053615,1.2059911389928808,-0.9997101224693622,0.0006221464519919934,-0.018017081740747735,-0.015958343636876666,3.744065197849108,0.1517843635032204,1.3266347138584036,0.9957864332051303,0.038016969090479816,-0.0457759898992153,0.06977569959896587
681.2999877929688,771.2999877929688,787.9000244140625,714.5999755859375,0.0,58.5041389465332,0.08703643083572388,0.09351141746944294,-0.29159124659606034,1.2058068099481412,-0.999768060319245,-7.573941011711301e-05,-0.01516322574739109,-0.015293672350679093,3.744065197849108,0.1517843635032204,1.3266347138584036,0.9957864332051303,0.038016969090479816,-0.0457759898992153,0.06977569959896587
678.4000244140625,774.2000122070312,781.0,715.5,0.0,47.082420349121094,0.12537090480327606,0.12212607497917422,-0.2939050098880869,1.203505566133383,-0.9997607313365436,9.957947735148107e-05,-0.015529001244073793,-0.015405203072628514,3.744065197849108,0.1517843635032204,1.3266347138584036,0.9957864332051303,0.038016969090479816,-0.0457759898992153,0.06977569959896587
678.4000244140625,773.2000122070312,786.9000244140625,716.5,0.0,17.406936645507812,0.010952547192573547,0.12928508525139926,-0.2941354275722327,1.2026934333027788,-0.999762178237596,6.50988396802021e-05,-0.015267535223858146,-0.015571932954730933,3.744065197849108,0.1517843635032204,1.3266347138584036,0.9957864332051303,0.038016969090479816,-0.0457759898992153,0.06977569959896587
678.4000244140625,766.4000244140625,782.0,717.5,0.0,37.40104293823242,0.1836138516664505,0.15532377240908757,-0.2965777935189215,1.2006830589688813,-0.9997511940994267,0.000132875167411067,-0.016679932692301225,-0.014809189253323722,3.744065197849108,0.1517843635032204,1.3266347138584036,0.9957864332051303,0.038016969090479816,-0.0457759898992153,0.06977569959896587
678.4000244140625,770.2999877929688,782.0,715.5,0.0,48.97348403930664,0.15165522694587708,0.17828215759517638,-0.29848866433074966,1.1987409114183551,-0.9997021483791038,0.0011131750043472382,-0.01945143872642984,-0.01469751336403889,3.744065197849108,0.1517843635032204,1.3266347138584036,0.9957864332051303,0.038016969090479816,-0.0457759898992153,0.06977569959896587
680.4000244140625,773.2000122070312,784.9000244140625,714.5999755859375,0.0,65.14007568359375,0.1161031723022461,0.2019370882452534,-0.3002665568054246,1.1973860682167392,-0.999654983780308,0.001687438924190511,-0.021850227460859486,-0.014478726220843221,3.744065197849108,0.1517843635032204,1.3266347138584036,0.9957864332051303,0.038016969090479816,-0.0457759898992153,0.06977569959896587
678.4000244140625,770.2999877929688,784.0,714.5999755859375,0.0,76.58856201171875,0.16208767890930176,0.23479543507070294,-0.3024807251877507,1.1954347427003083,-0.9995640385199975,0.0005406849694561243,-0.025851928459805742,-0.01425195959389603,3.744065197849108,0.1517843635032204,1.3266347138584036,0.9957864332051303,0.038016969090479816,-0.0457759898992153,0.06977569959896587
680.4000244140625,771.2999877929688,783.0,716.5,0.0,20.518821716308594,0.08365821838378906,0.2476566944737355,-0.30343261982855807,1.1950025508817739,-0.9995634161457212,0.0020066009946539524,-0.026309143689508936,-0.013295849497827547,3.744065197849108,0.1517843635032204,1.3266347138584036,0.9957864332051303,0.038016969090479816,-0.0457759898992153,0.06977569959896587
682.2999877929688,773.2000122070312,783.0,713.5999755859375,0.0,112.37065124511719,0.2570955455303192,0.27789359323011875,-0.30489526170397835,1.1939670962914282,-0.9994542149305031,0.0013425412076192148,-0.029771819025222745,-0.014251618598843085,3.744065197849108,0.1517843635032204,1.3266347138584036,0.9957864332051303,0.038016969090479816,-0.0457759898992153,0.06977569959896587
679.4000244140625,774.2000122070312,784.9000244140625,715.5,0.0,34.96581268310547,0.05390201508998871,0.30533085185396786,-0.3062979860123183,1.1930336539368533,-0.9994708536328462,0.0019564435990912874,-0.029470227355349793,-0.013626839930719743,3.744065197849108,0.1517843635032204,1.3266347138584036,0.9957864332051303,0.038016969090479816,-0.0457759898992153,0.06977569959896587
678.4000244140625,772.2000122070312,788.9000244140625,715.5,0.0,35.68325424194336,0.027824997901916504,0.3384549494495109,-0.308278892276454,1.1922799557215555,-0.9994416315414906,0.0019353178450153875,-0.030296835139306744,-0.013956413115987306,3.744065197849108,0.1517843635032204,1.3266347138584036,0.9957864332051303,0.038016969090479816,-0.0457759898992153,0.06977569959896587
679.4000244140625,772.2000122070312,784.9000244140625,715.5,0.0,36.70736312866211,0.06377638876438141,0.36301200201338485,-0.30901975938880183,1.1912881083641131,-0.9994920900950659,0.0002733488551308156,-0.028987742666878966,-0.013236234089757885,3.744065197849108,0.1517843635032204,1.3266347138584036,0.9957864332051303,0.038016969090479816,-0.0457759898992153,0.06977569959896587
679.4000244140625,769.2999877929688,783.0,713.5999755859375,1.0,122.02531433105469,0.29488813877105713,0.3986417983682114,-0.31066817812489206,1.189343412648741,-0.999505331600752,0.0007372833207060695,-0.028217015892642194,-0.013868977218610856,3.744065197849108,0.1517843635032204,1.3266347138584036,0.9957864332051303,0.038016969090479816,-0.0457759898992153,0.06977569959896587
675.5,773.2000122070312,785.9000244140625,717.5,0.0,16.61016845703125,0.018311142921447754,0.41923430686643715,-0.3110205732208818,1.1877426372399515,-0.9995312483473343,1.756326819819841e-05,-0.027400747070250992,-0.013655853277742862,3.744065197849108,0.1517843635032204,1.3266347138584036,0.9957864332051303,0.038016969090479816,-0.0457759898992153,0.06977569959896587
680.4000244140625,768.2999877929688,784.9000244140625,714.5999755859375,0.0,75.12379455566406,0.1852571815252304,0.4619485276064852,-0.3127813155664472,1.1856473189665744,-0.999618403777662,-0.0006049046610920883,-0.02394917379689653,-0.01375201780817944,3.744065197849108,0.1517843635032204,1.3266347138584036,0.9957864332051303,0.038016969090479816,-0.0457759898992153,0.06977569959896587
678.4000244140625,771.2999877929688,787.9000244140625,714.5999755859375,0.0,62.933170318603516,0.08262382447719574,0.48931874032179956,-0.31365145909994807,1.183800768114428,-0.9997024627793837,-0.0010390748775124595,-0.020299683123202437,-0.013484402149578412,3.744065197849108,0.1517843635032204,1.3266347138584036,0.9957864332051303,0.038016969090479816,-0.0457759898992153,0.06977569959896587
681.2999877929688,773.2000122070312,785.9000244140625,718.5,0.0,0.8298540115356445,0.005929633975028992,0.528196576416933,-0.3148108443802928,1.1815275379326806,-0.9998182466245894,-0.0017441667370789208,-0.01335916956311685,-0.013489410198702067,3.744065197849108,0.1517843635032204,1.3266347138584036,0.9957864332051303,0.038016969090479816,-0.0457759898992153,0.06977569959896587
679.4000244140625,771.2999877929688,785.9000244140625,715.5,0.0,35.825382232666016,0.05531062185764313,0.5559045303248962,-0.31562620040305095,1.1798273202059286,-0.9998598580311425,-0.0019761463068063223,-0.009210145552735742,-0.013839521762518032,3.744065197849108,0.1517843635032204,1.3266347138584036,0.9957864332051303,0.038016969090479816,-0.0457759898992153,0.06977569959896587
681.2999877929688,772.2000122070312,784.9000244140625,715.5,0.0,33.68062973022461,0.06789688766002655,0.6008528646696092,-0.31755856278150957,1.1780516197215234,-0.9999036185280807,-0.00254819062297597,0.00013456538834026994,-0.013647060898078645,3.744065197849108,0.1517843635032204,1.3266347138584036,0.9957864332051303,0.038016969090479816,-0.0457759898992153,0.06977569959896587
678.4000244140625,773.2000122070312,785.9000244140625,714.5999755859375,0.0,63.86356735229492,0.09540233761072159,0.6227491742295173,-0.31861848125216263,1.1765044246466467,-0.9998837891714726,-0.0024570637573784037,0.00573469876066254,-0.013909860528231753,3.744065197849108,0.1517843635032204,1.3266347138584036,0.9957864332051303,0.038016969090479816,-0.0457759898992153,0.06977569959896587
678.4000244140625,773.2000122070312,787.9000244140625,717.5,0.0,12.513840675354004,0.004795357584953308,0.6547847891192469,-0.31982831834356584,1.1739619027928003,-0.9998168224157564,-0.003328278002503035,0.013537639270888089,-0.01311398120211107,3.744065197849108,0.1517843635032204,1.3266347138584036,0.9957864332051303,0.038016969090479816,-0.0457759898992153,0.06977569959896587
678.4000244140625,771.2999877929688,785.9000244140625,717.5,0.0,11.830089569091797,0.02118419110774994,0.6862355963817045,-0.3213487025999664,1.1717509925531062,-0.999641013617206,-0.0029752243360179112,0.02312146450879345,-0.01320567353389829,3.744065197849108,0.1517843635032204,1.3266347138584036,0.9957864332051303,0.038016969090479816,-0.0457759898992153,0.06977569959896587
678.4000244140625,772.2000122070312,784.0,714.5999755859375,0.0,72.24076080322266,0.13446000218391418,0.7204048352053631,-0.32304124158042336,1.1682062314036534,-0.999442550497121,-0.003642177005588535,0.030479846338269456,-0.013126376867414464,3.744065197849108,0.1517843635032204,1.3266347138584036,0.9957864332051303,0.038016969090479816,-0.0457759898992153,0.06977569959896587
674.5,770.2999877929688,784.9000244140625,718.5,0.0,18.909799575805664,0.047640085220336914,0.7441384424908766,-0.32476325299118086,1.166489865574737,-0.9992952838470902,-0.0036150615727991,0.03482662722564267,-0.013526753005596043,3.744065197849108,0.1517843635032204,1.3266347138584036,0.9957864332051303,0.038016969090479816,-0.0457759898992153,0.06977569959896587
679.4000244140625,773.2000122070312,784.9000244140625,717.5,0.0,7.090022563934326,0.014940649271011353,0.7702935311527007,-0.3267082183349669,1.1635183306474937,-0.9992297448807421,-0.004711607396330451,0.036863177219544234,-0.012602534133668518,3.744065197849108,0.1517843635032204,1.3266347138584036,0.9957864332051303,0.038016969090479816,-0.0457759898992153,0.06977569959896587
680.4000244140625,773.2000122070312,787.9000244140625,715.5,0.0,31.01688575744629,0.028271079063415527,0.7948628820935298,-0.3291437105967556,1.161200601562793,-0.9991880049761706,-0.004346345191285668,0.03815914858634127,-0.012178644193180906,3.744065197849108,0.1517843635032204,1.3266347138584036,0.9957864332051303,0.038016969090479816,-0.0457759898992153,0.06977569959896587
679.4000244140625,765.4000244140625,784.9000244140625,714.5999755859375,0.0,80.75259399414062,0.2239573448896408,0.8176345527373463,-0.3315605868013967,1.1590013154649734,-0.999207162295873,-0.004058013895399941,0.03754180724845186,-0.012617133128155404,3.744065197849108,0.1517843635032204,1.3266347138584036,0.9957864332051303,0.038016969090479816,-0.0457759898992153,0.06977569959896587
677.4000244140625,774.2000122070312,783.0,714.5999755859375,0.0,73.84640502929688,0.1360352486371994,0.8441739654966265,-0.3350221204055313,1.1562435332619423,-0.9993056622191372,-0.0031989990211831157,0.03508569239490939,-0.012122460608478035,3.744065197849108,0.1517843635032204,1.3266347138584036,0.9957864332051303,0.038016969090479816,-0.0457759898992153,0.06977569959896587
679.4000244140625,772.2000122070312,784.9000244140625,714.5999755859375,0.0,67.59406280517578,0.12013158202171326,0.856002466446056,-0.3365761276701912,1.154489592246603,-0.9993665873225388,-0.00276839467395433,0.033259779474659724,-0.012351000102379961,3.744065197849108,0.1517843635032204,1.3266347138584036,0.9957864332051303,0.038016969090479816,-0.0457759898992153,0.06977569959896587
680.4000244140625,772.2000122070312,785.9000244140625,713.5999755859375,0.0,102.37384796142578,0.17973750829696655,0.8773138308633417,-0.3403250798218993,1.1522179520270603,-0.9994698672285142,-0.0020373309652313093,0.029738333921002672,-0.013094475184489028,3.744065197849108,0.1517843635032204,1.3266347138584036,0.9957864332051303,0.038016969090479816,-0.0457759898992153,0.06977569959896587
679.4000244140625,774.2000122070312,784.9000244140625,719.5,0.0,1.4965009689331055,0.009271129965782166,0.8825372436585915,-0.34157753465976926,1.1521293259449283,-0.9994612221062009,-0.001864869120218515,0.030422102745582946,-0.012177168541217288,3.744065197849108,0.1517843635032204,1.3266347138584036,0.9957864332051303,0.038016969090479816,-0.0457759898992153,0.06977569959896587
679.4000244140625,769.2999877929688,784.0,714.5999755859375,0.0,77.74605560302734,0.187560573220253,0.8999906491863326,-0.3455046588659483,1.1501136393704625,-0.9995448777444681,-0.0022413710621312154,0.027752721422605986,-0.01161034384492609,3.744065197849108,0.1517843635032204,1.3266347138584036,0.9957864332051303,0.038016969090479816,-0.0457759898992153,0.06977569959896587
680.4000244140625,773.2000122070312,785.9000244140625,714.5999755859375,0.0,61.38401794433594,0.09937256574630737,0.9130614820656769,-0.3496803329694331,1.1496701652768828,-0.9995965698035754,-0.003710701635878509,0.025476182018647587,-0.01199551916543308,3.744065197849108,0.1517843635032204,1.3266347138584036,0.9957864332051303,0.038016969090479816,-0.0457759898992153,0.06977569959896587
680.4000244140625,774.2000122070312,786.9000244140625,715.5,0.0,30.78949546813965,0.03257940709590912,0.9195102294231065,-0.3517572655011965,1.149088813651457,-0.9996250048444884,-0.004498611991015173,0.024176517826076563,-0.012046085074272496,3.744065197849108,0.1517843635032204,1.3266347138584036,0.9957864332051303,0.038016969090479816,-0.0457759898992153,0.06977569959896587
683.2999877929688,771.2999877929688,784.0,714.5999755859375,0.0,70.0130844116211,0.1844976395368576,0.933331987411634,-0.3578205416745424,1.1490457498799311,-0.9996966565888633,-0.00557099043836925,0.020860386744424378,-0.01184918290249896,3.744065197849108,0.1517843635032204,1.3266347138584036,0.9957864332051303,0.038016969090479816,-0.0457759898992153,0.06977569959896587
679.4000244140625,773.2000122070312,784.9000244140625,714.5999755859375,0.0,65.79972839355469,0.11285343021154404,0.9368772071443342,-0.36010172735395257,1.149214399872739,-0.9997304074040289,-0.0070822971533566065,0.018727175232240854,-0.011757826611546184,3.744065197849108,0.1517843635032204,1.3266347138584036,0.9957864332051303,0.038016969090479816,-0.0457759898992153,0.06977569959896587
680.4000244140625,773.2000122070312,785.9000244140625,716.5,0.0,12.586812973022461,0.014929607510566711,0.9438381940121079,-0.36574495817389974,1.1498859217060187,-0.9997405604590887,-0.010589108449915386,0.016516147941824915,-0.011571491362263178,3.744065197849108,0.1517843635032204,1.3266347138584036,0.9957864332051303,0.038016969090479816,-0.0457759898992153,0.06977569959896587
679.4000244140625,774.2000122070312,785.9000244140625,714.5999755859375,0.0,61.84622573852539,0.09299712628126144,0.948430936885634,-0.3698436837120972,1.150301471234787,-0.9997384075455523,-0.01425376342705756,0.014338324716858863,-0.010693883801616375,3.744065197849108,0.1517843635032204,1.3266347138584036,0.9957864332051303,0.038016969090479816,-0.0457759898992153,0.06977569959896587
679.4000244140625,775.2000122070312,783.0,717.5,0.0,11.226734161376953,0.02531231939792633,0.9523111175477704,-0.37529917039092897,1.1509186757981538,-0.9997277954539054,-0.016852315016403698,0.011553190155305008,-0.011263137782059101,3.744065197849108,0.1517843635032204,1.3266347138584036,0.9957864332051303,0.038016969090479816,-0.0457759898992153,0.06977569959896587
678.4000244140625,772.2000122070312,784.0,715.5,0.0,40.30556106567383,0.07516306638717651,0.9559686209834871,-0.3816607697401925,1.152151401178611,-0.9997423069692289,-0.016459021515921667,0.010627241668682267,-0.011466560124901621,3.744065197849108,0.1517843635032204,1.3266347138584036,0.9957864332051303,0.038016969090479816,-0.0457759898992153,0.06977569959896587
677.4000244140625,771.2999877929688,786.9000244140625,715.5,0.0,39.23802947998047,0.047811493277549744,0.9593450307142237,-0.38985494221068256,1.1528795646991206,-0.9998325331137232,-0.01168128168883802,0.007904264630193466,-0.011660874159229902,3.744065197849108,0.1517843635032204,1.3266347138584036,0.9957864332051303,0.038016969090479816,-0.0457759898992153,0.06977569959896587
678.4000244140625,771.2999877929688,781.0,710.7000122070312,1.0,227.45175170898438,0.49499446153640747,0.9611621533365386,-0.39563340321628904,1.153982388490638,-0.999888584107381,-0.00734875577321628,0.006572719333581027,-0.011207788402923441,3.744065197849108,0.1517843635032204,1.3266347138584036,0.9957864332051303,0.038016969090479816,-0.0457759898992153,0.06977569959896587
680.4000244140625,772.2000122070312,785.9000244140625,713.5999755859375,0.0,102.37384796142578,0.17973750829696655,0.9631556970735013,-0.4041901384172161,1.1557620653386038,-0.9999226864684597,-0.001122951203781912,0.004814388090220523,-0.011409721013641717,3.744065197849108,0.1517843635032204,1.3266347138584036,0.9957864332051303,0.038016969090479816,-0.0457759898992153,0.06977569959896587
680.4000244140625,772.2000122070312,783.0,714.5999755859375,0.0,75.0534896850586,0.17674770951271057,0.9641306603945775,-0.4094044041143408,1.1568451737770347,-0.9999354894391989,0.0022846132877366683,0.0036983090384724044,-0.010493808287340763,3.744065197849108,0.1517843635032204,1.3266347138584036,0.9957864332051303,0.038016969090479816,-0.0457759898992153,0.06977569959896587
679.4000244140625,773.2000122070312,782.0,713.5999755859375,0.0,119.01399230957031,0.26318222284317017,0.9651722211266746,-0.41557867134488036,1.1584773798197605,-0.999926957664059,0.005047594397026889,0.002348105584893517,-0.010727885516938377,3.744065197849108,0.1517843635032204,1.3266347138584036,0.9957864332051303,0.038016969090479816,-0.0457759898992153,0.06977569959896587
679.4000244140625,772.2000122070312,784.0,709.7000122070312,1.0,251.43215942382812,0.48692119121551514,0.9661669706484102,-0.42369412227584197,1.1602042925935312,-0.9999073097892197,0.007311676773554651,0.0011092249317070913,-0.011431571759616902,3.744065197849108,0.1517843635032204,1.3266347138584036,0.9957864332051303,0.038016969090479816,-0.0457759898992153,0.06977569959896587
680.4000244140625,768.2999877929688,785.9000244140625,714.5999755859375,0.0,70.7492446899414,0.15346987545490265,0.9666678331513415,-0.43071747350969664,1.1616079615234898,-0.9999129085611992,0.0073128011284303,-0.0002935155788447413,-0.01098235316059907,3.744065197849108,0.1517843635032204,1.3266347138584036,0.9957864332051303,0.038016969090479816,-0.0457759898992153,0.06977569959896587
677.4000244140625,773.2000122070312,784.9000244140625,715.5,0.0,39.62628936767578,0.05763237178325653,0.9675915132673089,-0.4380583125900371,1.1637687235606804,-0.9999344676393107,0.005837130034504764,-0.0006666620542694807,-0.009825675628379816,3.744065197849108,0.1517843635032204,1.3266347138584036,0.9957864332051303,0.038016969090479816,-0.0457759898992153,0.06977569959896587
677.4000244140625,770.2999877929688,785.9000244140625,713.5999755859375,0.0,107.18405151367188,0.1847178041934967,0.9675021904647645,-0.44420236335716135,1.1648393331183915,-0.9999387209273796,0.002945619952986049,-0.0014749551505086342,-0.010568927122125605,3.744065197849108,0.1517843635032204,1.3266347138584036,0.9957864332051303,0.038016969090479816,-0.0457759898992153,0.06977569959896587
679.4000244140625,772.2000122070312,784.0,715.5,0.0,38.874210357666016,0.07931786775588989,0.9679882141225644,-0.44990947741467524,1.1666043681017035,-0.9999439101422614,0.0009782609490186682,-0.0026523584361718925,-0.010207084287242636,3.744065197849108,0.1517843635032204,1.3266347138584036,0.9957864332051303,0.038016969090479816,-0.0457759898992153,0.06977569959896587
681.2999877929688,771.2999877929688,783.0,712.5999755859375,1.0,156.3178253173828,0.3534351587295532,0.9682879906840741,-0.4571452933768155,1.167712827076618,-0.9999465397403627,-0.002947052960328757,-0.0014293341800228371,-0.009807626824370821,3.744065197849108,0.1517843635032204,1.3266347138584036,0.9957864332051303,0.038016969090479816,-0.0457759898992153,0.06977569959896587
680.4000244140625,769.2999877929688,783.0,716.5,0.0,26.331798553466797,0.1166534349322319,0.9688697773155502,-0.462323370065506,1.1691449700993566,-0.9999352944622613,-0.0045239783599651685,-0.001707660084254917,-0.010296815308934355,3.744065197849108,0.1517843635032204,1.3266347138584036,0.9957864332051303,0.038016969090479816,-0.0457759898992153,0.06977569959896587
678.4000244140625,771.2999877929688,782.0,713.5999755859375,1.0,122.693359375,0.281843364238739,0.9688307005914437,-0.4682546168317514,1.1696540135104376,-0.9999284956624982,-0.005997005378326333,-0.002504438157257385,-0.010038290598616337,3.744065197849108,0.1517843635032204,1.3266347138584036,0.9957864332051303,0.038016969090479816,-0.0457759898992153,0.06977569959896587
679.4000244140625,772.2000122070312,784.0,715.5,0.0,38.874210357666016,0.07931786775588989,0.9694749190062709,-0.4750581042747444,1.1711382296055919,-0.9999233911218162,-0.00669199038908121,-0.002515230374743634,-0.010104591443591684,3.744065197849108,0.1517843635032204,1.3266347138584036,0.9957864332051303,0.038016969090479816,-0.0457759898992153,0.06977569959896587
677.4000244140625,771.2999877929688,782.0,715.5,0.0,47.90926742553711,0.12792831659317017,0.9698097459703512,-0.48409023278558816,1.1722785522372388,-0.9999274477570383,-0.007397409786153839,-0.002954621048927739,-0.009035915283380973,3.744065197849108,0.1517843635032204,1.3266347138584036,0.9957864332051303,0.038016969090479816,-0.0457759898992153,0.06977569959896587
678.4000244140625,772.2000122070312,784.0,713.5999755859375,0.0,112.6546630859375,0.21245300769805908,0.9698914752339125,-0.4885995028753418,1.173025027589123,-0.9999287434364358,-0.007169308950569893,-0.003337505948348658,-0.00894260101127378,3.744065197849108,0.1517843635032204,1.3266347138584036,0.9957864332051303,0.038016969090479816,-0.0457759898992153,0.06977569959896587
678.4000244140625,771.2999877929688,783.0,710.7000122070312,1.0,236.69700622558594,0.4860405921936035,0.9707816429137706,-0.49868139906964937,1.1743721182955988,-0.9999289941323909,-0.007263523170678856,-0.0038690068664121746,-0.008618509755279027,3.744065197849108,0.1517843635032204,1.3266347138584036,0.9957864332051303,0.038016969090479816,-0.0457759898992153,0.06977569959896587
679.4000244140625,770.2999877929688,782.0,713.5999755859375,1.0,123.93681335449219,0.30710500478744507,0.9719172131399116,-0.5090805301380159,1.1755746552444066,-0.9999340295401367,-0.006262450859771639,-0.004507215622065891,-0.00850901193971219,3.744065197849108,0.1517843635032204,1.3266347138584036,0.9957864332051303,0.038016969090479816,-0.0457759898992153,0.06977569959896587
676.4000244140625,771.2999877929688,783.0,715.5,0.0,46.43145751953125,0.09916083514690399,0.9718833458151195,-0.5124096399113178,1.1755272982063503,-0.9999273408519667,-0.0064730196312954465,-0.004980366489430836,-0.008866170717900152,3.744065197849108,0.1517843635032204,1.3266347138584036,0.9957864332051303,0.038016969090479816,-0.0457759898992153,0.06977569959896587
676.4000244140625,768.2999877929688,785.9000244140625,716.5,0.0,26.607330322265625,0.05600708723068237,0.9726287727671558,-0.5205966531575813,1.1760794490026198,-0.999937131919519,-0.006105703405864716,-0.0047029685024450145,-0.008144610595430328,3.744065197849108,0.1517843635032204,1.3266347138584036,0.9957864332051303,0.038016969090479816,-0.0457759898992153,0.06977569959896587
679.4000244140625,772.2000122070312,783.0,715.5,0.0,41.3994140625,0.10343102365732193,0.9735930335272327,-0.5287160054311948,1.1766019297022883,-0.99994452809497,-0.005048255887350223,-0.004464036793742627,-0.008094950335113336,3.744065197849108,0.1517843635032204,1.3266347138584036,0.9957864332051303,0.038016969090479816,-0.0457759898992153,0.06977569959896587
677.4000244140625,771.2999877929688,784.0,714.5999755859375,0.0,74.77046966552734,0.14071092009544373,0.9744534463047254,-0.5355821725131932,1.1771163936013618,-0.9999465899715928,-0.00459796290856587,-0.004351202066978717,-0.008169637803915468,3.744065197849108,0.1517843635032204,1.3266347138584036,0.9957864332051303,0.038016969090479816,-0.0457759898992153,0.06977569959896587
681.2999877929688,771.2999877929688,783.0,715.5,0.0,39.925376892089844,0.12702137231826782,0.9752923330721107,-0.5410213797751964,1.1773537124851738,-0.9999535559516481,-0.003383994510936643,-0.0033474927946232627,-0.008380263289069314,3.744065197849108,0.1517843635032204,1.3266347138584036,0.9957864332051303,0.038016969090479816,-0.0457759898992153,0.06977569959896587
680.4000244140625,770.2999877929688,784.0,716.5,0.0,18.426374435424805,0.07226267457008362,0.9768924898671892,-0.5537320132945532,1.1774060682885725,-0.9999607410207281,-0.0011441390700163367,-0.004230049587050802,-0.007701561111626875,3.744065197849108,0.1517843635032204,1.3266347138584036,0.9957864332051303,0.038016969090479816,-0.0457759898992153,0.06977569959896587
679.4000244140625,770.2999877929688,784.0,715.5,0.0,41.05195617675781,0.10371148586273193,0.9786380726144981,-0.5636843060680484,1.1776692707786949,-0.9999659750850717,-0.0007611990512723221,-0.004216881552649731,-0.00704891184065976,3.744065197849108,0.1517843635032204,1.3266347138584036,0.9957864332051303,0.038016969090479816,-0.0457759898992153,0.06977569959896587
677.4000244140625,773.2000122070312,782.0,713.5999755859375,0.0,120.90267181396484,0.24956364929676056,0.9799052732149438,-0.5719757791690764,1.177175824939808,-0.9999570406832665,0.0004569636728137941,-0.005924302430173508,-0.007114113639935645,3.744065197849108,0.1517843635032204,1.3266347138584036,0.9957864332051303,0.038016969090479816,-0.0457759898992153,0.06977569959896587
678.4000244140625,774.2000122070312,784.0,715.5,0.0,38.463905334472656,0.06487160921096802,0.9818054186956358,-0.5807826398358825,1.1772116706294535,-0.9999653649657103,0.0001489570178291941,-0.005208629151395828,-0.0064897506241581235,3.744065197849108,0.1517843635032204,1.3266347138584036,0.9957864332051303,0.038016969090479816,-0.0457759898992153,0.06977569959896587
676.4000244140625,772.2000122070312,782.0,714.5999755859375,0.0,82.43582153320312,0.17850364744663239,0.9830690288585852,-0.5860729476460731,1.1772589941233207,-0.9999633908350419,-0.00044789876517620307,-0.005037957564008296,-0.006901837433961539,3.744065197849108,0.1517843635032204,1.3266347138584036,0.9957864332051303,0.038016969090479816,-0.0457759898992153,0.06977569959896587
676.4000244140625,773.2000122070312,781.0,719.5,0.0,11.533992767333984,0.058633953332901,0.98617850699708,-0.5999064566059581,1.175996492201384,-0.9999575093705649,-0.003106850994872957,-0.006102827288719704,-0.0061710962880636355,3.744065197849108,0.1517843635032204,1.3266347138584036,0.9957864332051303,0.038016969090479816,-0.0457759898992153,0.06977569959896587
676.4000244140625,770.2999877929688,784.9000244140625,712.5999755859375,0.0,152.38063049316406,0.27960747480392456,0.9874431502751446,-0.604281672536795,1.1759222893983041,-0.9999568765603121,-0.0038971996106545092,-0.00574011520672807,-0.006173162265246127,3.744065197849108,0.1517843635032204,1.3266347138584036,0.9957864332051303,0.038016969090479816,-0.0457759898992153,0.06977569959896587
678.4000244140625,772.2000122070312,782.0,714.5999755859375,0.0,80.92605590820312,0.19028005003929138,0.9903574663898521,-0.6146077554823134,1.1755306619174979,-0.9999475335095237,-0.006759609120303407,-0.005528930436161851,-0.005354329182333441,3.744065197849108,0.1517843635032204,1.3266347138584036,0.9957864332051303,0.038016969090479816,-0.0457759898992153,0.06977569959896587
674.5,773.2000122070312,784.0,712.5999755859375,0.0,145.55471801757812,0.26761728525161743,0.9922099170194736,-0.6219246259195143,1.174753041049218,-0.9999365413054148,-0.008378464373722033,-0.005568652208410422,-0.005069991073448411,3.744065197849108,0.1517843635032204,1.3266347138584036,0.9957864332051303,0.038016969090479816,-0.0457759898992153,0.06977569959896587
679.4000244140625,770.2999877929688,783.0,712.5999755859375,1.0,159.89157104492188,0.3542269170284271,0.9946430378858521,-0.6297969007446232,1.1738254431190918,-0.9999396135095285,-0.00841742209915929,-0.005498556538912294,-0.004436464313842298,3.744065197849108,0.1517843635032204,1.3266347138584036,0.9957864332051303,0.038016969090479816,-0.0457759898992153,0.06977569959896587
677.4000244140625,770.2999877929688,783.0,714.5999755859375,0.0,108.45973205566406,0.21997880935668945,0.9989610463399601,-0.645031486102676,1.1705853625261229,-0.9999458156035709,-0.007199643437891134,-0.005627906054385972,-0.004985746154767087,3.744065197849108,0.1517843635032204,1.3266347138584036,0.9957864332051303,0.038016969090479816,-0.0457759898992153,0.06977569959896587
677.4000244140625,770.2999877929688,783.0,714.5999755859375,0.0,81.54915618896484,0.18496032059192657,1.0006538616768461,-0.649842346194624,1.1697625506204445,-0.9999513327430927,-0.006761056827826657,-0.005487408373567611,-0.004637737080243446,3.744065197849108,0.1517843635032204,1.3266347138584036,0.9957864332051303,0.038016969090479816,-0.0457759898992153,0.06977569959896587
675.5,772.2000122070312,785.9000244140625,716.5,0.0,24.163846969604492,0.028218448162078857,1.0033613682113425,-0.6594032471179616,1.1675242234243424,-0.9999641335638193,-0.004963511249900543,-0.005053785453106503,-0.004642671065919638,3.744065197849108,0.1517843635032204,1.3266347138584036,0.9957864332051303,0.038016969090479816,-0.0457759898992153,0.06977569959896587
680.4000244140625,774.2000122070312,785.9000244140625,713.5999755859375,0.0,99.4402847290039,0.16698914766311646,1.0065390807039578,-0.669464769718394,1.1655949332260525,-0.9999747796080376,-0.0026963247282220312,-0.004988313118180814,-0.004276296651524773,3.744065197849108,0.1517843635032204,1.3266347138584036,0.9957864332051303,0.038016969090479816,-0.0457759898992153,0.06977569959896587
678.4000244140625,770.2999877929688,784.0,713.5999755859375,0.0,116.2369384765625,0.23825761675834656,1.0110891039256389,-0.6825154581938659,1.1633645188742083,-0.9999775311083925,0.00019285730447405778,-0.005222234518723953,-0.004198612991860986,3.744065197849108,0.1517843635032204,1.3266347138584036,0.9957864332051303,0.038016969090479816,-0.0457759898992153,0.06977569959896587
679.4000244140625,771.2999877929688,784.0,718.5,0.0,6.690142631530762,0.0371890515089035,1.013429810665405,-0.6890040768426748,1.1621357388750018,-0.9999776590171511,0.0013425816111279252,-0.00523514261062248,-0.003933474677963518,3.744065197849108,0.1517843635032204,1.3266347138584036,0.9957864332051303,0.038016969090479816,-0.0457759898992153,0.06977569959896587
679.4000244140625,771.2999877929688,784.0,715.5,0.0,39.76565170288086,0.08950082957744598,1.0166310085335344,-0.6974049892378738,1.1611901368699358,-0.9999694685120684,0.0027734883507672258,-0.005991505247017154,-0.004179912790307899,3.744065197849108,0.1517843635032204,1.3266347138584036,0.9957864332051303,0.038016969090479816,-0.0457759898992153,0.06977569959896587
676.4000244140625,770.2999877929688,783.0,715.5,0.0,47.69236755371094,0.11356338113546371,1.020916064922891,-0.7085943093233551,1.1596047092339377,-0.9999621629815749,0.004226762766366162,-0.006571774099114201,-0.0038234626868307313,3.744065197849108,0.1517843635032204,1.3266347138584036,0.9957864332051303,0.038016969090479816,-0.0457759898992153,0.06977569959896587
679.4000244140625,771.2999877929688,784.0,715.5,0.0,39.76565170288086,0.08950082957744598,1.0248531877422533,-0.7180127436508764,1.1586419880462395,-0.9999488895720438,0.005912985380645438,-0.007016977929843344,-0.004244628164766755,3.744065197849108,0.1517843635032204,1.3266347138584036,0.9957864332051303,0.038016969090479816,-0.0457759898992153,0.06977569959896587
677.4000244140625,770.2999877929688,784.9000244140625,712.5999755859375,0.0,152.1649627685547,0.28385865688323975,1.0296325288100356,-0.7285865784702006,1.1570889901621753,-0.9999511929975351,0.006050911872517726,-0.006710611895119116,-0.003995719748725881,3.744065197849108,0.1517843635032204,1.3266347138584036,0.9957864332051303,0.038016969090479816,-0.0457759898992153,0.06977569959896587
679.4000244140625,772.2000122070312,784.0,714.5999755859375,0.0,71.6188735961914,0.14086025953292847,1.0338004864518906,-0.7372474127099187,1.1558696425941297,-0.9999498542601697,0.006264839674916245,-0.006842015061106264,-0.003771946290257693,3.744065197849108,0.1517843635032204,1.3266347138584036,0.9957864332051303,0.038016969090479816,-0.0457759898992153,0.06977569959896587
678.4000244140625,771.2999877929688,786.9000244140625,714.5999755859375,0.0,63.985103607177734,0.0931076928973198,1.03761542984397,-0.7444439308619424,1.1550990042654266,-0.9999631152308022,0.004973952574793178,-0.005852779633997253,-0.0038435588000442452,3.744065197849108,0.1517843635032204,1.3266347138584036,0.9957864332051303,0.038016969090479816,-0.0457759898992153,0.06977569959896587
677.4000244140625,774.2000122070312,782.0,717.5,0.0,12.720687866210938,0.04029509425163269,1.0429992161245798,-0.7542945803865717,1.1539650467505496,-0.9999745342687059,0.0018631095852688967,-0.005604733417901032,-0.004005820773901484,3.744065197849108,0.1517843635032204,1.3266347138584036,0.9957864332051303,0.038016969090479816,-0.0457759898992153,0.06977569959896587
676.4000244140625,772.2000122070312,785.9000244140625,716.5,0.0,80.43214416503906,0.1910078525543213,1.0503341695608521,-0.7668029159677299,1.1529051572773112,-0.9999750130381274,-0.003822329362403166,-0.004417215362514129,-0.003981369875260044,3.744065197849108,0.1517843635032204,1.3266347138584036,0.9957864332051303,0.038016969090479816,-0.0457759898992153,0.06977569959896587
676.4000244140625,772.2000122070312,785.9000244140625,716.5,0.0,21.946582794189453,0.024420395493507385,1.0529299022367804,-0.7716821049754126,1.1526087150902935,-0.9999741163583312,-0.0048896174642311194,-0.003862146634724926,-0.0035975099443937147,3.744065197849108,0.1517843635032204,1.3266347138584036,0.9957864332051303,0.038016969090479816,-0.0457759898992153,0.06977569959896587
677.4000244140625,769.2999877929688,784.9000244140625,715.5,0.0,44.2071418762207,0.08978801965713501,1.057042150800869,-0.778435844745178,1.1516361259511008,-0.9999475745592198,-0.008200732001783692,-0.004740403892484484,-0.0038890485603687184,3.744065197849108,0.1517843635032204,1.3266347138584036,0.9957864332051303,0.038016969090479816,-0.0457759898992153,0.06977569959896587
678.4000244140625,769.2999877929688,786.9000244140625,713.5999755859375,0.0,105.83477783203125,0.18116584420204163,1.0645328173803352,-0.7917670006429088,1.1496244734205838,-0.9998886891640104,-0.01295971517118198,-0.005423197269628704,-0.005024340348117051,3.744065197849108,0.1517843635032204,1.3266347138584036,0.9957864332051303,0.038016969090479816,-0.0457759898992153,0.06977569959896587
676.4000244140625,770.2999877929688,783.0,716.5,0.0,73.37688446044922,0.15259949862957,1.0717499785703175,-0.8045300240573843,1.1473901230801749,-0.9998850471180811,-0.013548742342160873,-0.0051705051448078816,-0.004426060004777855,3.744065197849108,0.1517843635032204,1.3266347138584036,0.9957864332051303,0.038016969090479816,-0.0457759898992153,0.06977569959896587
676.4000244140625,770.2999877929688,783.0,716.5,0.0,27.196834564208984,0.0816340446472168,1.0726607486332982,-0.8064821701608798,1.1473144157027773,-0.9998957331239586,-0.01276299546225615,-0.004912294130567428,-0.004636614466047431,3.744065197849108,0.1517843635032204,1.3266347138584036,0.9957864332051303,0.038016969090479816,-0.0457759898992153,0.06977569959896587
679.4000244140625,772.2000122070312,783.0,715.5,0.0,41.3994140625,0.10343102365732193,1.0778787772925327,-0.8162306819876886,1.1448815372329737,-0.9998983691533326,-0.01265681949968146,-0.00468939633736856,-0.00458975453041201,3.744065197849108,0.1517843635032204,1.3266347138584036,0.9957864332051303,0.038016969090479816,-0.0457759898992153,0.06977569959896587
679.4000244140625,769.2999877929688,783.0,714.5999755859375,0.0,81.6976547241211,0.21666845679283142,1.0832937009148145,-0.8269107779010821,1.1425609798440826,-0.999920280696826,-0.010402587313905217,-0.00481483663013176,-0.005294882112247385,3.744065197849108,0.1517843635032204,1.3266347138584036,0.9957864332051303,0.038016969090479816,-0.0457759898992153,0.06977569959896587
677.4000244140625,768.2999877929688,782.0,714.5999755859375,0.0,89.84294891357422,0.24971362948417664,1.0898248599721827,-0.8400057024026676,1.1399443927637978,-0.9999565898321058,-0.00586177524748726,-0.00383603684301648,-0.0061435220869358745,3.744065197849108,0.1517843635032204,1.3266347138584036,0.9957864332051303,0.038016969090479816,-0.0457759898992153,0.06977569959896587
677.4000244140625,770.2999877929688,786.9000244140625,712.5999755859375,0.0,143.9580078125,0.2443675547838211,1.0944536166505856,-0.8487653086193334,1.1376518081321463,-0.9999612455414778,-0.004429571243417863,-0.003931328444748734,-0.006513905924667221,3.744065197849108,0.1517843635032204,1.3266347138584036,0.9957864332051303,0.038016969090479816,-0.0457759898992153,0.06977569959896587
677.4000244140625,771.2999877929688,783.0,714.5999755859375,0.0,79.18543243408203,0.16775783896446228,1.0997882070245744,-0.8601428227013305,1.135674531456586,-0.9999638969910754,-0.0018479373991807302,-0.004474537629170792,-0.006983434312426847,3.744065197849108,0.1517843635032204,1.3266347138584036,0.9957864332051303,0.038016969090479816,-0.0457759898992153,0.06977569959896587
680.4000244140625,772.2000122070312,783.0,713.5999755859375,0.0,115.38116455078125,0.2549673914909363,1.106545393975294,-0.8734566722129263,1.133536959511209,-0.9999651028067451,3.0031560481982404e-05,-0.004546462820787819,-0.007008704774801556,3.744065197849108,0.1517843635032204,1.3266347138584036,0.9957864332051303,0.038016969090479816,-0.0457759898992153,0.06977569959896587
679.4000244140625,769.2999877929688,785.9000244140625,715.5,0.0,38.13493347167969,0.07051888108253479,1.112827522575992,-0.8852113800400376,1.1319176647972573,-0.9999627807327007,0.00153743201820842,-0.005366728885371018,-0.00657812079436532,3.744065197849108,0.1517843635032204,1.3266347138584036,0.9957864332051303,0.038016969090479816,-0.0457759898992153,0.06977569959896587
679.4000244140625,772.2000122070312,784.0,714.5999755859375,0.0,24.920867919921875,0.08129924535751343,1.1216137173810936,-0.9022869767106573,1.1297471534935473,-0.9999598207278886,0.0016439853861742633,-0.005274029695690264,-0.007059663778688533,3.744065197849108,0.1517843635032204,1.3266347138584036,0.9957864332051303,0.038016969090479816,-0.0457759898992153,0.06977569959896587
679.4000244140625,772.2000122070312,784.0,714.5999755859375,0.0,71.6188735961914,0.14086025953292847,1.1246126371497913,-0.9077748465807252,1.1290694738030065,-0.9999551367508783,0.0018665639817005304,-0.00589293451517898,-0.007177307798491625,3.744065197849108,0.1517843635032204,1.3266347138584036,0.9957864332051303,0.038016969090479816,-0.0457759898992153,0.06977569959896587
679.4000244140625,773.2000122070312,784.9000244140625,711.5999755859375,1.0,188.98553466796875,0.3533095717430115,1.1316233785100263,-0.9204804536897536,1.1269298780546215,-0.999955001004819,0.00034316575835462745,-0.005268932741177171,-0.007881405362210641,3.744065197849108,0.1517843635032204,1.3266347138584036,0.9957864332051303,0.038016969090479816,-0.0457759898992153,0.06977569959896587
677.4000244140625,775.2000122070312,782.0,717.5,0.0,17.267858505249023,0.03696364164352417,1.137949924287303,-0.9317597478109774,1.125532541568898,-0.9999606712103336,-0.0014265321952613133,-0.0038921776629815977,-0.00784040761151541,3.744065197849108,0.1517843635032204,1.3266347138584036,0.9957864332051303,0.038016969090479816,-0.0457759898992153,0.06977569959896587
679.4000244140625,771.2999877929688,783.0,712.5999755859375,1.0,157.9521942138672,0.3376549482345581,1.145479112824077,-0.9455043152311857,1.1244468327443764,-0.9999544172010191,-0.004132715988480547,-0.0027537432080197953,-0.00815481925447152,3.744065197849108,0.1517843635032204,1.3266347138584036,0.9957864332051303,0.038016969090479816,-0.0457759898992153,0.06977569959896587
680.4000244140625,771.2999877929688,784.0,714.5999755859375,0.0,72.5154037475586,0.16057518124580383,1.1492497415386673,-0.9524313346296771,1.1230205257420272,-0.9999350516962303,-0.0066786451700151985,-0.0032965048933034755,-0.00862676900344126,3.744065197849108,0.1517843635032204,1.3266347138584036,0.9957864332051303,0.038016969090479816,-0.0457759898992153,0.06977569959896587
679.4000244140625,773.2000122070312,783.0,714.5999755859375,0.0,74.46673583984375,0.15576724708080292,1.1567626545970306,-0.9662914154922857,1.1213262800131183,-0.9999159984581526,-0.009466697598835661,-0.0022741802172280474,-0.008556036953381248,3.744065197849108,0.1517843635032204,1.3266347138584036,0.9957864332051303,0.038016969090479816,-0.0457759898992153,0.06977569959896587
674.5,771.2999877929688,785.9000244140625,713.5999755859375,0.0,100.86951446533203,0.1664465367794037,1.164401082645574,-0.9802369668115394,1.1194899755078682,-0.9999029045791599,-0.010488839998591803,-0.0014853397435729443,-0.009053143956083911,3.744065197849108,0.1517843635032204,1.3266347138584036,0.9957864332051303,0.038016969090479816,-0.0457759898992153,0.06977569959896587
679.4000244140625,772.2000122070312,784.0,714.5999755859375,0.0,71.6188735961914,0.14086025953292847,1.1672341786417466,-0.9862161232524229,1.1184544430087069,-0.9998975126039201,-0.011103975857197896,-0.0018753134064141946,-0.008840204086114536,3.744065197849108,0.1517843635032204,1.3266347138584036,0.9957864332051303,0.038016969090479816,-0.0457759898992153,0.06977569959896587
677.4000244140625,772.2000122070312,784.0,715.5,0.0,42.08474349975586,0.07430322468280792,1.1746510823160885,-1.00141814074514,1.1170305363850197,-0.9999207060590377,-0.00924658910744258,-0.0014763336158839756,-0.008420369548207051,3.744065197849108,0.1517843635032204,1.3266347138584036,0.9957864332051303,0.038016969090479816,-0.0457759898992153,0.06977569959896587
677.4000244140625,772.2000122070312,782.0,710.7000122070312,1.0,236.75347900390625,0.48830705881118774,1.180496942296916,-1.0138165249604898,1.115130995542329,-0.999922830754451,-0.008769639861111919,-0.0018743521883622927,-0.008597252851111951,3.744065197849108,0.1517843635032204,1.3266347138584036,0.9957864332051303,0.038016969090479816,-0.0457759898992153,0.06977569959896587
677.4000244140625,772.2000122070312,782.0,713.5999755859375,0.0,122.28137969970703,0.26272323727607727,1.1867949200572885,-1.0273813105747351,1.1141635424269507,-0.9999444526239073,-0.005501045938673041,-0.00164779588450349,-0.00883826504344048,3.744065197849108,0.1517843635032204,1.3266347138584036,0.9957864332051303,0.038016969090479816,-0.0457759898992153,0.06977569959896587
679.4000244140625,769.2999877929688,784.0,714.5999755859375,0.0,77.74605560302734,0.187560573220253,1.1903241484635447,-1.0359730976679908,1.1128416433084964,-0.9999425552168345,-0.004673557672128897,-0.0034412372654819773,-0.009011215855578883,3.744065197849108,0.1517843635032204,1.3266347138584036,0.9957864332051303,0.038016969090479816,-0.0457759898992153,0.06977569959896587
680.4000244140625,769.2999877929688,783.0,715.5,0.0,45.27265167236328,0.15583327412605286,1.1980121157601338,-1.0519506829364074,1.1116555146187437,-0.9999543453389069,-0.002940521632987093,-0.0029060994172890073,-0.008614821909993388,3.744065197849108,0.1517843635032204,1.3266347138584036,0.9957864332051303,0.038016969090479816,-0.0457759898992153,0.06977569959896587
678.4000244140625,770.2999877929688,783.0,710.7000122070312,1.0,234.4044647216797,0.4886118173599243,1.2018817557373118,-1.061163450254188,1.1108309656671056,-0.9999597229269033,-0.0014543635696131238,-0.0032545817262567877,-0.00823681056876163,3.744065197849108,0.1517843635032204,1.3266347138584036,0.9957864332051303,0.038016969090479816,-0.0457759898992153,0.06977569959896587
675.5,769.2999877929688,782.0,712.5999755859375,1.0,165.50753784179688,0.3794724941253662,1.2018817557373118,-1.061163450254188,1.1108309656671056,-0.9999597229269033,-0.0014543635696131238,-0.0032545817262567877,-0.00823681056876163,3.744065197849108,0.1517843635032204,1.3266347138584036,0.9957864332051303,0.038016969090479816,-0.0457759898992153,0.06977569959896587
680.4000244140625,772.2000122070312,784.0,713.5999755859375,0.0,111.36566162109375,0.22621014714241028,1.2018817557373118,-1.061163450254188,1.1108309656671056,-0.9999597229269033,-0.0014543635696131238,-0.0032545817262567877,-0.00823681056876163,3.744065197849108,0.1517843635032204,1.3266347138584036,0.9957864332051303,0.038016969090479816,-0.0457759898992153,0.06977569959896587
678.4000244140625,771.2999877929688,783.0,713.5999755859375,0.0,118.63668060302734,0.2524226903915405,1.2089051811635647,-1.0767499720324458,1.1094855025853299,-0.9999501108146396,-8.152048551385384e-05,-0.004012472862890795,-0.009147092309857802,3.744065197849108,0.1517843635032204,1.3266347138584036,0.9957864332051303,0.038016969090479816,-0.0457759898992153,0.06977569959896587
678.4000244140625,766.4000244140625,785.9000244140625,713.5999755859375,0.0,79.18543243408203,0.16775783896446228,1.2253668732336462,-1.1131687552118052,1.1067407349422091,-0.9999546849927677,0.002567744522957965,-0.00388449117457193,-0.008303335317478074,3.744065197849108,0.1517843635032204,1.3266347138584036,0.9957864332051303,0.038016969090479816,-0.0457759898992153,0.06977569959896587
678.4000244140625,765.4000244140625,784.0,714.5999755859375,0.0,114.87935638427734,0.2434743195772171,1.2344116708946231,-1.1326564889022026,1.1055364578134952,-0.9999554170334896,0.003359032148794813,-0.0021794858662400316,-0.00855164836521316,3.744065197849108,0.1517843635032204,1.3266347138584036,0.9957864332051303,0.038016969090479816,-0.0457759898992153,0.06977569959896587
678.4000244140625,765.4000244140625,784.0,714.5999755859375,0.0,85.49776458740234,0.24450960755348206,1.2363396918979017,-1.1368915942832165,1.104986697580685,-0.999961201796103,0.002537881786613514,-0.0019083631363205377,-0.008216581325003046,3.744065197849108,0.1517843635032204,1.3266347138584036,0.9957864332051303,0.038016969090479816,-0.0457759898992153,0.06977569959896587
677.4000244140625,768.2999877929688,782.0,714.5999755859375,0.0,89.84294891357422,0.24971362948417664,1.2363396918979017,-1.1368915942832165,1.104986697580685,-0.999961201796103,0.002537881786613514,-0.0019083631363205377,-0.008216581325003046,3.744065197849108,0.1517843635032204,1.3266347138584036,0.9957864332051303,0.038016969090479816,-0.0457759898992153,0.06977569959896587
679.4000244140625,770.2999877929688,784.9000244140625,713.5999755859375,0.0,74.10701751708984,0.14572294056415558,1.2533996362576658,-1.1732699922526884,1.1023818100488518,-0.9999566536065775,-0.0009891717333320228,-0.0024458087627151045,-0.008929191828698212,3.744065197849108,0.1517843635032204,1.3266347138584036,0.9957864332051303,0.038016969090479816,-0.0457759898992153,0.06977569959896587
679.4000244140625,770.2999877929688,784.9000244140625,713.5999755859375,0.0,111.42062377929688,0.21834377944469452,1.2533996362576658,-1.1732699922526884,1.1023818100488518,-0.9999566536065775,-0.0009891717333320228,-0.0024458087627151045,-0.008929191828698212,3.744065197849108,0.1517843635032204,1.3266347138584036,0.9957864332051303,0.038016969090479816,-0.0457759898992153,0.06977569959896587
679.4000244140625,769.2999877929688,784.9000244140625,713.5999755859375,0.0,113.43321228027344,0.23421089351177216,1.2533996362576658,-1.1732699922526884,1.1023818100488518,-0.9999566536065775,-0.0009891717333320228,-0.0024458087627151045,-0.008929191828698212,3.744065197849108,0.1517843635032204,1.3266347138584036,0.9957864332051303,0.038016969090479816,-0.0457759898992153,0.06977569959896587
678.4000244140625,770.2999877929688,781.0,713.5999755859375,1.0,129.09364318847656,0.329953670501709,1.2654820076463427,-1.1986479658975193,1.1004029273669882,-0.9999541116458595,-0.004205261309580706,-0.0031122386670012865,-0.00802523210493354,3.744065197849108,0.1517843635032204,1.3266347138584036,0.9957864332051303,0.038016969090479816,-0.0457759898992153,0.06977569959896587
679.4000244140625,770.2999877929688,781.0,716.5,0.0,35.485618591308594,0.15181368589401245,1.274370499510431,-1.2172262714415538,1.0974450141947127,-0.9999413332508217,-0.0052122365474646685,-0.004574709196781364,-0.008320738098716045,3.744065197849108,0.1517843635032204,1.3266347138584036,0.9957864332051303,0.038016969090479816,-0.0457759898992153,0.06977569959896587
680.4000244140625,770.2999877929688,781.0,714.5999755859375,1.0,87.16323852539062,0.26780760288238525,1.2772997557396923,-1.2239708314726685,1.0963807183970944,-0.99994446803012,-0.004353462531196088,-0.005111953745003579,-0.008122570335719182,3.744065197849108,0.1517843635032204,1.3266347138584036,0.9957864332051303,0.038016969090479816,-0.0457759898992153,0.06977569959896587
677.4000244140625,772.2000122070312,782.0,715.5,0.0,47.08499526977539,0.11732609570026398,1.2772997557396923,-1.2239708314726685,1.0963807183970944,-0.99994446803012,-0.004353462531196088,-0.005111953745003579,-0.008122570335719182,3.744065197849108,0.1517843635032204,1.3266347138584036,0.9957864332051303,0.038016969090479816,-0.0457759898992153,0.06977569959896587
678.4000244140625,770.2999877929688,782.0,713.5999755859375,1.0,124.87153625488281,0.29964548349380493,1.293731520091565,-1.2589763118195594,1.0887919654472635,-0.9999500494919957,-0.003144557817929803,-0.0037610726005850065,-0.00871002927539102,3.744065197849108,0.1517843635032204,1.3266347138584036,0.9957864332051303,0.038016969090479816,-0.0457759898992153,0.06977569959896587
677.4000244140625,771.2999877929688,784.0,715.5,0.0,43.0392951965332,0.08041264116764069,1.299837144996427,-1.2716983051869093,1.0857544806368744,-0.9999554030924103,-0.0011625764182197885,-0.0024474524793140122,-0.009047111070871722,3.744065197849108,0.1517843635032204,1.3266347138584036,0.9957864332051303,0.038016969090479816,-0.0457759898992153,0.06977569959896587
677.4000244140625,765.4000244140625,784.0,717.5,0.0,30.063947677612305,0.1508113443851471,1.3027306123787592,-1.2779079239197213,1.083936457762541,-0.9999611127711372,-0.0011740822061548793,-0.0026201705657965787,-0.008338416077917186,3.744065197849108,0.1517843635032204,1.3266347138584036,0.9957864332051303,0.038016969090479816,-0.0457759898992153,0.06977569959896587
678.4000244140625,769.2999877929688,782.0,713.5999755859375,1.0,127.04973602294922,0.3174476623535156,1.3119228741485962,-1.2975500367661565,1.0801192437540865,-0.9999609120727968,0.001263814351045182,-0.0014443314536547467,-0.008630817254378503,3.744065197849108,0.1517843635032204,1.3266347138584036,0.9957864332051303,0.038016969090479816,-0.0457759898992153,0.06977569959896587
678.4000244140625,770.2999877929688,783.0,713.5999755859375,0.0,120.7698745727539,0.2700008153915405,1.3184282423051825,-1.3122778463989184,1.0779651623623598,-0.9999577885237817,0.001846517199943464,-0.00040725913977615293,-0.008991422849106588,3.744065197849108,0.1517843635032204,1.3266347138584036,0.9957864332051303,0.038016969090479816,-0.0457759898992153,0.06977569959896587
681.2999877929688,769.2999877929688,783.0,714.5999755859375,0.0,79.99054718017578,0.23208679258823395,1.3233323371760555,-1.3228170130846728,1.0770007859643147,-0.9999486382368228,0.0026751287391567195,-0.0009159503284496475,-0.009732708232995237,3.744065197849108,0.1517843635032204,1.3266347138584036,0.9957864332051303,0.038016969090479816,-0.0457759898992153,0.06977569959896587
678.4000244140625,770.2999877929688,780.0999755859375,716.5,0.0,41.41411209106445,0.1723656952381134,1.3261497268769746,-1.3290490851843635,1.0763983975693305,-0.9999535964639336,0.002685543163245298,-0.0001970930479988864,-0.009249536804266519,3.744065197849108,0.1517843635032204,1.3266347138584036,0.9957864332051303,0.038016969090479816,-0.0457759898992153,0.06977569959896587
680.4000244140625,770.2999877929688,781.0,717.5,0.0,32.86154556274414,0.14505550265312195,1.3357881133046807,-1.3495864143586267,1.076098473211962,-0.9999435399378027,0.0034736551129380677,0.0007885390098048183,-0.010011436612325912,3.744065197849108,0.1517843635032204,1.3266347138584036,0.9957864332051303,0.038016969090479816,-0.0457759898992153,0.06977569959896587
677.4000244140625,772.2000122070312,784.0,715.5,0.0,42.08474349975586,0.07430322468280792,1.3408388811771048,-1.3613372788224378,1.0760581667321625,-0.9999299932991403,0.004189834709906567,0.0008365091875249285,-0.011034221235057476,3.744065197849108,0.1517843635032204,1.3266347138584036,0.9957864332051303,0.038016969090479816,-0.0457759898992153,0.06977569959896587
677.4000244140625,771.2999877929688,783.0,714.5999755859375,0.0,79.18543243408203,0.16775783896446228,1.344950554115253,-1.3694227168792092,1.0756900108751517,-0.9999359416478928,0.0049805319348987,0.0006193425760516483,-0.010145112969359707,3.744065197849108,0.1517843635032204,1.3266347138584036,0.9957864332051303,0.038016969090479816,-0.0457759898992153,0.06977569959896587
676.4000244140625,770.2999877929688,784.0,716.5,0.0,26.532865524291992,0.06331722438335419,1.3488372933464285,-1.3789147739295433,1.0750488329517927,-0.9999195530280329,0.006488909505709446,0.000985936308504314,-0.010854006414275526,3.744065197849108,0.1517843635032204,1.3266347138584036,0.9957864332051303,0.038016969090479816,-0.0457759898992153,0.06977569959896587
680.4000244140625,770.2999877929688,781.0,715.5,0.0,51.565067291259766,0.19798801839351654,1.3488372933464285,-1.3789147739295433,1.0750488329517927,-0.9999195530280329,0.006488909505709446,0.000985936308504314,-0.010854006414275526,3.744065197849108,0.1517843635032204,1.3266347138584036,0.9957864332051303,0.038016969090479816,-0.0457759898992153,0.06977569959896587
677.4000244140625,771.2999877929688,785.9000244140625,716.5,0.0,20.978782653808594,0.02733740210533142,1.3574047659916306,-1.3971654267865476,1.073685330324246,-0.9998920787027303,0.010014995673615914,0.0015532025332220725,-0.010635712062737437,3.744065197849108,0.1517843635032204,1.3266347138584036,0.9957864332051303,0.038016969090479816,-0.0457759898992153,0.06977569959896587
678.4000244140625,765.4000244140625,781.0,712.5999755859375,1.0,176.81207275390625,0.48515385389328003,1.3670728796215632,-1.4184668594441137,1.0709253162400265,-0.9998661616619666,0.012346158478925773,-0.00015875071785091837,-0.010733402647284094,3.744065197849108,0.1517843635032204,1.3266347138584036,0.9957864332051303,0.038016969090479816,-0.0457759898992153,0.06977569959896587
678.4000244140625,767.4000244140625,783.0,713.5999755859375,1.0,126.29236602783203,0.31846001744270325,1.3677644549631163,-1.4199466577658673,1.070627207260227,-0.9998685197850509,0.012335807583999716,-0.0004538140982678205,-0.010514991529533434,3.744065197849108,0.1517843635032204,1.3266347138584036,0.9957864332051303,0.038016969090479816,-0.0457759898992153,0.06977569959896587
675.5,771.2999877929688,784.0,711.5999755859375,1.0,193.34840393066406,0.3756062984466553,1.3677644549631163,-1.4199466577658673,1.070627207260227,-0.9998685197850509,0.012335807583999716,-0.0004538140982678205,-0.010514991529533434,3.744065197849108,0.1517843635032204,1.3266347138584036,0.9957864332051303,0.038016969090479816,-0.0457759898992153,0.06977569959896587
679.4000244140625,770.2999877929688,782.0,712.5999755859375,0.0,84.7878189086914,0.2501087188720703,1.3796421333262572,-1.4433906007399102,1.0689329173457376,-0.9998445104363799,0.013014395032130352,-0.0008315263337693203,-0.011869668746000898,3.744065197849108,0.1517843635032204,1.3266347138584036,0.9957864332051303,0.038016969090479816,-0.0457759898992153,0.06977569959896587
679.4000244140625,770.2999877929688,782.0,712.5999755859375,1.0,164.2645263671875,0.38532474637031555,1.3816546479996834,-1.4466382459930685,1.068473813752262,-0.9998553684733841,0.01195275444444765,-0.000719389300879836,-0.012077097133756324,3.744065197849108,0.1517843635032204,1.3266347138584036,0.9957864332051303,0.038016969090479816,-0.0457759898992153,0.06977569959896587
680.4000244140625,771.2999877929688,784.0,715.5,0.0,38.198055267333984,0.09506575018167496,1.3848253404075501,-1.4522521740554863,1.0682788808894832,-0.9998565833303965,0.011839814746487494,-0.0007295126713753138,-0.012087157188391989,3.744065197849108,0.1517843635032204,1.3266347138584036,0.9957864332051303,0.038016969090479816,-0.0457759898992153,0.06977569959896587
678.4000244140625,772.2000122070312,785.9000244140625,712.5999755859375,0.0,142.9197235107422,0.24757298827171326,1.3848253404075501,-1.4522521740554863,1.0682788808894832,-0.9998565833303965,0.011839814746487494,-0.0007295126713753138,-0.012087157188391989,3.744065197849108,0.1517843635032204,1.3266347138584036,0.9957864332051303,0.038016969090479816,-0.0457759898992153,0.06977569959896587
677.4000244140625,769.2999877929688,785.9000244140625,715.5,0.0,42.63580322265625,0.07134033739566803,1.3848253404075501,-1.4522521740554863,1.0682788808894832,-0.9998565833303965,0.011839814746487494,-0.0007295126713753138,-0.012087157188391989,3.744065197849108,0.1517843635032204,1.3266347138584036,0.9957864332051303,0.038016969090479816,-0.0457759898992153,0.06977569959896587
678.4000244140625,770.2999877929688,782.0,717.5,0.0,22.049251556396484,0.10191203653812408,1.3848253404075501,-1.4522521740554863,1.0682788808894832,-0.9998565833303965,0.011839814746487494,-0.0007295126713753138,-0.012087157188391989,3.744065197849108,0.1517843635032204,1.3266347138584036,0.9957864332051303,0.038016969090479816,-0.0457759898992153,0.06977569959896587
678.4000244140625,770.2999877929688,783.0,713.5999755859375,0.0,120.7698745727539,0.2700008153915405,1.3848253404075501,-1.4522521740554863,1.0682788808894832,-0.9998565833303965,0.011839814746487494,-0.0007295126713753138,-0.012087157188391989,3.744065197849108,0.1517843635032204,1.3266347138584036,0.9957864332051303,0.038016969090479816,-0.0457759898992153,0.06977569959896587
675.5,773.2000122070312,783.0,715.5,0.0,44.786346435546875,0.08006328344345093,1.3975040554401272,-1.4720524547397171,1.0685825979468708,-0.9999046111804475,0.0029180595940518977,3.89272707483957e-05,-0.01350007233134781,3.744065197849108,0.1517843635032204,1.3266347138584036,0.9957864332051303,0.038016969090479816,-0.0457759898992153,0.06977569959896587
677.4000244140625,770.2999877929688,784.0,712.5999755859375,1.0,156.59039306640625,0.30874091386795044,1.3992248629355006,-1.4745967818605608,1.068500452121952,-0.9999107830075127,5.989678902828795e-05,0.00031201678597153105,-0.013353841514824752,3.744065197849108,0.1517843635032204,1.3266347138584036,0.9957864332051303,0.038016969090479816,-0.0457759898992153,0.06977569959896587
678.4000244140625,769.2999877929688,785.9000244140625,714.5999755859375,0.0,69.4415512084961,0.12169615179300308,1.4080272177245772,-1.4888491522673277,1.0689158789757576,-0.999813826669195,-0.012867470554778068,-0.0030046851178317483,-0.014061012408976994,3.744065197849108,0.1517843635032204,1.3266347138584036,0.9957864332051303,0.038016969090479816,-0.0457759898992153,0.06977569959896587
677.4000244140625,771.2999877929688,784.0,715.5,0.0,43.0392951965332,0.08041264116764069,1.4131040885755308,-1.4978602374401693,1.0695104095543608,-0.9998183096386983,-0.013352454429204812,-0.0023108919116823553,-0.013405948325454603,3.744065197849108,0.1517843635032204,1.3266347138584036,0.9957864332051303,0.038016969090479816,-0.0457759898992153,0.06977569959896587
679.4000244140625,773.2000122070312,784.0,714.5999755859375,0.0,69.85118103027344,0.13036435842514038,1.4131040885755308,-1.4978602374401693,1.0695104095543608,-0.9998183096386983,-0.013352454429204812,-0.0023108919116823553,-0.013405948325454603,3.744065197849108,0.1517843635032204,1.3266347138584036,0.9957864332051303,0.038016969090479816,-0.0457759898992153,0.06977569959896587
677.4000244140625,772.2000122070312,786.9000244140625,714.5999755859375,0.0,64.64199829101562,0.08814631402492523,1.4131040885755308,-1.4978602374401693,1.0695104095543608,-0.9998183096386983,-0.013352454429204812,-0.0023108919116823553,-0.013405948325454603,3.744065197849108,0.1517843635032204,1.3266347138584036,0.9957864332051303,0.038016969090479816,-0.0457759898992153,0.06977569959896587
678.4000244140625,772.2000122070312,781.0,714.5999755859375,0.0,85.16725158691406,0.22093427181243896,1.4242376783698354,-1.5209675948603234,1.0700334978345092,-0.9998841944037793,-0.006368890995041941,-0.0020890841666973414,-0.013662749955368286,3.744065197849108,0.1517843635032204,1.3266347138584036,0.9957864332051303,0.038016969090479816,-0.0457759898992153,0.06977569959896587
677.4000244140625,769.2999877929688,783.0,713.5999755859375,0.0,123.38887023925781,0.278915673494339,1.4268787330853872,-1.5278497025071585,1.0703255659333832,-0.9998928238003351,-0.0041517560078349,-0.0018527538687083422,-0.013916577802957701,3.744065197849108,0.1517843635032204,1.3266347138584036,0.9957864332051303,0.038016969090479816,-0.0457759898992153,0.06977569959896587
678.4000244140625,769.2999877929688,785.9000244140625,715.5,0.0,40.48509216308594,0.06982046365737915,1.4268787330853872,-1.5278497025071585,1.0703255659333832,-0.9998928238003351,-0.0041517560078349,-0.0018527538687083422,-0.013916577802957701,3.744065197849108,0.1517843635032204,1.3266347138584036,0.9957864332051303,0.038016969090479816,-0.0457759898992153,0.06977569959896587
678.4000244140625,767.4000244140625,784.0,717.5,0.0,22.43444061279297,0.10984577238559723,1.4268787330853872,-1.5278497025071585,1.0703255659333832,-0.9998928238003351,-0.0041517560078349,-0.0018527538687083422,-0.013916577802957701,3.744065197849108,0.1517843635032204,1.3266347138584036,0.9957864332051303,0.038016969090479816,-0.0457759898992153,0.06977569959896587
674.5,771.2999877929688,784.0,714.5999755859375,0.0,73.98033905029297,0.13163793087005615,1.4370321495746636,-1.5528716364536943,1.0700974722283303,-0.999873696104921,-0.0021051087691238072,-0.003632770856797977,-0.015328513641452511,3.744065197849108,0.1517843635032204,1.3266347138584036,0.9957864332051303,0.038016969090479816,-0.0457759898992153,0.06977569959896587
672.5,769.2999877929688,782.0,717.5,0.0,38.79611587524414,0.1594383418560028,1.4401124899704967,-1.559937796911656,1.0705059215139365,-0.9998804333927441,-0.0023907983670634404,-0.003656874761264872,-0.014833417289584927,3.744065197849108,0.1517843635032204,1.3266347138584036,0.9957864332051303,0.038016969090479816,-0.0457759898992153,0.06977569959896587
677.4000244140625,774.2000122070312,782.0,714.5999755859375,0.0,78.58902740478516,0.15909048914909363,1.4401124899704967,-1.559937796911656,1.0705059215139365,-0.9998804333927441,-0.0023907983670634404,-0.003656874761264872,-0.014833417289584927,3.744065197849108,0.1517843635032204,1.3266347138584036,0.9957864332051303,0.038016969090479816,-0.0457759898992153,0.06977569959896587
678.4000244140625,772.2000122070312,784.0,713.5999755859375,0.0,112.6546630859375,0.21245300769805908,1.4401124899704967,-1.559937796911656,1.0705059215139365,-0.9998804333927441,-0.0023907983670634404,-0.003656874761264872,-0.014833417289584927,3.744065197849108,0.1517843635032204,1.3266347138584036,0.9957864332051303,0.038016969090479816,-0.0457759898992153,0.06977569959896587
679.4000244140625,769.2999877929688,782.0,714.5999755859375,0.0,85.77323913574219,0.2464308738708496,1.4485568723763997,-1.5796171097963412,1.0717976258776172,-0.9998493930333108,-0.003043447308703818,-0.004754127089631463,-0.01641118383952684,3.744065197849108,0.1517843635032204,1.3266347138584036,0.9957864332051303,0.038016969090479816,-0.0457759898992153,0.06977569959896587
678.4000244140625,773.2000122070312,783.0,714.5999755859375,0.0,75.02326202392578,0.149347722530365,1.4551694094765628,-1.5946474060523563,1.0726942127235584,-0.9998521553254235,-0.003052656603071247,-0.004218422435859279,-0.016387607846222566,3.744065197849108,0.1517843635032204,1.3266347138584036,0.9957864332051303,0.038016969090479816,-0.0457759898992153,0.06977569959896587
678.4000244140625,771.2999877929688,785.9000244140625,712.5999755859375,0.0,144.41281127929688,0.2549157440662384,1.4551694094765628,-1.5946474060523563,1.0726942127235584,-0.9998521553254235,-0.003052656603071247,-0.004218422435859279,-0.016387607846222566,3.744065197849108,0.1517843635032204,1.3266347138584036,0.9957864332051303,0.038016969090479816,-0.0457759898992153,0.06977569959896587
678.4000244140625,771.2999877929688,783.0,713.5999755859375,0.0,118.63668060302734,0.2524226903915405,1.4551694094765628,-1.5946474060523563,1.0726942127235584,-0.9998521553254235,-0.003052656603071247,-0.004218422435859279,-0.016387607846222566,3.744065197849108,0.1517843635032204,1.3266347138584036,0.9957864332051303,0.038016969090479816,-0.0457759898992153,0.06977569959896587
680.4000244140625,769.2999877929688,784.9000244140625,715.5,0.0,38.55403518676758,0.10144012421369553,1.4628699575087611,-1.6119230287906847,1.0739974785976292,-0.9998433874283061,-0.0017217272699145735,-0.0031864270508998012,-0.017322902578597536,3.744065197849108,0.1517843635032204,1.3266347138584036,0.9957864332051303,0.038016969090479816,-0.0457759898992153,0.06977569959896587
678.4000244140625,770.2999877929688,784.9000244140625,714.5999755859375,0.0,72.15143585205078,0.13510380685329437,1.4705012507580189,-1.6288956936027774,1.0753682467974162,-0.9998387083407217,-0.0015496676981410801,-0.0030229579768093,-0.0176356899114505,3.744065197849108,0.1517843635032204,1.3266347138584036,0.9957864332051303,0.038016969090479816,-0.0457759898992153,0.06977569959896587
677.4000244140625,773.2000122070312,785.9000244140625,713.5999755859375,0.0,101.67237091064453,0.1631755530834198,1.4705012507580189,-1.6288956936027774,1.0753682467974162,-0.9998387083407217,-0.0015496676981410801,-0.0030229579768093,-0.0176356899114505,3.744065197849108,0.1517843635032204,1.3266347138584036,0.9957864332051303,0.038016969090479816,-0.0457759898992153,0.06977569959896587
678.4000244140625,772.2000122070312,783.0,714.5999755859375,0.0,76.7220458984375,0.1610012948513031,1.4705012507580189,-1.6288956936027774,1.0753682467974162,-0.9998387083407217,-0.0015496676981410801,-0.0030229579768093,-0.0176356899114505,3.744065197849108,0.1517843635032204,1.3266347138584036,0.9957864332051303,0.038016969090479816,-0.0457759898992153,0.06977569959896587
681.2999877929688,771.2999877929688,783.0,710.7000122070312,0.0,34.84733581542969,0.1399691104888916,1.4820192764406217,-1.6532659287872171,1.077885377554346,-0.9998304565360416,-0.0016906913580490186,-0.0022690995615976452,-0.01819480510590658,3.744065197849108,0.1517843635032204,1.3266347138584036,0.9957864332051303,0.038016969090479816,-0.0457759898992153,0.06977569959896587
681.2999877929688,771.2999877929688,783.0,710.7000122070312,1.0,228.63958740234375,0.48743152618408203,1.4867704579765355,-1.6632972861301867,1.0787648933826044,-0.9998240851709267,-0.0018418251421209457,-0.003556784789967158,-0.01832363703589466,3.744065197849108,0.1517843635032204,1.3266347138584036,0.9957864332051303,0.038016969090479816,-0.0457759898992153,0.06977569959896587
678.4000244140625,772.2000122070312,783.0,715.5,0.0,42.967018127441406,0.0978662520647049,1.4874692504953293,-1.6648067117416039,1.0788239787354088,-0.999822569214901,-0.001858558866672679,-0.0038029686932751403,-0.018355197535618973,3.744065197849108,0.1517843635032204,1.3266347138584036,0.9957864332051303,0.038016969090479816,-0.0457759898992153,0.06977569959896587
680.4000244140625,773.2000122070312,783.0,714.5999755859375,0.0,73.71231079101562,0.16331514716148376,1.4874692504953293,-1.6648067117416039,1.0788239787354088,-0.999822569214901,-0.001858558866672679,-0.0038029686932751403,-0.018355197535618973,3.744065197849108,0.1517843635032204,1.3266347138584036,0.9957864332051303,0.038016969090479816,-0.0457759898992153,0.06977569959896587
678.4000244140625,773.2000122070312,782.0,710.7000122070312,1.0,236.73382568359375,0.4872533082962036,1.4923881390612843,-1.6747731033812396,1.0798613712887342,-0.999820675735298,-0.002692522775622841,-0.00368112280040215,-0.018379772257656822,3.744065197849108,0.1517843635032204,1.3266347138584036,0.9957864332051303,0.038016969090479816,-0.0457759898992153,0.06977569959896587
676.4000244140625,772.2000122070312,784.9000244140625,714.5999755859375,0.0,69.49714660644531,0.11294369399547577,1.5022183377337959,-1.6943963661755403,1.0805123886929535,-0.9998068253242505,-0.0024601608988497393,-0.004283341737396543,-0.01902400133926287,3.744065197849108,0.1517843635032204,1.3266347138584036,0.9957864332051303,0.038016969090479816,-0.0457759898992153,0.06977569959896587
679.4000244140625,773.2000122070312,783.0,714.5999755859375,0.0,74.46673583984375,0.15576724708080292,1.5080385801868292,-1.7060174181309316,1.0811020592975835,-0.9998104276364845,-0.0022272969130610184,-0.004591537834701916,-0.01879004305805001,3.744065197849108,0.1517843635032204,1.3266347138584036,0.9957864332051303,0.038016969090479816,-0.0457759898992153,0.06977569959896587
677.4000244140625,771.2999877929688,782.0,715.5,0.0,47.90926742553711,0.12792831659317017,1.5095986050677632,-1.7088727945248186,1.0811823187947496,-0.9998132753422947,-0.002085522848892285,-0.004359301891645716,-0.018709931340795342,3.744065197849108,0.1517843635032204,1.3266347138584036,0.9957864332051303,0.038016969090479816,-0.0457759898992153,0.06977569959896587
678.4000244140625,770.2999877929688,783.0,710.7000122070312,1.0,234.4044647216797,0.4886118173599243,1.5149835294663017,-1.7190284262858244,1.081559706924919,-0.9998343358592553,-0.00159055723638705,-0.0027105949054059826,-0.017928291603458532,3.744065197849108,0.1517843635032204,1.3266347138584036,0.9957864332051303,0.038016969090479816,-0.0457759898992153,0.06977569959896587
678.4000244140625,770.2999877929688,784.0,714.5999755859375,0.0,76.58856201171875,0.16208767890930176,1.5219035069095592,-1.7318930788881897,1.0818485073651076,-0.9998366948867347,-0.0023100209451543076,-0.002038429577270451,-0.01780708190755252,3.744065197849108,0.1517843635032204,1.3266347138584036,0.9957864332051303,0.038016969090479816,-0.0457759898992153,0.06977569959896587
678.4000244140625,772.2000122070312,783.0,713.5999755859375,0.0,117.18492126464844,0.23950336873531342,1.5261872501721658,-1.7407875600154985,1.0820295962021724,-0.9998390827956983,-0.000978196074885842,-0.0021517631475644434,-0.017782619662257443,3.744065197849108,0.1517843635032204,1.3266347138584036,0.9957864332051303,0.038016969090479816,-0.0457759898992153,0.06977569959896587
677.4000244140625,770.2999877929688,782.0,714.5999755859375,0.0,85.48651123046875,0.2141093909740448,1.5309923506568532,-1.749354212644624,1.0826360662723131,-0.9998487186870842,-0.0009755171486974131,-0.001623459477566827,-0.017290242491452276,3.744065197849108,0.1517843635032204,1.3266347138584036,0.9957864332051303,0.038016969090479816,-0.0457759898992153,0.06977569959896587
678.4000244140625,772.2000122070312,783.0,710.7000122070312,1.0,238.14620971679688,0.4844967722892761,1.535356947623159,-1.7580246811701965,1.0833643314947332,-0.9998504312612102,-0.0011208024815593592,-0.0011767213901531352,-0.017218427202841613,3.744065197849108,0.1517843635032204,1.3266347138584036,0.9957864332051303,0.038016969090479816,-0.0457759898992153,0.06977569959896587
678.4000244140625,773.2000122070312,778.0999755859375,715.5,0.0,63.04609680175781,0.22231410443782806,1.539109890612264,-1.765161686292378,1.0836277752113042,-0.9998643522060221,-0.0009152258761955013,-0.0009026717712876178,-0.01642025374044854,3.744065197849108,0.1517843635032204,1.3266347138584036,0.9957864332051303,0.038016969090479816,-0.0457759898992153,0.06977569959896587
676.4000244140625,771.2999877929688,784.0,714.5999755859375,0.0,75.01136779785156,0.13662731647491455,1.5444885574947222,-1.7751807073679373,1.0846757656651353,-0.9998579498434156,-0.0009627905354379622,-0.0006164428307721633,-0.01681586059478197,3.744065197849108,0.1517843635032204,1.3266347138584036,0.9957864332051303,0.038016969090479816,-0.0457759898992153,0.06977569959896587
679.4000244140625,771.2999877929688,782.0,717.5,0.0,20.450580596923828,0.09218607097864151,1.548116240756813,-1.7823965684679859,1.0852195988536628,-0.9998639802069991,-0.0011510264095559903,-0.0013215840174303248,-0.016399684097781985,3.744065197849108,0.1517843635032204,1.3266347138584036,0.9957864332051303,0.038016969090479816,-0.0457759898992153,0.06977569959896587
678.4000244140625,771.2999877929688,783.0,715.5,0.0,43.79610824584961,0.10843183845281601,1.552492118377033,-1.7910646313260767,1.0863913396669136,-0.9998651570396583,-0.0014775632372808819,-0.0013752250960341647,-0.016297033499217205,3.744065197849108,0.1517843635032204,1.3266347138584036,0.9957864332051303,0.038016969090479816,-0.0457759898992153,0.06977569959896587
676.4000244140625,772.2000122070312,782.0,713.5999755859375,0.0,123.00214385986328,0.25686803460121155,1.5575100981735537,-1.8006608933143515,1.0865344512023507,-0.9998765410374958,-0.0018143776264716702,-0.0023146106502297476,-0.015435455751591467,3.744065197849108,0.1517843635032204,1.3266347138584036,0.9957864332051303,0.038016969090479816,-0.0457759898992153,0.06977569959896587
678.4000244140625,772.2000122070312,781.0,715.5,0.0,49.391014099121094,0.15083624422550201,1.5624942048285078,-1.8107120117044562,1.087139043828128,-0.9998661810378092,-0.0026026760254892318,-0.003670211106966081,-0.015728179958392444,3.744065197849108,0.1517843635032204,1.3266347138584036,0.9957864332051303,0.038016969090479816,-0.0457759898992153,0.06977569959896587
678.4000244140625,776.0999755859375,782.0,713.5999755859375,0.0,130.2815704345703,0.22674646973609924,1.5672268305123285,-1.8192952207762496,1.0877114857160641,-0.9998743801798913,-0.0029801805682829027,-0.0034662528967505735,-0.015176543562832337,3.744065197849108,0.1517843635032204,1.3266347138584036,0.9957864332051303,0.038016969090479816,-0.0457759898992153,0.06977569959896587
679.4000244140625,772.2000122070312,783.0,714.5999755859375,0.0,75.95201873779297,0.16863276064395905,1.5698082869267092,-1.8249114413470346,1.0879229303907767,-0.9998679796688664,-0.00310430091265345,-0.004516780183787123,-0.015296576267735543,3.744065197849108,0.1517843635032204,1.3266347138584036,0.9957864332051303,0.038016969090479816,-0.0457759898992153,0.06977569959896587
675.5,773.2000122070312,785.9000244140625,715.5,0.0,39.80614471435547,0.04531773924827576,1.5743368704044007,-1.8334965673307013,1.0884238224811336,-0.9998656236182544,-0.0035831370510583686,-0.004422533970327728,-0.015373256929938045,3.744065197849108,0.1517843635032204,1.3266347138584036,0.9957864332051303,0.038016969090479816,-0.0457759898992153,0.06977569959896587
676.4000244140625,775.2000122070312,782.0,713.5999755859375,0.0,121.82528686523438,0.2243998795747757,1.5789509311210035,-1.8422082256232206,1.0888374013369762,-0.9998766730773251,-0.0031802039307455973,-0.004236728784055107,-0.01478428449365291,3.744065197849108,0.1517843635032204,1.3266347138584036,0.9957864332051303,0.038016969090479816,-0.0457759898992153,0.06977569959896587
677.4000244140625,772.2000122070312,784.0,713.5999755859375,0.0,113.12812042236328,0.20859992504119873,1.5834828846864812,-1.8507422460550909,1.088698938206898,-0.9998828115986759,-0.0031787657822434446,-0.003751612598498746,-0.014497721218845917,3.744065197849108,0.1517843635032204,1.3266347138584036,0.9957864332051303,0.038016969090479816,-0.0457759898992153,0.06977569959896587
676.4000244140625,773.2000122070312,783.0,714.5999755859375,0.0,76.27196502685547,0.14196182787418365,1.588984723099467,-1.8608551221013199,1.0887838783492683,-0.9998784205981062,-0.0031667997103437887,-0.004306060057657459,-0.014648318968780223,3.744065197849108,0.1517843635032204,1.3266347138584036,0.9957864332051303,0.038016969090479816,-0.0457759898992153,0.06977569959896587
673.5,771.2999877929688,784.9000244140625,715.5,0.0,43.922889709472656,0.07012762129306793,1.5922179040427356,-1.8670266675302125,1.0886610527956524,-0.9998747643041845,-0.0033138474057747844,-0.004850155703608258,-0.014695241157379501,3.744065197849108,0.1517843635032204,1.3266347138584036,0.9957864332051303,0.038016969090479816,-0.0457759898992153,0.06977569959896587
677.4000244140625,771.2999877929688,779.0999755859375,715.5,0.0,60.53539276123047,0.2116095870733261,1.5979179490957751,-1.8770166639271537,1.0880589076544227,-0.9998925196463477,-0.0029599395326285966,-0.004512250620284328,-0.013631856351245258,3.744065197849108,0.1517843635032204,1.3266347138584036,0.9957864332051303,0.038016969090479816,-0.0457759898992153,0.06977569959896587
677.4000244140625,773.2000122070312,784.0,714.5999755859375,0.0,71.24650573730469,0.12460437417030334,1.6019397016938057,-1.8844384547115636,1.0876646116631272,-0.9998894683281362,-0.0038392705616590857,-0.004313352887837596,-0.013700588122295524,3.744065197849108,0.1517843635032204,1.3266347138584036,0.9957864332051303,0.038016969090479816,-0.0457759898992153,0.06977569959896587
678.4000244140625,772.2000122070312,783.0,714.5999755859375,0.0,76.7220458984375,0.1610012948513031,1.6080769848559897,-1.8948497782066582,1.087150855624758,-0.9998977106162418,-0.0036879292430958745,-0.0041271635830352335,-0.013188404113278837,3.744065197849108,0.1517843635032204,1.3266347138584036,0.9957864332051303,0.038016969090479816,-0.0457759898992153,0.06977569959896587
679.4000244140625,771.2999877929688,784.0,713.5999755859375,0.0,113.66165161132812,0.2304065078496933,1.612205437251478,-1.9024418465485693,1.0863293033645518,-0.999899204290548,-0.002859344844477068,-0.003981087995094317,-0.013325027000523838,3.744065197849108,0.1517843635032204,1.3266347138584036,0.9957864332051303,0.038016969090479816,-0.0457759898992153,0.06977569959896587
675.5,769.2999877929688,781.0,715.5,0.0,56.74472427368164,0.18407228589057922,1.6172344440409212,-1.911174970102764,1.0853757999548608,-0.9998933081876793,-0.002614402968348206,-0.003881637790684407,-0.013837269480629584,3.744065197849108,0.1517843635032204,1.3266347138584036,0.9957864332051303,0.038016969090479816,-0.0457759898992153,0.06977569959896587
680.4000244140625,770.2999877929688,782.0,713.5999755859375,1.0,123.03833770751953,0.3152201175689697,1.6242109912322622,-1.9232373215063967,1.0837882207697391,-0.9999038793760421,-0.0012623558142332743,-0.003102145701178756,-0.013454187399791602,3.744065197849108,0.1517843635032204,1.3266347138584036,0.9957864332051303,0.038016969090479816,-0.0457759898992153,0.06977569959896587
677.4000244140625,770.2999877929688,782.0,713.5999755859375,1.0,125.88465118408203,0.2936052978038788,1.6276913526805399,-1.9291122610443683,1.0829663703387298,-0.999913977126416,-0.001636853552400229,-0.0024658377221225295,-0.012778055486242352,3.744065197849108,0.1517843635032204,1.3266347138584036,0.9957864332051303,0.038016969090479816,-0.0457759898992153,0.06977569959896587
674.5,767.4000244140625,784.0,714.5999755859375,0.0,81.84654235839844,0.19051530957221985,1.6339705066158956,-1.9397337100428693,1.0815418276010185,-0.9999155154130307,-0.001585941289817941,-0.0018658706383158428,-0.012765788392398818,3.744065197849108,0.1517843635032204,1.3266347138584036,0.9957864332051303,0.038016969090479816,-0.0457759898992153,0.06977569959896587
680.4000244140625,771.2999877929688,784.9000244140625,716.5,0.0,14.958523750305176,0.03695589303970337,1.6391140981133083,-1.9485047001479734,1.0800307570778294,-0.9999266913676823,-0.0002037835994877365,-0.0013075522913644575,-0.012035807813765474,3.744065197849108,0.1517843635032204,1.3266347138584036,0.9957864332051303,0.038016969090479816,-0.0457759898992153,0.06977569959896587
678.4000244140625,769.2999877929688,782.0,715.5,0.0,51.1942253112793,0.1697547435760498,1.6449389936459713,-1.9585145558212589,1.078541164776582,-0.9999248606968848,0.001466875857171619,0.00022841720049288745,-0.012168363124021387,3.744065197849108,0.1517843635032204,1.3266347138584036,0.9957864332051303,0.038016969090479816,-0.0457759898992153,0.06977569959896587
678.4000244140625,770.2999877929688,779.0999755859375,713.5999755859375,1.0,137.9381103515625,0.38820746541023254,1.6492564525148155,-1.9655584530325232,1.0773044313894868,-0.9999192942111952,0.0047444588547291,0.001373961982291652,-0.011705016139774989,3.744065197849108,0.1517843635032204,1.3266347138584036,0.9957864332051303,0.038016969090479816,-0.0457759898992153,0.06977569959896587
679.4000244140625,772.2000122070312,783.0,714.5999755859375,0.0,75.95201873779297,0.16863276064395905,1.6539268425643665,-1.9735131582257754,1.075511427211712,-0.9998935262566367,0.008448385287049309,0.002233891455313038,-0.011686345240315851,3.744065197849108,0.1517843635032204,1.3266347138584036,0.9957864332051303,0.038016969090479816,-0.0457759898992153,0.06977569959896587
677.4000244140625,769.2999877929688,783.0,714.5999755859375,0.0,83.72380065917969,0.20270776748657227,1.6585186940240546,-1.9813271232007625,1.0742438006632968,-0.9998685939944721,0.01128034970108048,0.0027259584855448215,-0.011318904738273525,3.744065197849108,0.1517843635032204,1.3266347138584036,0.9957864332051303,0.038016969090479816,-0.0457759898992153,0.06977569959896587
678.4000244140625,770.2999877929688,782.0,714.5999755859375,0.0,84.5076675415039,0.22077032923698425,1.6620448268561405,-1.98696384775811,1.0727946379569615,-0.9998475222094713,0.012905647619375304,0.0030674965590450866,-0.011356366318758195,3.744065197849108,0.1517843635032204,1.3266347138584036,0.9957864332051303,0.038016969090479816,-0.0457759898992153,0.06977569959896587
678.4000244140625,771.2999877929688,783.0,713.5999755859375,0.0,118.63668060302734,0.2524226903915405,1.6668582456361745,-1.994278642032636,1.0707566978825014,-0.9998273411670945,0.014596211134365504,0.0033614519085081286,-0.01099723221207427,3.744065197849108,0.1517843635032204,1.3266347138584036,0.9957864332051303,0.038016969090479816,-0.0457759898992153,0.06977569959896587
678.4000244140625,770.2999877929688,781.0,714.5999755859375,0.0,88.7489013671875,0.25142449140548706,1.6705790652822812,-1.9996981856899239,1.0690427301573946,-0.9998111318321005,0.01588227336654071,0.0029114755011141217,-0.010815607598799787,3.744065197849108,0.1517843635032204,1.3266347138584036,0.9957864332051303,0.038016969090479816,-0.0457759898992153,0.06977569959896587
676.4000244140625,773.2000122070312,784.0,715.5,0.0,42.731380462646484,0.06910988688468933,1.6742674559847732,-2.004245562822246,1.0678589819290754,-0.9997937812493073,0.016984105994386673,0.0025487040734233257,-0.010836938051410117,3.744065197849108,0.1517843635032204,1.3266347138584036,0.9957864332051303,0.038016969090479816,-0.0457759898992153,0.06977569959896587
676.4000244140625,769.2999877929688,782.0,714.5999755859375,0.0,88.53068542480469,0.22638684511184692,1.6771452818491337,-2.0075861990324637,1.0665717833376185,-0.9997953548269822,0.01731221159982508,0.0020558473653677113,-0.010262031354569462,3.744065197849108,0.1517843635032204,1.3266347138584036,0.9957864332051303,0.038016969090479816,-0.0457759898992153,0.06977569959896587
678.4000244140625,770.2999877929688,782.0,714.5999755859375,0.0,84.5076675415039,0.22077032923698425,1.6824707593435613,-2.0123903861731876,1.0641794055161846,-0.999816538486874,0.015784307312899884,7.389800713058536e-05,-0.010850785679459081,3.744065197849108,0.1517843635032204,1.3266347138584036,0.9957864332051303,0.038016969090479816,-0.0457759898992153,0.06977569959896587
679.4000244140625,772.2000122070312,782.0,713.5999755859375,1.0,120.35521697998047,0.27661463618278503,1.683402984225469,-2.0130273854716663,1.0637808044613424,-0.9998204418744954,0.015499584768227753,4.030003850336527e-05,-0.010901617210688224,3.744065197849108,0.1517843635032204,1.3266347138584036,0.9957864332051303,0.038016969090479816,-0.0457759898992153,0.06977569959896587
676.4000244140625,767.4000244140625,784.0,717.5,0.0,24.727418899536133,0.10626044124364853,1.687135980491895,-2.0145009417206405,1.0616394192538339,-0.9998356702225271,0.014620909715878616,-0.0008499967416902038,-0.010683588128025218,3.744065197849108,0.1517843635032204,1.3266347138584036,0.9957864332051303,0.038016969090479816,-0.0457759898992153,0.06977569959896587
677.4000244140625,770.2999877929688,778.0999755859375,713.5999755859375,1.0,144.091064453125,0.4114946722984314,1.6895456969184883,-2.014482172830037,1.0604967554116698,-0.9997952620778046,0.01711289077137682,-0.0002856611157173404,-0.010793576513285599,3.744065197849108,0.1517843635032204,1.3266347138584036,0.9957864332051303,0.038016969090479816,-0.0457759898992153,0.06977569959896587
678.4000244140625,770.2999877929688,783.0,715.5,0.0,45.082420349121094,0.12264250963926315,1.6920824241386587,-2.0135838001802147,1.059165690269688,-0.9997138848348502,0.021405572792079837,-0.0001640831368488254,-0.010673471721008082,3.744065197849108,0.1517843635032204,1.3266347138584036,0.9957864332051303,0.038016969090479816,-0.0457759898992153,0.06977569959896587
680.4000244140625,770.2999877929688,784.0,713.5999755859375,0.0,115.007080078125,0.2563404440879822,1.6946301321954516,-2.011355371291096,1.0578577579675443,-0.9995833507477822,0.02677323714874844,0.00031616661897703965,-0.01078047861100924,3.744065197849108,0.1517843635032204,1.3266347138584036,0.9957864332051303,0.038016969090479816,-0.0457759898992153,0.06977569959896587
676.4000244140625,770.2999877929688,781.0,716.5,0.0,34.96276092529297,0.1301044523715973,1.697646088574811,-2.006623238461026,1.0568899920866355,-0.9994791093571584,0.030338118801718838,0.00024498335445120883,-0.011002203840596698,3.744065197849108,0.1517843635032204,1.3266347138584036,0.9957864332051303,0.038016969090479816,-0.0457759898992153,0.06977569959896587
677.4000244140625,768.2999877929688,783.0,709.7000122070312,1.0,243.52444458007812,0.5017327070236206,1.6990930993492126,-2.003620384647633,1.0560253416289695,-0.999487050611873,0.030184343044857787,0.0004608610212961054,-0.010692460018561714,3.744065197849108,0.1517843635032204,1.3266347138584036,0.9957864332051303,0.038016969090479816,-0.0457759898992153,0.06977569959896587
677.4000244140625,772.2000122070312,782.0,713.5999755859375,0.0,122.28137969970703,0.26272323727607727,1.7014340854861516,-1.9971743620362905,1.0540480905357377,-0.9996384701280601,0.024460464417000678,-0.0005704512702315555,-0.011148511375275746,3.744065197849108,0.1517843635032204,1.3266347138584036,0.9957864332051303,0.038016969090479816,-0.0457759898992153,0.06977569959896587
674.5,771.2999877929688,781.0,715.5,0.0,51.49235534667969,0.1443038284778595,1.7027338865241142,-1.9932307631578419,1.0521562929161046,-0.9997768986195746,0.018243582564233824,-0.0009089533538262961,-0.010606530330292236,3.744065197849108,0.1517843635032204,1.3266347138584036,0.9957864332051303,0.038016969090479816,-0.0457759898992153,0.06977569959896587
684.2999877929688,769.2999877929688,786.9000244140625,714.5999755859375,0.0,61.198997497558594,0.14390090107917786,1.7043360601222872,-1.9874954900350044,1.048466324329671,-0.999913252896892,0.007234210445794243,-0.0009321493327856539,-0.010967405253913431,3.744065197849108,0.1517843635032204,1.3266347138584036,0.9957864332051303,0.038016969090479816,-0.0457759898992153,0.06977569959896587
679.4000244140625,772.2000122070312,784.0,715.5,0.0,38.874210357666016,0.07931786775588989,1.7064205735070563,-1.979875396031717,1.0419903853855916,-0.9999127565300837,-0.006875839636818771,-0.0023143796333329326,-0.011038378712973624,3.744065197849108,0.1517843635032204,1.3266347138584036,0.9957864332051303,0.038016969090479816,-0.0457759898992153,0.06977569959896587
676.4000244140625,768.2999877929688,785.9000244140625,714.5999755859375,0.0,74.63459777832031,0.13315945863723755,1.7077113016141279,-1.974699494331077,1.037850611430581,-0.999789445462639,-0.017091061660298244,-0.0010825150892347123,-0.0113043581823182,3.744065197849108,0.1517843635032204,1.3266347138584036,0.9957864332051303,0.038016969090479816,-0.0457759898992153,0.06977569959896587
678.4000244140625,763.4000244140625,784.0,716.5,0.0,45.22068786621094,0.20830059051513672,1.7091869169880456,-1.9680481844998925,1.0333034803321244,-0.9996197033827877,-0.024816987947154114,0.0021549554843701088,-0.01182885814434221,3.744065197849108,0.1517843635032204,1.3266347138584036,0.9957864332051303,0.038016969090479816,-0.0457759898992153,0.06977569959896587
679.4000244140625,773.2000122070312,785.9000244140625,717.5,0.0,7.487198829650879,0.009680286049842834,1.7102958465105353,-1.9624937317410052,1.029729317929951,-0.9995265727001416,-0.02801424548211013,0.0041251203522336246,-0.012033947750273506,3.744065197849108,0.1517843635032204,1.3266347138584036,0.9957864332051303,0.038016969090479816,-0.0457759898992153,0.06977569959896587
678.4000244140625,772.2000122070312,784.0,714.5999755859375,0.0,72.24076080322266,0.13446000218391418,1.7107420589450615,-1.9592946886353289,1.0276968493791412,-0.9995158612267855,-0.027813609364665717,0.006543122284446465,-0.01231396934209645,3.744065197849108,0.1517843635032204,1.3266347138584036,0.9957864332051303,0.038016969090479816,-0.0457759898992153,0.06977569959896587
676.4000244140625,770.2999877929688,780.0999755859375,713.5999755859375,1.0,134.62750244140625,0.34533631801605225,1.7114164513492778,-1.9552212905566813,1.025129554132712,-0.9995860702503937,-0.02416607839900708,0.008861369565337307,-0.012851651474220495,3.744065197849108,0.1517843635032204,1.3266347138584036,0.9957864332051303,0.038016969090479816,-0.0457759898992153,0.06977569959896587
678.4000244140625,771.2999877929688,783.0,712.5999755859375,1.0,158.62713623046875,0.3299233019351959,1.7112137944216748,-1.9532378670791568,1.0235764409777206,-0.9997134094944978,-0.017926040597932822,0.00864376001853808,-0.013305688937807123,3.744065197849108,0.1517843635032204,1.3266347138584036,0.9957864332051303,0.038016969090479816,-0.0457759898992153,0.06977569959896587
675.5,770.2999877929688,782.0,715.5,0.0,50.179805755615234,0.13591161370277405,1.7104159349338364,-1.9525756258546552,1.023340452132752,-0.999806139679769,-0.01164940466785323,0.00817661479728251,-0.01360578553335892,3.744065197849108,0.1517843635032204,1.3266347138584036,0.9957864332051303,0.038016969090479816,-0.0457759898992153,0.06977569959896587
676.4000244140625,776.0999755859375,782.0,715.5,0.0,61.41892623901367,0.0945330336689949,1.7097603213172292,-1.9523504478052127,1.023365875026069,-0.9998261255807042,-0.00965144498677797,0.00721118062574564,-0.014232606575338463,3.744065197849108,0.1517843635032204,1.3266347138584036,0.9957864332051303,0.038016969090479816,-0.0457759898992153,0.06977569959896587
676.4000244140625,768.2999877929688,781.0,716.5,0.0,41.8574333190918,0.1676405370235443,1.7085094270899537,-1.9527671266215403,1.0232769455761328,-0.9998794349892344,-0.004661899364939654,0.0037059635691287915,-0.014340432836746214,3.744065197849108,0.1517843635032204,1.3266347138584036,0.9957864332051303,0.038016969090479816,-0.0457759898992153,0.06977569959896587
679.4000244140625,773.2000122070312,783.0,713.5999755859375,0.0,114.8449478149414,0.2341691106557846,1.7065535223612458,-1.9535253799779473,1.023279599958747,-0.9998882555516194,-0.0007877954905608598,0.00021428560200876487,-0.014926817138470322,3.744065197849108,0.1517843635032204,1.3266347138584036,0.9957864332051303,0.038016969090479816,-0.0457759898992153,0.06977569959896587
678.4000244140625,771.2999877929688,784.0,709.7000122070312,1.0,252.758544921875,0.48854655027389526,1.7046338175503644,-1.9542074615496579,1.0229741485741641,-0.9998722597557084,0.0005460440999086748,-0.0032786049078985646,-0.01563383371767954,3.744065197849108,0.1517843635032204,1.3266347138584036,0.9957864332051303,0.038016969090479816,-0.0457759898992153,0.06977569959896587
677.4000244140625,774.2000122070312,782.0,717.5,0.0,12.720687866210938,0.04029509425163269,1.7030445441660298,-1.9548418584058396,1.0229481954649982,-0.9998594120062471,0.00037656757656924446,-0.004903261099662197,-0.016030360257055818,3.744065197849108,0.1517843635032204,1.3266347138584036,0.9957864332051303,0.038016969090479816,-0.0457759898992153,0.06977569959896587
677.4000244140625,765.4000244140625,783.0,713.5999755859375,1.0,130.4338836669922,0.3448859453201294,1.700876740017614,-1.9556446013242632,1.022675556542699,-0.9998572374984842,0.00020066530938189986,-0.004479863781087711,-0.016290953803757263,3.744065197849108,0.1517843635032204,1.3266347138584036,0.9957864332051303,0.038016969090479816,-0.0457759898992153,0.06977569959896587
677.4000244140625,769.2999877929688,782.0,713.5999755859375,1.0,128.0419464111328,0.31130334734916687,1.6991919907749764,-1.956561482765759,1.0227489913968297,-0.9998662002386992,-0.0008655758585982664,-0.00241807413555256,-0.01615503996075338,3.744065197849108,0.1517843635032204,1.3266347138584036,0.9957864332051303,0.038016969090479816,-0.0457759898992153,0.06977569959896587
675.5,769.2999877929688,785.9000244140625,714.5999755859375,0.0,70.57962036132812,0.11354044824838638,1.69653548172742,-1.9579030421740096,1.0221975180282907,-0.9998573328463319,-0.0017911762936164172,0.0010779080461840865,-0.016761376887018904,3.744065197849108,0.1517843635032204,1.3266347138584036,0.9957864332051303,0.038016969090479816,-0.0457759898992153,0.06977569959896587
678.4000244140625,774.2000122070312,784.0,714.5999755859375,0.0,68.61714172363281,0.1189604103565216,1.6942821962295125,-1.9582510632313426,1.0215431818253777,-0.9998410126228239,-0.0021193336694052636,0.004957696553105085,-0.016996445129831287,3.744065197849108,0.1517843635032204,1.3266347138584036,0.9957864332051303,0.038016969090479816,-0.0457759898992153,0.06977569959896587
676.4000244140625,770.2999877929688,783.0,712.5999755859375,1.0,161.66885375976562,0.3316372334957123,1.69211661202004,-1.9590721946168983,1.0211328539531972,-0.999817778150577,-0.002715461405405924,0.008265475792493414,-0.01699172367134156,3.744065197849108,0.1517843635032204,1.3266347138584036,0.9957864332051303,0.038016969090479816,-0.0457759898992153,0.06977569959896587
678.4000244140625,770.2999877929688,783.0,717.5,0.0,17.21238899230957,0.07767918705940247,1.6894020964225012,-1.9603905237280668,1.0207894471008636,-0.9998044625224316,-0.003264850710489247,0.010112523777292515,-0.01667676026461706,3.744065197849108,0.1517843635032204,1.3266347138584036,0.9957864332051303,0.038016969090479816,-0.0457759898992153,0.06977569959896587
677.4000244140625,770.2999877929688,784.0,713.5999755859375,0.0,116.8563232421875,0.2309994101524353,1.6852098083679392,-1.9611563780415324,1.0194093944195532,-0.9998034616419382,-0.002357298176534505,0.00954521453863754,-0.01721540337940992,3.744065197849108,0.1517843635032204,1.3266347138584036,0.9957864332051303,0.038016969090479816,-0.0457759898992153,0.06977569959896587
676.4000244140625,768.2999877929688,783.0,716.5,0.0,31.94704246520996,0.11711639165878296,1.6827348103248156,-1.9621324064966497,1.0192372554386613,-0.999810568353987,-0.0017932324436859884,0.008716531735151122,-0.017309933552458537,3.744065197849108,0.1517843635032204,1.3266347138584036,0.9957864332051303,0.038016969090479816,-0.0457759898992153,0.06977569959896587
677.4000244140625,771.2999877929688,783.0,714.5999755859375,0.0,79.18543243408203,0.16775783896446228,1.6783119665996573,-1.9632777594297375,1.0188030643971295,-0.9998304644429439,0.0018955996653802513,0.004908605152488751,-0.01764524494511311,3.744065197849108,0.1517843635032204,1.3266347138584036,0.9957864332051303,0.038016969090479816,-0.0457759898992153,0.06977569959896587
676.4000244140625,769.2999877929688,784.9000244140625,713.5999755859375,0.0,114.84434509277344,0.2137986123561859,1.6749714975167844,-1.9641377924780365,1.018066019049955,-0.9998376722690163,0.005378968766364644,0.0005456227874448263,-0.01718714934069924,3.744065197849108,0.1517843635032204,1.3266347138584036,0.9957864332051303,0.038016969090479816,-0.0457759898992153,0.06977569959896587
678.4000244140625,770.2999877929688,783.0,710.7000122070312,1.0,234.4044647216797,0.4886118173599243,1.6701231847969025,-1.9641635930304864,1.016785105172344,-0.9997854831658055,0.010444506420596316,-0.005058134424938888,-0.01715561752564743,3.744065197849108,0.1517843635032204,1.3266347138584036,0.9957864332051303,0.038016969090479816,-0.0457759898992153,0.06977569959896587
677.4000244140625,771.2999877929688,782.0,715.5,0.0,47.90926742553711,0.12792831659317017,1.6659705798367894,-1.9636285119869803,1.0151019229566698,-0.9996805834357898,0.01523232482571709,-0.010011167198317478,-0.017506681958899106,3.744065197849108,0.1517843635032204,1.3266347138584036,0.9957864332051303,0.038016969090479816,-0.0457759898992153,0.06977569959896587
677.4000244140625,767.4000244140625,783.0,714.5999755859375,0.0,78.26811218261719,0.1734624058008194,1.6587369870965714,-1.9606234985616808,1.0139271965896766,-0.999504686043162,0.021775318599137176,-0.014142578980419556,-0.017782169087286286,3.744065197849108,0.1517843635032204,1.3266347138584036,0.9957864332051303,0.038016969090479816,-0.0457759898992153,0.06977569959896587
677.4000244140625,767.4000244140625,783.0,714.5999755859375,0.0,87.27035522460938,0.23446114361286163,1.6577447433451584,-1.9596249931580192,1.0133897254511082,-0.9995149701558611,0.022108760350946118,-0.013750019312152152,-0.01708695756968187,3.744065197849108,0.1517843635032204,1.3266347138584036,0.9957864332051303,0.038016969090479816,-0.0457759898992153,0.06977569959896587
677.4000244140625,775.2000122070312,782.0,715.5,0.0,49.742610931396484,0.0910646840929985,1.656301513871361,-1.9581724197754464,1.0132218422238812,-0.999501627182684,0.022878874677420936,-0.013590595869305621,-0.01698087325725625,3.744065197849108,0.1517843635032204,1.3266347138584036,0.9957864332051303,0.038016969090479816,-0.0457759898992153,0.06977569959896587
678.4000244140625,771.2999877929688,778.0999755859375,713.5999755859375,1.0,141.3656768798828,0.39992302656173706,1.6530562789005632,-1.9529268359813685,1.0121815197644042,-0.999534347389053,0.022306590317902372,-0.0111747705576502,-0.01756783768462626,3.744065197849108,0.1517843635032204,1.3266347138584036,0.9957864332051303,0.038016969090479816,-0.0457759898992153,0.06977569959896587
675.5,770.2999877929688,783.0,714.5999755859375,0.0,81.75286865234375,0.17664359509944916,1.6510389724818262,-1.9477102029323057,1.011773375183447,-0.9995982896672306,0.020237519211587812,-0.00914112098624295,-0.0176108494293404,3.744065197849108,0.1517843635032204,1.3266347138584036,0.9957864332051303,0.038016969090479816,-0.0457759898992153,0.06977569959896587
677.4000244140625,771.2999877929688,784.0,715.5,0.0,43.0392951965332,0.08041264116764069,1.6499193275719906,-1.9430775659402935,1.0115912022453395,-0.9996553830928542,0.017999099744277318,-0.00748714749760299,-0.017580958000741206,3.744065197849108,0.1517843635032204,1.3266347138584036,0.9957864332051303,0.038016969090479816,-0.0457759898992153,0.06977569959896587
677.4000244140625,769.2999877929688,783.0,714.5999755859375,0.0,83.72380065917969,0.20270776748657227,1.6489240162773042,-1.9366302626114775,1.0114044874374764,-0.999711320741354,0.015359022190586295,-0.005035140658222145,-0.017777035114964354,3.744065197849108,0.1517843635032204,1.3266347138584036,0.9957864332051303,0.038016969090479816,-0.0457759898992153,0.06977569959896587
678.4000244140625,772.2000122070312,782.0,716.5,0.0,23.913156509399414,0.0850202664732933,1.648340112333167,-1.9305495337530483,1.0107513988660897,-0.9997618700189352,0.013181987936127005,-0.003310315219656559,-0.017072793076711203,3.744065197849108,0.1517843635032204,1.3266347138584036,0.9957864332051303,0.038016969090479816,-0.0457759898992153,0.06977569959896587
679.4000244140625,771.2999877929688,781.0,712.5999755859375,1.0,166.34170532226562,0.3984333872795105,1.6469598458600743,-1.9180331127884016,1.0101779748510582,-0.999775465759669,0.010821112380899485,-0.0020939721734857817,-0.018097979788180955,3.744065197849108,0.1517843635032204,1.3266347138584036,0.9957864332051303,0.038016969090479816,-0.0457759898992153,0.06977569959896587
678.4000244140625,768.2999877929688,781.0,713.5999755859375,0.0,48.21806716918945,0.13290300965309143,1.6465372794308015,-1.9096507120921906,1.0101380784729799,-0.9997714966532624,0.011451728501826726,-0.0015919861082686433,-0.01797993254289829,3.744065197849108,0.1517843635032204,1.3266347138584036,0.9957864332051303,0.038016969090479816,-0.0457759898992153,0.06977569959896587
678.4000244140625,768.2999877929688,781.0,713.5999755859375,1.0,133.45005798339844,0.3655579686164856,1.6465988028593508,-1.9067176419210887,1.0102819651953854,-0.9997597607355869,0.012038860197543685,-0.0013191593726260943,-0.018268729501961154,3.744065197849108,0.1517843635032204,1.3266347138584036,0.9957864332051303,0.038016969090479816,-0.0457759898992153,0.06977569959896587
676.4000244140625,771.2999877929688,782.0,714.5999755859375,1.0,133.90676879882812,0.3511917293071747,1.6454655153625368,-1.8882879580331515,1.0104479343268242,-0.9997534998537091,0.012225734637169045,-0.0014006322140737778,-0.018479966781413483,3.744065197849108,0.1517843635032204,1.3266347138584036,0.9957864332051303,0.038016969090479816,-0.0457759898992153,0.06977569959896587
676.4000244140625,771.2999877929688,782.0,714.5999755859375,0.0,84.0741958618164,0.19096194207668304,1.6450558026134232,-1.8811964668511612,1.0106952406381329,-0.9997475337291021,0.012593022032603086,-0.0016420281530269564,-0.01853613611864583,3.744065197849108,0.1517843635032204,1.3266347138584036,0.9957864332051303,0.038016969090479816,-0.0457759898992153,0.06977569959896587
677.4000244140625,772.2000122070312,784.0,716.5,0.0,21.5465087890625,0.03894583880901337,1.644519219211438,-1.8699007357222748,1.0111602456709345,-0.9997122956645756,0.014976127421287384,-0.0017465185872277446,-0.018654521632838632,3.744065197849108,0.1517843635032204,1.3266347138584036,0.9957864332051303,0.038016969090479816,-0.0457759898992153,0.06977569959896587
678.4000244140625,771.2999877929688,782.0,709.7000122070312,1.0,242.52513122558594,0.49760037660598755,1.6438477417763053,-1.8582878707747144,1.012000825941793,-0.9996952781924764,0.015565326226505381,-0.0014115532526606258,-0.01910703787992653,3.744065197849108,0.1517843635032204,1.3266347138584036,0.9957864332051303,0.038016969090479816,-0.0457759898992153,0.06977569959896587
679.4000244140625,772.2000122070312,783.0,714.5999755859375,0.0,123.70645904541016,0.27580326795578003,1.6429468229076951,-1.8414358911838442,1.0137980119239685,-0.9996800516732544,0.015913049728237785,-0.0009780553367965314,-0.019637019699135914,3.744065197849108,0.1517843635032204,1.3266347138584036,0.9957864332051303,0.038016969090479816,-0.0457759898992153,0.06977569959896587
679.4000244140625,772.2000122070312,783.0,714.5999755859375,0.0,75.95201873779297,0.16863276064395905,1.6424312353993382,-1.8324536080230083,1.0140200536463353,-0.99967789239699,0.01655075194158198,-0.0006274856989866087,-0.01922993303623622,3.744065197849108,0.1517843635032204,1.3266347138584036,0.9957864332051303,0.038016969090479816,-0.0457759898992153,0.06977569959896587
678.4000244140625,770.2999877929688,780.0999755859375,714.5999755859375,1.0,92.59103393554688,0.2790277898311615,1.6414071733576354,-1.8158302043657821,1.015528355533304,-0.9996687694123239,0.01654407211038546,-0.000334331769391218,-0.01971124962868621,3.744065197849108,0.1517843635032204,1.3266347138584036,0.9957864332051303,0.038016969090479816,-0.0457759898992153,0.06977569959896587
676.4000244140625,768.2999877929688,784.0,715.5,0.0,44.26131057739258,0.09355004131793976,1.640701241995147,-1.7986891648062282,1.0172706149868305,-0.999655667500151,0.016895600281353607,-2.4668261419644654e-05,-0.02007696484624187,3.744065197849108,0.1517843635032204,1.3266347138584036,0.9957864332051303,0.038016969090479816,-0.0457759898992153,0.06977569959896587
676.4000244140625,768.2999877929688,784.0,715.5,0.0,48.89830017089844,0.1241753101348877,1.6398877645782641,-1.785790238754158,1.0187747536011376,-0.9996580316111638,0.01641871439817267,0.00021944189977555275,-0.020351842620687018,3.744065197849108,0.1517843635032204,1.3266347138584036,0.9957864332051303,0.038016969090479816,-0.0457759898992153,0.06977569959896587
676.4000244140625,771.2999877929688,782.0,711.5999755859375,1.0,207.85763549804688,0.43978220224380493,1.6386010895580978,-1.7666595439814738,1.020680639948412,-0.9996738059305326,0.014481329311060106,-0.0012056936710818592,-0.021002836487492033,3.744065197849108,0.1517843635032204,1.3266347138584036,0.9957864332051303,0.038016969090479816,-0.0457759898992153,0.06977569959896587
677.4000244140625,772.2000122070312,782.0,712.5999755859375,1.0,162.68487548828125,0.34234732389450073,1.6375634627452347,-1.752468741248044,1.0221860708192922,-0.9996725702314637,0.014135687511843792,-0.002156504675139398,-0.02121989992843651,3.744065197849108,0.1517843635032204,1.3266347138584036,0.9957864332051303,0.038016969090479816,-0.0457759898992153,0.06977569959896587
676.4000244140625,768.2999877929688,779.0999755859375,711.5999755859375,0.0,119.5036849975586,0.2456555962562561,1.6362030675369905,-1.7289970282851537,1.0238172493156417,-0.9996837357435153,0.012540087099700541,-0.003290437433843811,-0.02154872912529618,3.744065197849108,0.1517843635032204,1.3266347138584036,0.9957864332051303,0.038016969090479816,-0.0457759898992153,0.06977569959896587
676.4000244140625,768.2999877929688,779.0999755859375,711.5999755859375,1.0,201.8917236328125,0.5047726631164551,1.6358367055808745,-1.72261120306849,1.0237613788803759,-0.9997175912215784,0.011401957096924233,-0.004054186228976106,-0.020452304283520937,3.744065197849108,0.1517843635032204,1.3266347138584036,0.9957864332051303,0.038016969090479816,-0.0457759898992153,0.06977569959896587
677.4000244140625,770.2999877929688,782.0,718.5,0.0,18.255435943603516,0.09317349642515182,1.6346706677348797,-1.7042341292380154,1.023526581403633,-0.9997101037363703,0.01021579470220389,-0.00486748940941833,-0.021252142782966058,3.744065197849108,0.1517843635032204,1.3266347138584036,0.9957864332051303,0.038016969090479816,-0.0457759898992153,0.06977569959896587
677.4000244140625,771.2999877929688,779.0999755859375,713.5999755859375,1.0,136.13015747070312,0.3632386326789856,1.6337689064872454,-1.6826841356284545,1.0225910253478505,-0.9997335765077212,0.008884163270708175,-0.004460899111339099,-0.020831419183012508,3.744065197849108,0.1517843635032204,1.3266347138584036,0.9957864332051303,0.038016969090479816,-0.0457759898992153,0.06977569959896587
675.5,766.4000244140625,783.0,714.5999755859375,0.0,89.0927963256836,0.24148434400558472,1.632786385339696,-1.6602091792323295,1.0210736971879726,-0.9997475122665496,0.006993184000175796,-0.00447732649824568,-0.020879670538901825,3.744065197849108,0.1517843635032204,1.3266347138584036,0.9957864332051303,0.038016969090479816,-0.0457759898992153,0.06977569959896587
680.4000244140625,772.2000122070312,784.9000244140625,716.5,0.0,14.00080680847168,0.02870771288871765,1.6322279605011167,-1.6438852579237633,1.020073785490999,-0.9997633612743475,0.005512446000822401,-0.004086561759716114,-0.02064302316742343,3.744065197849108,0.1517843635032204,1.3266347138584036,0.9957864332051303,0.038016969090479816,-0.0457759898992153,0.06977569959896587
677.4000244140625,770.2999877929688,783.0,715.5,0.0,46.5859260559082,0.11756137013435364,1.631481173308669,-1.6211716963685376,1.019082487375303,-0.9997722984783555,0.0026351739754850844,-0.004870541430788304,-0.020607883918451052,3.744065197849108,0.1517843635032204,1.3266347138584036,0.9957864332051303,0.038016969090479816,-0.0457759898992153,0.06977569959896587
678.4000244140625,774.2000122070312,783.0,712.5999755859375,1.0,154.36729431152344,0.2969547212123871,1.631164969062371,-1.6049481417934774,1.0182282772389997,-0.9997568758242218,0.002369808566278821,-0.005417458819667661,-0.021242042968792833,3.744065197849108,0.1517843635032204,1.3266347138584036,0.9957864332051303,0.038016969090479816,-0.0457759898992153,0.06977569959896587
677.4000244140625,773.2000122070312,782.0,715.5,0.0,46.33237075805664,0.10636560618877411,1.6305723712160607,-1.5885250459242288,1.016846224337835,-0.9997679941532697,0.0004917677305692953,-0.0058979959669093135,-0.020710617441820026,3.744065197849108,0.1517843635032204,1.3266347138584036,0.9957864332051303,0.038016969090479816,-0.0457759898992153,0.06977569959896587
677.4000244140625,772.2000122070312,782.0,713.5999755859375,0.0,122.28137969970703,0.26272323727607727,1.630718859922922,-1.569037230775871,1.016500171686859,-0.9997720221842349,-0.0016267825117891837,-0.00536364690942072,-0.020603119378777287,3.744065197849108,0.1517843635032204,1.3266347138584036,0.9957864332051303,0.038016969090479816,-0.0457759898992153,0.06977569959896587
678.4000244140625,771.2999877929688,784.0,712.5999755859375,1.0,153.84271240234375,0.30061447620391846,1.6303575950075828,-1.542989358468595,1.014858338520899,-0.9997581374300342,-0.0027893969254470866,-0.006537706656732563,-0.02081211903896227,3.744065197849108,0.1517843635032204,1.3266347138584036,0.9957864332051303,0.038016969090479816,-0.0457759898992153,0.06977569959896587
677.4000244140625,772.2000122070312,782.0,713.5999755859375,0.0,122.28137969970703,0.26272323727607727,1.6309240123723385,-1.5271283554235076,1.0151146995293465,-0.9997736274649879,-0.002551525928214467,-0.004900370738367014,-0.020546773653395856,3.744065197849108,0.1517843635032204,1.3266347138584036,0.9957864332051303,0.038016969090479816,-0.0457759898992153,0.06977569959896587
677.4000244140625,769.2999877929688,783.0,714.5999755859375,0.0,83.72380065917969,0.20270776748657227,1.6307791687300575,-1.5043577475371668,1.0136822894415385,-0.9997478070538747,-0.0026731390116879715,-0.0056643201980073315,-0.021565993960101358,3.744065197849108,0.1517843635032204,1.3266347138584036,0.9957864332051303,0.038016969090479816,-0.0457759898992153,0.06977569959896587
678.4000244140625,770.2999877929688,784.0,716.5,0.0,21.423206329345703,0.06269608438014984,1.6310949164468256,-1.4885490517825177,1.0125977424127712,-0.9997617370168747,-0.0019294805021544388,-0.005431472318784957,-0.02105339427370143,3.744065197849108,0.1517843635032204,1.3266347138584036,0.9957864332051303,0.038016969090479816,-0.0457759898992153,0.06977569959896587
677.4000244140625,771.2999877929688,782.0,714.5999755859375,0.0,83.30827331542969,0.1963072121143341,1.6319181736102257,-1.4637374890064614,1.0106994595091081,-0.999751917522575,-0.0033742473769981093,-0.0051560277069866815,-0.02140404734759798,3.744065197849108,0.1517843635032204,1.3266347138584036,0.9957864332051303,0.038016969090479816,-0.0457759898992153,0.06977569959896587
679.4000244140625,771.2999877929688,780.0999755859375,712.5999755859375,1.0,136.0849609375,0.3689938187599182,1.6325497022418225,-1.4453741752157832,1.008487904550418,-0.9997425039959565,-0.004667286370040759,-0.00542660652570241,-0.02153355714809246,3.744065197849108,0.1517843635032204,1.3266347138584036,0.9957864332051303,0.038016969090479816,-0.0457759898992153,0.06977569959896587
679.4000244140625,771.2999877929688,780.0999755859375,712.5999755859375,1.0,170.1854705810547,0.4260469675064087,1.6330779510821782,-1.430482745647403,1.0057350970395817,-0.9997166596685197,-0.007635223647839049,-0.006218072770380584,-0.02167116314568795,3.744065197849108,0.1517843635032204,1.3266347138584036,0.9957864332051303,0.038016969090479816,-0.0457759898992153,0.06977569959896587
678.4000244140625,771.2999877929688,784.0,714.5999755859375,0.0,74.10701751708984,0.14572294056415558,1.6338267940932942,-1.4163748064784267,1.0033388730971513,-0.9996809443671001,-0.010309085116907053,-0.006215483064539392,-0.02220585516546865,3.744065197849108,0.1517843635032204,1.3266347138584036,0.9957864332051303,0.038016969090479816,-0.0457759898992153,0.06977569959896587
678.4000244140625,767.4000244140625,782.0,716.5,0.0,86.017822265625,0.21698515117168427,1.6356174805762358,-1.3885456569533907,0.996087128992574,-0.9995833548874009,-0.0171715053713348,-0.006950973266402488,-0.022134588452922613,3.744065197849108,0.1517843635032204,1.3266347138584036,0.9957864332051303,0.038016969090479816,-0.0457759898992153,0.06977569959896587
678.4000244140625,767.4000244140625,782.0,716.5,0.0,38.62845993041992,0.16661041975021362,1.6359072156033259,-1.383205698830423,0.9946099756314493,-0.999558136333047,-0.018638035365428827,-0.006803800046802263,-0.02213287222766397,3.744065197849108,0.1517843635032204,1.3266347138584036,0.9957864332051303,0.038016969090479816,-0.0457759898992153,0.06977569959896587
680.4000244140625,770.2999877929688,784.0,713.5999755859375,0.0,115.007080078125,0.2563404440879822,1.6377719673120577,-1.365883286633612,0.990365706970795,-0.9995007917165348,-0.022055937577177536,-0.0058335348718607915,-0.02185572800229976,3.744065197849108,0.1517843635032204,1.3266347138584036,0.9957864332051303,0.038016969090479816,-0.0457759898992153,0.06977569959896587
678.4000244140625,771.2999877929688,781.0,714.5999755859375,0.0,86.58485412597656,0.2338789701461792,1.6392568345887928,-1.3517138258536063,0.9860090846635029,-0.999443506713543,-0.02428587002938346,-0.005826618801756129,-0.022111624055936124,3.744065197849108,0.1517843635032204,1.3266347138584036,0.9957864332051303,0.038016969090479816,-0.0457759898992153,0.06977569959896587
676.4000244140625,772.2000122070312,782.0,715.5,0.0,48.199981689453125,0.11326376348733902,1.6399884651724583,-1.3449902943994385,0.9835621080950367,-0.9994531665799619,-0.02414757725533592,-0.0054068965211406935,-0.02193234588443481,3.744065197849108,0.1517843635032204,1.3266347138584036,0.9957864332051303,0.038016969090479816,-0.0457759898992153,0.06977569959896587
678.4000244140625,772.2000122070312,783.0,714.5999755859375,0.0,52.25651931762695,0.14896535873413086,1.643018059128774,-1.324873592974521,0.976493221517811,-0.999437840525195,-0.024228183195426762,-0.004829168021269526,-0.022664447966061107,3.744065197849108,0.1517843635032204,1.3266347138584036,0.9957864332051303,0.038016969090479816,-0.0457759898992153,0.06977569959896587
678.4000244140625,772.2000122070312,783.0,714.5999755859375,0.0,76.7220458984375,0.1610012948513031,1.643739314115802,-1.321497415914057,0.9755289220847329,-0.9994364016305021,-0.02465379838745257,-0.004644668691198447,-0.0223046267328887,3.744065197849108,0.1517843635032204,1.3266347138584036,0.9957864332051303,0.038016969090479816,-0.0457759898992153,0.06977569959896587
680.4000244140625,772.2000122070312,779.0999755859375,717.5,0.0,43.33198547363281,0.1696626842021942,1.6462480911758113,-1.3081587666177719,0.9697997211009945,-0.999437414258439,-0.024412821862884557,-0.003998005739119873,-0.022646965783662192,3.744065197849108,0.1517843635032204,1.3266347138584036,0.9957864332051303,0.038016969090479816,-0.0457759898992153,0.06977569959896587
678.4000244140625,772.2000122070312,784.0,714.5999755859375,0.0,72.24076080322266,0.13446000218391418,1.6477526441812984,-1.302435744224363,0.9671775942934133,-0.9994783032099619,-0.022951445753632692,-0.004013353396921878,-0.022366169651174085,3.744065197849108,0.1517843635032204,1.3266347138584036,0.9957864332051303,0.038016969090479816,-0.0457759898992153,0.06977569959896587
680.4000244140625,771.2999877929688,783.0,717.5,0.0,15.292381286621094,0.07083438336849213,1.6501563276896283,-1.294889111376676,0.9635506910620402,-0.9995095841293897,-0.022066935414188457,-0.0034223466975675755,-0.021952884502998336,3.744065197849108,0.1517843635032204,1.3266347138584036,0.9957864332051303,0.038016969090479816,-0.0457759898992153,0.06977569959896587
678.4000244140625,772.2000122070312,779.0999755859375,714.5999755859375,1.0,94.32131958007812,0.27729499340057373,1.6530466888433928,-1.2872590888198416,0.9590094458526002,-0.9995238300805539,-0.02141175411171911,-0.002909995618303886,-0.022026842998055404,3.744065197849108,0.1517843635032204,1.3266347138584036,0.9957864332051303,0.038016969090479816,-0.0457759898992153,0.06977569959896587
674.5,773.2000122070312,781.0,715.5,0.0,48.93400573730469,0.12178025394678116,1.6555830959743891,-1.280676962332016,0.9550283931022476,-0.9995693475346163,-0.019360993927026976,-0.0033750731905492,-0.021791747620087207,3.744065197849108,0.1517843635032204,1.3266347138584036,0.9957864332051303,0.038016969090479816,-0.0457759898992153,0.06977569959896587
679.4000244140625,769.2999877929688,784.0,713.5999755859375,0.0,117.52977752685547,0.2630853056907654,1.6571604488448743,-1.277465812773259,0.9529042644485544,-0.9996007456646816,-0.01711538824061239,-0.0037540115615665812,-0.02216574269410541,3.744065197849108,0.1517843635032204,1.3266347138584036,0.9957864332051303,0.038016969090479816,-0.0457759898992153,0.06977569959896587
678.4000244140625,772.2000122070312,784.0,717.5,0.0,85.3226318359375,0.17401596903800964,1.6617199998930292,-1.2700988897163137,0.9456948141165309,-0.9996920372345789,-0.009465805880198006,-0.004653219725917424,-0.022462786002585774,3.744065197849108,0.1517843635032204,1.3266347138584036,0.9957864332051303,0.038016969090479816,-0.0457759898992153,0.06977569959896587
678.4000244140625,772.2000122070312,784.0,717.5,0.0,10.120964050292969,0.026701614260673523,1.6635736929406122,-1.268424199491275,0.9431232709237886,-0.9997184530222721,-0.005450699663409112,-0.005412954649715811,-0.022450044140142966,3.744065197849108,0.1517843635032204,1.3266347138584036,0.9957864332051303,0.038016969090479816,-0.0457759898992153,0.06977569959896587
680.4000244140625,771.2999877929688,781.0,715.5,0.0,49.01963424682617,0.17936277389526367,1.6653370839317718,-1.2660917459327248,0.9403476982647245,-0.9997556907286418,-0.0024492728281326746,-0.00447860799537795,-0.021505859404672954,3.744065197849108,0.1517843635032204,1.3266347138584036,0.9957864332051303,0.038016969090479816,-0.0457759898992153,0.06977569959896587
676.4000244140625,773.2000122070312,781.0,713.5999755859375,0.0,125.87625885009766,0.27362141013145447,1.6680560557967208,-1.2630168630420961,0.9363506329135357,-0.9997563118458443,0.0006255282231131681,-0.004402701463736466,-0.021622716264577783,3.744065197849108,0.1517843635032204,1.3266347138584036,0.9957864332051303,0.038016969090479816,-0.0457759898992153,0.06977569959896587
678.4000244140625,771.2999877929688,781.0,713.5999755859375,1.0,126.91543579101562,0.3121514618396759,1.6719121795376448,-1.257621478504368,0.9303571588640924,-0.9997271956508675,0.008630123243574681,-0.003514121364428735,-0.021417427480646196,3.744065197849108,0.1517843635032204,1.3266347138584036,0.9957864332051303,0.038016969090479816,-0.0457759898992153,0.06977569959896587
679.4000244140625,773.2000122070312,782.0,713.5999755859375,0.0,119.01399230957031,0.26318222284317017,1.674004627128549,-1.2545046503524664,0.9272652274024675,-0.9997001897762561,0.01270942150816663,-0.0026893003410843447,-0.020754971209833772,3.744065197849108,0.1517843635032204,1.3266347138584036,0.9957864332051303,0.038016969090479816,-0.0457759898992153,0.06977569959896587
679.4000244140625,771.2999877929688,782.0,713.5999755859375,1.0,121.77278137207031,0.28955939412117004,1.676857072121841,-1.250010468304542,0.9238040005229594,-0.9996690831620931,0.015307580909835528,-0.0027432110262747304,-0.020490898706850218,3.744065197849108,0.1517843635032204,1.3266347138584036,0.9957864332051303,0.038016969090479816,-0.0457759898992153,0.06977569959896587
681.2999877929688,773.2000122070312,782.0,714.5999755859375,0.0,76.97920989990234,0.20038080215454102,1.6785021642377946,-1.2467049721231882,0.921313008392304,-0.9996104395236642,0.017868567638412634,-0.00328795970796723,-0.02118661857912691,3.744065197849108,0.1517843635032204,1.3266347138584036,0.9957864332051303,0.038016969090479816,-0.0457759898992153,0.06977569959896587
683.2999877929688,770.2999877929688,785.9000244140625,712.5999755859375,0.0,113.12812042236328,0.20859992504119873,1.6826473578936247,-1.2386973934372922,0.9168693353144225,-0.9996729418562973,0.016432235928156555,-0.0026011321412268114,-0.019422282418952923,3.744065197849108,0.1517843635032204,1.3266347138584036,0.9957864332051303,0.038016969090479816,-0.0457759898992153,0.06977569959896587
683.2999877929688,770.2999877929688,785.9000244140625,712.5999755859375,1.0,143.07839965820312,0.296421617269516,1.6831910022428191,-1.2362285670162592,0.915352531998447,-0.9996708765829349,0.01569472321020384,-0.0036247676858373436,-0.019966853394706562,3.744065197849108,0.1517843635032204,1.3266347138584036,0.9957864332051303,0.038016969090479816,-0.0457759898992153,0.06977569959896587
678.4000244140625,770.2999877929688,786.9000244140625,715.5,0.0,38.41144561767578,0.052315786480903625,1.6874155914662128,-1.2259501077921904,0.9098495608249502,-0.9997518992449639,0.011686551935554377,-0.005285280132262551,-0.018210718653276392,3.744065197849108,0.1517843635032204,1.3266347138584036,0.9957864332051303,0.038016969090479816,-0.0457759898992153,0.06977569959896587
678.4000244140625,771.2999877929688,782.0,717.5,0.0,19.11701202392578,0.0854954868555069,1.6897076333517442,-1.2214654207442237,0.9077699032895024,-0.9998047024116976,0.009339689703785787,-0.004387931250901803,-0.016854473917368,3.744065197849108,0.1517843635032204,1.3266347138584036,0.9957864332051303,0.038016969090479816,-0.0457759898992153,0.06977569959896587
679.4000244140625,772.2000122070312,784.0,715.5,0.0,38.874210357666016,0.07931786775588989,1.6919091187759596,-1.2135937965859265,0.9028991109875651,-0.9998250458227049,0.005947668444836925,-0.0049737393806555605,-0.01702248225935025,3.744065197849108,0.1517843635032204,1.3266347138584036,0.9957864332051303,0.038016969090479816,-0.0457759898992153,0.06977569959896587
678.4000244140625,773.2000122070312,784.9000244140625,715.5,0.0,37.76776885986328,0.0579831600189209,1.6957948299127796,-1.202405132522778,0.8961050185577195,-0.9998509391527464,0.001224879697530238,-0.00495506308442261,-0.016493832026769562,3.744065197849108,0.1517843635032204,1.3266347138584036,0.9957864332051303,0.038016969090479816,-0.0457759898992153,0.06977569959896587
677.4000244140625,771.2999877929688,784.0,714.5999755859375,0.0,74.77046966552734,0.14071092009544373,1.697615290270379,-1.198702175598197,0.8939176301408616,-0.9998700860762754,2.300381791979597e-06,-0.004181425008622074,-0.015566844555887388,3.744065197849108,0.1517843635032204,1.3266347138584036,0.9957864332051303,0.038016969090479816,-0.0457759898992153,0.06977569959896587
680.4000244140625,773.2000122070312,785.9000244140625,712.5999755859375,0.0,140.60487365722656,0.2490166872739792,1.70073788003257,-1.1889196423033406,0.8875673554850588,-0.9998744136758545,-0.002287533074232038,-0.0038990490172311027,-0.015189518937807948,3.744065197849108,0.1517843635032204,1.3266347138584036,0.9957864332051303,0.038016969090479816,-0.0457759898992153,0.06977569959896587
678.4000244140625,771.2999877929688,783.0,714.5999755859375,0.0,78.26811218261719,0.1734624058008194,1.7028665391318074,-1.1819316974368497,0.8827392674863697,-0.9998898589697235,-0.002246695046357812,-0.0031491063331870518,-0.014328482828881188,3.744065197849108,0.1517843635032204,1.3266347138584036,0.9957864332051303,0.038016969090479816,-0.0457759898992153,0.06977569959896587
678.4000244140625,772.2000122070312,784.0,714.5999755859375,0.0,72.24076080322266,0.13446000218391418,1.7067562494684236,-1.171186159954182,0.8751576921402833,-0.9998991260273774,-0.004296813770180068,-0.0017232202264992904,-0.013427794798927353,3.744065197849108,0.1517843635032204,1.3266347138584036,0.9957864332051303,0.038016969090479816,-0.0457759898992153,0.06977569959896587
679.4000244140625,772.2000122070312,783.0,713.5999755859375,0.0,116.2796859741211,0.24685241281986237,1.7084856707787193,-1.1655267001090859,0.8708699752178001,-0.9998961751592419,-0.0049960385374885246,-0.0012895366060131338,-0.013454203662508707,3.744065197849108,0.1517843635032204,1.3266347138584036,0.9957864332051303,0.038016969090479816,-0.0457759898992153,0.06977569959896587
675.5,772.2000122070312,783.0,714.5999755859375,0.0,77.35136413574219,0.14996200799942017,1.711941500716056,-1.1568373539979784,0.863746928530832,-0.9998953413864423,-0.006333172854363077,-0.0014855464969111185,-0.01292247448797424,3.744065197849108,0.1517843635032204,1.3266347138584036,0.9957864332051303,0.038016969090479816,-0.0457759898992153,0.06977569959896587
677.4000244140625,770.2999877929688,781.0,716.5,0.0,34.73307418823242,0.13599610328674316,1.7148095525656237,-1.1496995058589703,0.8572597955212731,-0.9998929142342307,-0.007457977503384359,-0.0011710093276507993,-0.0125366412125056,3.744065197849108,0.1517843635032204,1.3266347138584036,0.9957864332051303,0.038016969090479816,-0.0457759898992153,0.06977569959896587
675.5,772.2000122070312,783.0,713.5999755859375,0.0,116.86895751953125,0.22531934082508087,1.718215486520396,-1.1404361741497135,0.8483607529927111,-0.9998988315971303,-0.008032122066787354,-0.0009556488246802278,-0.011700355598095853,3.744065197849108,0.1517843635032204,1.3266347138584036,0.9957864332051303,0.038016969090479816,-0.0457759898992153,0.06977569959896587
677.4000244140625,773.2000122070312,781.0,715.5,0.0,49.1773681640625,0.1315317451953888,1.7196125986312265,-1.1357150345446283,0.8437558084865097,-0.9999042283085866,-0.006854895516052076,-0.00048519251629195544,-0.01201287668695724,3.744065197849108,0.1517843635032204,1.3266347138584036,0.9957864332051303,0.038016969090479816,-0.0457759898992153,0.06977569959896587
679.4000244140625,772.2000122070312,784.9000244140625,715.5,0.0,36.70736312866211,0.06377638876438141,1.7230659904230874,-1.1274200446799039,0.834967451146402,-0.9999307290796204,-0.004102260813933241,-0.0006593758919788258,-0.011012434878184802,3.744065197849108,0.1517843635032204,1.3266347138584036,0.9957864332051303,0.038016969090479816,-0.0457759898992153,0.06977569959896587
679.4000244140625,770.2999877929688,783.0,714.5999755859375,0.0,79.53362274169922,0.19912280142307281,1.7251695683327102,-1.1209122818758912,0.8278493904765295,-0.9999321377916219,-0.0012480829129994072,-0.0006997244704532089,-0.011561681806059468,3.744065197849108,0.1517843635032204,1.3266347138584036,0.9957864332051303,0.038016969090479816,-0.0457759898992153,0.06977569959896587
678.4000244140625,770.2999877929688,783.0,714.5999755859375,0.0,80.43214416503906,0.1910078525543213,1.7273997938731918,-1.1149064537230209,0.8209573366774278,-0.9999392111091374,0.0018606910529972605,-0.0019106127277021647,-0.010698666937797773,3.744065197849108,0.1517843635032204,1.3266347138584036,0.9957864332051303,0.038016969090479816,-0.0457759898992153,0.06977569959896587
675.5,770.2999877929688,785.9000244140625,713.5999755859375,0.0,105.89706420898438,0.17669451236724854,1.7288927042756963,-1.1096591325113125,0.8150916668322429,-0.9999265508707039,0.0020781558532556314,-0.002215834581338902,-0.011733039213060067,3.744065197849108,0.1517843635032204,1.3266347138584036,0.9957864332051303,0.038016969090479816,-0.0457759898992153,0.06977569959896587
677.4000244140625,772.2000122070312,782.0,717.5,0.0,16.762004852294922,0.0657961517572403,1.7308785664403292,-1.1038296895379793,0.8073603407032034,-0.9999350107266131,0.0012538863674598222,-0.0030390050480139427,-0.010916342815422862,3.744065197849108,0.1517843635032204,1.3266347138584036,0.9957864332051303,0.038016969090479816,-0.0457759898992153,0.06977569959896587
680.4000244140625,773.2000122070312,784.9000244140625,715.5,0.0,34.03377151489258,0.05969701707363129,1.733319473261292,-1.096559181155901,0.7979337722592668,-0.9999407586783674,-0.002044128669032249,-0.002588698733721825,-0.010373008752608295,3.744065197849108,0.1517843635032204,1.3266347138584036,0.9957864332051303,0.038016969090479816,-0.0457759898992153,0.06977569959896587
677.4000244140625,771.2999877929688,785.9000244140625,712.5999755859375,0.0,144.9105682373047,0.25099116563796997,1.735510627128939,-1.0925784779489718,0.7918546180227292,-0.9999205841832507,-0.004067181772210337,-0.0034922532597020306,-0.011405591884188564,3.744065197849108,0.1517843635032204,1.3266347138584036,0.9957864332051303,0.038016969090479816,-0.0457759898992153,0.06977569959896587
678.4000244140625,769.2999877929688,780.0999755859375,716.5,0.0,45.651981353759766,0.19335898756980896,1.7366306307374042,-1.0863219942623235,0.7828770476805514,-0.9999246144796532,-0.007193409601976928,-0.001620194698323953,-0.009818104967590738,3.744065197849108,0.1517843635032204,1.3266347138584036,0.9957864332051303,0.038016969090479816,-0.0457759898992153,0.06977569959896587
677.4000244140625,771.2999877929688,781.0,713.5999755859375,1.0,127.92857360839844,0.3061113953590393,1.739475266482048,-1.080324925017391,0.7740218459816824,-0.9999081597830832,-0.008583104755408211,-0.0018169625583024688,-0.010329615628264116,3.744065197849108,0.1517843635032204,1.3266347138584036,0.9957864332051303,0.038016969090479816,-0.0457759898992153,0.06977569959896587
675.5,770.2999877929688,783.0,714.5999755859375,0.0,81.75286865234375,0.17664359509944916,1.740442403166064,-1.0760989048127818,0.7673060323249257,-0.9999156941217532,-0.008842530113608601,-0.0011818083315436056,-0.00943491596517724,3.744065197849108,0.1517843635032204,1.3266347138584036,0.9957864332051303,0.038016969090479816,-0.0457759898992153,0.06977569959896587
680.4000244140625,770.2999877929688,785.9000244140625,714.5999755859375,0.0,66.4846420288086,0.12154509127140045,1.7430282269422008,-1.0719127462145244,0.7601928284165672,-0.9999166999407039,-0.008147067733604884,-0.0007432361550721152,-0.009983289390489628,3.744065197849108,0.1517843635032204,1.3266347138584036,0.9957864332051303,0.038016969090479816,-0.0457759898992153,0.06977569959896587
676.4000244140625,765.4000244140625,783.0,715.5,0.0,59.49832534790039,0.20983316004276276,1.7447236041514864,-1.0675375437353047,0.7522142551151425,-0.9999304355437405,-0.006600604488473955,-0.0003483790135916097,-0.009769069851077353,3.744065197849108,0.1517843635032204,1.3266347138584036,0.9957864332051303,0.038016969090479816,-0.0457759898992153,0.06977569959896587
677.4000244140625,775.2000122070312,784.9000244140625,715.5,0.0,42.789608001708984,0.05203166604042053,1.7460420434423407,-1.0623542522932552,0.7427018311079283,-0.9999398601280501,-0.0035991495382511904,-0.0018294399770371578,-0.01019683279589327,3.744065197849108,0.1517843635032204,1.3266347138584036,0.9957864332051303,0.038016969090479816,-0.0457759898992153,0.06977569959896587
678.4000244140625,771.2999877929688,784.0,715.5,0.0,41.326541900634766,0.08410236239433289,1.7473678647751933,-1.0594742468857925,0.7364580251559423,-0.9999477401653845,-0.0022833088333003146,-0.0017094526895988836,-0.009817393259646987,3.744065197849108,0.1517843635032204,1.3266347138584036,0.9957864332051303,0.038016969090479816,-0.0457759898992153,0.06977569959896587
678.4000244140625,770.2999877929688,784.0,715.5,0.0,42.61954116821289,0.09814663231372833,1.7490578733210662,-1.0551182047830008,0.7272435947473269,-0.9999388166519353,-0.0009076001833990426,-0.003280642689205807,-0.0105250462317403,3.744065197849108,0.1517843635032204,1.3266347138584036,0.9957864332051303,0.038016969090479816,-0.0457759898992153,0.06977569959896587
678.4000244140625,770.2999877929688,784.0,712.5999755859375,1.0,156.0485382080078,0.3150949776172638,1.7505413206216254,-1.0515240742353293,0.7191581396323614,-0.9999414455396293,-0.000811972328054034,-0.004425676337275347,-0.009841726576831791,3.744065197849108,0.1517843635032204,1.3266347138584036,0.9957864332051303,0.038016969090479816,-0.0457759898992153,0.06977569959896587
677.4000244140625,773.2000122070312,782.0,712.5999755859375,1.0,161.24598693847656,0.3299548327922821,1.7517339915854542,-1.0489954748080152,0.7135524718204576,-0.9999474523775361,-0.0011399106624110239,-0.0039872629903291105,-0.00937522379480567,3.744065197849108,0.1517843635032204,1.3266347138584036,0.9957864332051303,0.038016969090479816,-0.0457759898992153,0.06977569959896587
678.4000244140625,770.2999877929688,782.0,717.5,0.0,22.049251556396484,0.10191203653812408,1.7533013490822982,-1.0448366365642472,0.7037988334824676,-0.9999390506081308,-0.0018485539091293384,-0.004469475614578847,-0.009924802521253826,3.744065197849108,0.1517843635032204,1.3266347138584036,0.9957864332051303,0.038016969090479816,-0.0457759898992153,0.06977569959896587
678.4000244140625,771.2999877929688,784.0,715.5,0.0,41.326541900634766,0.08410236239433289,1.7550455777428655,-1.041379827176564,0.6943629195134273,-0.9999420820650599,-0.001718965787513052,-0.004754722051449395,-0.009501067846729903,3.744065197849108,0.1517843635032204,1.3266347138584036,0.9957864332051303,0.038016969090479816,-0.0457759898992153,0.06977569959896587
678.4000244140625,770.2999877929688,782.0,712.5999755859375,1.0,165.22108459472656,0.37889957427978516,1.7564553837788615,-1.0378288991136442,0.6856872741469103,-0.9999425116908155,-0.0023979401733939406,-0.004253749142300744,-0.009546141347309542,3.744065197849108,0.1517843635032204,1.3266347138584036,0.9957864332051303,0.038016969090479816,-0.0457759898992153,0.06977569959896587
679.4000244140625,771.2999877929688,783.0,713.5999755859375,0.0,117.697265625,0.2597970962524414,1.7580778122000056,-1.0344314152313256,0.6767554796888939,-0.999950859315853,-0.0024706852959877662,-0.003508808187424775,-0.008936606333458169,3.744065197849108,0.1517843635032204,1.3266347138584036,0.9957864332051303,0.038016969090479816,-0.0457759898992153,0.06977569959896587
678.4000244140625,770.2999877929688,784.0,716.5,0.0,21.423206329345703,0.06269608438014984,1.7595371015892254,-1.030562962907946,0.6653673165687836,-0.9999526114706595,-0.0031351089810991058,-0.0026291028475028864,-0.00883366984340633,3.744065197849108,0.1517843635032204,1.3266347138584036,0.9957864332051303,0.038016969090479816,-0.0457759898992153,0.06977569959896587
679.4000244140625,771.2999877929688,783.0,714.5999755859375,0.0,77.36958312988281,0.18157736957073212,1.7600741911772366,-1.0300483730690921,0.6624108891858643,-0.9999477735612671,-0.002749237518787585,-0.002979784074459815,-0.009381509995735997,3.744065197849108,0.1517843635032204,1.3266347138584036,0.9957864332051303,0.038016969090479816,-0.0457759898992153,0.06977569959896587
679.4000244140625,765.4000244140625,784.0,715.5,0.0,50.41836929321289,0.18867085874080658,1.7620354617766565,-1.0245593049155106,0.6458568364666769,-0.9999456139390333,-0.004240514692697854,-0.0020713591663613358,-0.009300358618620514,3.744065197849108,0.1517843635032204,1.3266347138584036,0.9957864332051303,0.038016969090479816,-0.0457759898992153,0.06977569959896587
679.4000244140625,769.2999877929688,782.0,713.5999755859375,1.0,126.10086059570312,0.3246505558490753,1.7628022116490065,-1.02359125513744,0.6416034438855197,-0.9999482174367715,-0.004441976607327862,-0.0016208473958354598,-0.009011334116697337,3.744065197849108,0.1517843635032204,1.3266347138584036,0.9957864332051303,0.038016969090479816,-0.0457759898992153,0.06977569959896587
677.4000244140625,771.2999877929688,783.0,714.5999755859375,0.0,79.18543243408203,0.16775783896446228,1.7643969992449828,-1.0195604322487366,0.6279714478300705,-0.9999394706421425,-0.006507751437201308,-0.0009874441644430777,-0.008816415210605172,3.744065197849108,0.1517843635032204,1.3266347138584036,0.9957864332051303,0.038016969090479816,-0.0457759898992153,0.06977569959896587
677.4000244140625,770.2999877929688,783.0,713.5999755859375,0.0,121.44630432128906,0.26228564977645874,1.7646611940049806,-1.018513582341149,0.6249942326002355,-0.9999382378928228,-0.0068696925863812736,-0.0010655565582004627,-0.008671350113240803,3.744065197849108,0.1517843635032204,1.3266347138584036,0.9957864332051303,0.038016969090479816,-0.0457759898992153,0.06977569959896587
678.4000244140625,771.2999877929688,783.0,714.5999755859375,0.0,78.26811218261719,0.1734624058008194,1.7657222957318814,-1.0161623093071424,0.6151762827951199,-0.99993594692675,-0.007236772878559972,-0.0013006856361057453,-0.008604613813759744,3.744065197849108,0.1517843635032204,1.3266347138584036,0.9957864332051303,0.038016969090479816,-0.0457759898992153,0.06977569959896587
677.4000244140625,769.2999877929688,783.0,715.5,1.0,122.71244812011719,0.28663086891174316,1.7668369999221842,-1.0137943201705506,0.6034278607912879,-0.9999419557758049,-0.007309328235080891,-0.0015899570359889966,-0.007754407561758731,3.744065197849108,0.1517843635032204,1.3266347138584036,0.9957864332051303,0.038016969090479816,-0.0457759898992153,0.06977569959896587
678.4000244140625,768.2999877929688,780.0999755859375,711.5999755859375,0.0,48.21806716918945,0.13290300965309143,1.7678769337078313,-1.0125099211890327,0.5938046045705396,-0.9999491807733231,-0.006448872271677917,-0.0014509342992538301,-0.0076120106964629305,3.744065197849108,0.1517843635032204,1.3266347138584036,0.9957864332051303,0.038016969090479816,-0.0457759898992153,0.06977569959896587
678.4000244140625,768.2999877929688,780.0999755859375,711.5999755859375,1.0,203.9156036376953,0.5020548701286316,1.7679674291072984,-1.0121146844538302,0.5914022129152507,-0.9999524921620394,-0.006304023731641822,-0.0014653253406326872,-0.0072887259081066014,3.744065197849108,0.1517843635032204,1.3266347138584036,0.9957864332051303,0.038016969090479816,-0.0457759898992153,0.06977569959896587
677.4000244140625,768.2999877929688,782.0,713.5999755859375,1.0,129.98452758789062,0.3279334008693695,1.768769702579514,-1.0120936159494636,0.5878979953208815,-0.9999530904138815,-0.006257745830127146,-0.0012566797298766983,-0.007285488652794413,3.744065197849108,0.1517843635032204,1.3266347138584036,0.9957864332051303,0.038016969090479816,-0.0457759898992153,0.06977569959896587
680.4000244140625,769.2999877929688,778.0999755859375,712.5999755859375,1.0,174.00454711914062,0.5017446279525757,1.768776602946487,-1.0110440189276912,0.5803646961155783,-0.9999688474485497,-0.0029946265593704985,-0.0011650454972206552,-0.00720964722981404,3.744065197849108,0.1517843635032204,1.3266347138584036,0.9957864332051303,0.038016969090479816,-0.0457759898992153,0.06977569959896587
678.4000244140625,768.2999877929688,781.0,714.5999755859375,1.0,93.07694244384766,0.2865154445171356,1.7691104491553424,-1.0106358283344383,0.5749780071053315,-0.9999743094988519,-0.0017550119341442198,-0.0013723019866566885,-0.006813006873828565,3.744065197849108,0.1517843635032204,1.3266347138584036,0.9957864332051303,0.038016969090479816,-0.0457759898992153,0.06977569959896587
677.4000244140625,771.2999877929688,782.0,713.5999755859375,0.0,123.70645904541016,0.27580326795578003,1.769043840775937,-1.0101155423822705,0.5700708328105941,-0.9999770440970761,0.0019045822860797655,-0.0011141185782902535,-0.0064064487029456135,3.744065197849108,0.1517843635032204,1.3266347138584036,0.9957864332051303,0.038016969090479816,-0.0457759898992153,0.06977569959896587
677.4000244140625,772.2000122070312,782.0,710.7000122070312,1.0,236.75347900390625,0.48830705881118774,1.7694358500249672,-1.0099968514265054,0.5638133717802841,-0.9999728576713035,0.004425923595120383,-0.0009179462196307395,-0.005818289762041716,3.744065197849108,0.1517843635032204,1.3266347138584036,0.9957864332051303,0.038016969090479816,-0.0457759898992153,0.06977569959896587
674.5,766.4000244140625,783.0,713.5999755859375,1.0,124.5212631225586,0.3165621757507324,1.7689578576553164,-1.0088397153666329,0.5584314669823185,-0.9999623950759217,0.006534001089957901,-0.0021148478014661946,-0.0052955342090628185,3.744065197849108,0.1517843635032204,1.3266347138584036,0.9957864332051303,0.038016969090479816,-0.0457759898992153,0.06977569959896587
677.4000244140625,771.2999877929688,783.0,709.7000122070312,1.0,251.08900451660156,0.4916732907295227,1.768982924542051,-1.0079457495543211,0.5520127728125184,-0.9999479763436956,0.00933860936225346,-0.0015179249275265928,-0.003811939826588947,3.744065197849108,0.1517843635032204,1.3266347138584036,0.9957864332051303,0.038016969090479816,-0.0457759898992153,0.06977569959896587
675.5,771.2999877929688,783.0,716.5,0.0,26.04783058166504,0.061159685254096985,1.7683942683490985,-1.006006106767937,0.5455880552175887,-0.9999353164678151,0.010161567893563424,-0.0019523216738585002,-0.004721637262323225,3.744065197849108,0.1517843635032204,1.3266347138584036,0.9957864332051303,0.038016969090479816,-0.0457759898992153,0.06977569959896587
676.4000244140625,771.2999877929688,783.0,711.5999755859375,1.0,201.8494873046875,0.4057771563529968,1.7684247243225573,-1.0049645662477564,0.54070859620505,-0.9999587728914464,0.008513943136487966,-0.0009316890812083978,-0.0030161639805332146,3.744065197849108,0.1517843635032204,1.3266347138584036,0.9957864332051303,0.038016969090479816,-0.0457759898992153,0.06977569959896587
677.4000244140625,770.2999877929688,783.0,712.5999755859375,1.0,161.24569702148438,0.3388271927833557,1.7675872874161904,-1.0021837003101979,0.5309204325871263,-0.9999789974651686,0.004889996997442475,-0.0026454294401868405,-0.0033308048574217652,3.744065197849108,0.1517843635032204,1.3266347138584036,0.9957864332051303,0.038016969090479816,-0.0457759898992153,0.06977569959896587
676.4000244140625,771.2999877929688,780.0999755859375,718.5,0.0,25.730852127075195,0.11670006066560745,1.7670511085686729,-1.0005342897810237,0.5238393908643023,-0.9999921633129791,0.001159341035455221,-0.0029530657157116375,-0.00236825755997563,3.744065197849108,0.1517843635032204,1.3266347138584036,0.9957864332051303,0.038016969090479816,-0.0457759898992153,0.06977569959896587
676.4000244140625,772.2000122070312,784.0,716.5,0.0,23.697689056396484,0.04117056727409363,1.766342980087092,-0.9981170398061529,0.5152340183986384,-0.9999842593241582,-0.004018788887836046,-0.0032515480383637847,-0.002181255405460213,3.744065197849108,0.1517843635032204,1.3266347138584036,0.9957864332051303,0.038016969090479816,-0.0457759898992153,0.06977569959896587
676.4000244140625,767.4000244140625,783.0,713.5999755859375,1.0,127.38435363769531,0.3033713102340698,1.7660923310658072,-0.9965740022648591,0.507648807916975,-0.9999733541610389,-0.006079779713137426,-0.0035328627553427726,-0.0019611545867536154,3.744065197849108,0.1517843635032204,1.3266347138584036,0.9957864332051303,0.038016969090479816,-0.0457759898992153,0.06977569959896587
676.4000244140625,769.2999877929688,784.0,715.5,0.0,47.3067741394043,0.10763086378574371,1.7655421864495011,-0.99445714971259,0.4977150263886614,-0.9999558150324672,-0.008424785207222375,-0.003979597950542245,-0.001246505964140006,3.744065197849108,0.1517843635032204,1.3266347138584036,0.9957864332051303,0.038016969090479816,-0.0457759898992153,0.06977569959896587
677.4000244140625,771.2999877929688,782.0,714.5999755859375,0.0,83.30827331542969,0.1963072121143341,1.765307999576141,-0.993328420604499,0.49146366095847255,-0.9999604194119959,-0.008324182867681242,-0.0029773658820450525,-0.0010014396512443055,3.744065197849108,0.1517843635032204,1.3266347138584036,0.9957864332051303,0.038016969090479816,-0.0457759898992153,0.06977569959896587
676.4000244140625,769.2999877929688,781.0,713.5999755859375,1.0,133.00567626953125,0.3358601927757263,1.764449558703367,-0.9921959938428357,0.4858332012317568,-0.9999557632841558,-0.008790184083903179,-0.003298791813610948,-0.0005675483617607009,3.744065197849108,0.1517843635032204,1.3266347138584036,0.9957864332051303,0.038016969090479816,-0.0457759898992153,0.06977569959896587
676.4000244140625,772.2000122070312,783.0,716.5,0.0,24.73689079284668,0.05318808555603027,1.7634832230839046,-0.9907995230938854,0.4758521588698838,-0.9999635723568555,-0.007961286444953045,-0.0030742522870471603,0.0001443964428205908,3.744065197849108,0.1517843635032204,1.3266347138584036,0.9957864332051303,0.038016969090479816,-0.0457759898992153,0.06977569959896587
678.4000244140625,773.2000122070312,787.9000244140625,720.4000244140625,0.0,1.6064393520355225,0.007280707359313965,1.7626186083374784,-0.9902897576845606,0.46876418743314496,-0.9999569661957601,-0.00851644476827332,-0.003678487350101045,-6.823412390719642e-05,3.744065197849108,0.1517843635032204,1.3266347138584036,0.9957864332051303,0.038016969090479816,-0.0457759898992153,0.06977569959896587
677.4000244140625,773.2000122070312,785.9000244140625,715.5,0.0,37.7945442199707,0.0452435165643692,1.7624630300002448,-0.9906305908936105,0.46179274089557687,-0.9999480460274014,-0.009809459342190404,-0.0025560052833583286,0.0010707896092862932,3.744065197849108,0.1517843635032204,1.3266347138584036,0.9957864332051303,0.038016969090479816,-0.0457759898992153,0.06977569959896587
677.4000244140625,768.2999877929688,782.0,711.5999755859375,1.0,211.32708740234375,0.4843887686729431,1.761651001756374,-0.9908914345401362,0.45609047308458833,-0.9999458465996058,-0.010001392015581655,-0.0026664240959909423,0.0010799113337851677,3.744065197849108,0.1517843635032204,1.3266347138584036,0.9957864332051303,0.038016969090479816,-0.0457759898992153,0.06977569959896587
675.5,774.2000122070312,784.0,711.5999755859375,1.0,187.6501922607422,0.3469354510307312,1.760679439505708,-0.9923619665337349,0.4474590047423036,-0.9999479449036335,-0.009520007068973567,-0.003439225777636411,0.0012840071872828869,3.744065197849108,0.1517843635032204,1.3266347138584036,0.9957864332051303,0.038016969090479816,-0.0457759898992153,0.06977569959896587
678.4000244140625,772.2000122070312,783.0,718.5,0.0,7.461460113525391,0.039556533098220825,1.760475525159349,-0.9928406979076547,0.4440186307202834,-0.9999521872640819,-0.009129978913793456,-0.0029704152410326683,0.0018556142131985994,3.744065197849108,0.1517843635032204,1.3266347138584036,0.9957864332051303,0.038016969090479816,-0.0457759898992153,0.06977569959896587
677.4000244140625,771.2999877929688,783.0,716.5,0.0,23.526165008544922,0.06505471467971802,1.759366560146628,-0.994674638786273,0.43582892814815294,-0.9999703174896243,-0.006056240095908121,-0.004562107552475504,0.0013686746438069997,3.744065197849108,0.1517843635032204,1.3266347138584036,0.9957864332051303,0.038016969090479816,-0.0457759898992153,0.06977569959896587
678.4000244140625,770.2999877929688,783.0,712.5999755859375,1.0,160.5679931640625,0.3465116620063782,1.7586623100113903,-0.9963472642174108,0.42867975155292376,-0.9999671615083551,-0.006130993395996615,-0.004915516380658378,0.0019810410428179326,3.744065197849108,0.1517843635032204,1.3266347138584036,0.9957864332051303,0.038016969090479816,-0.0457759898992153,0.06977569959896587
676.4000244140625,773.2000122070312,784.0,717.5,0.0,13.776189804077148,0.025320380926132202,1.7574827382078082,-0.998632094047603,0.4195887973428804,-0.9999801728858884,-0.0007611689289114076,-0.006211859678509524,0.0006980374669705974,3.744065197849108,0.1517843635032204,1.3266347138584036,0.9957864332051303,0.038016969090479816,-0.0457759898992153,0.06977569959896587
676.4000244140625,772.2000122070312,785.9000244140625,717.5,0.0,14.858187675476074,0.01875118911266327,1.7572255117671762,-1.000548739863953,0.41480165941925906,-0.9999833735755087,0.0006554845798942391,-0.005500699566096521,0.0016016294183170809,3.744065197849108,0.1517843635032204,1.3266347138584036,0.9957864332051303,0.038016969090479816,-0.0457759898992153,0.06977569959896587
677.4000244140625,767.4000244140625,784.0,714.5999755859375,0.0,82.94651794433594,0.203193798661232,1.7569561543576655,-1.0030421841263402,0.40619415915306734,-0.9999842314589336,0.0024694916489029542,-0.005027614798303938,0.0004019128289597731,3.744065197849108,0.1517843635032204,1.3266347138584036,0.9957864332051303,0.038016969090479816,-0.0457759898992153,0.06977569959896587
674.5,768.2999877929688,783.0,715.5,0.0,51.40621566772461,0.1388692706823349,1.7563692899768142,-1.0054552046030907,0.3973910407463014,-0.9999830387141235,0.002976009440247055,-0.004969063364223829,-0.0006116053972373217,3.744065197849108,0.1517843635032204,1.3266347138584036,0.9957864332051303,0.038016969090479816,-0.0457759898992153,0.06977569959896587
671.5999755859375,770.2999877929688,785.9000244140625,716.5,0.0,38.89432144165039,0.18149113655090332,1.7563295230527325,-1.0076904598858756,0.3913243126444393,-0.9999883841405596,0.003245232200083993,-0.003546229410458165,-0.0003525746569967683,3.744065197849108,0.1517843635032204,1.3266347138584036,0.9957864332051303,0.038016969090479816,-0.0457759898992153,0.06977569959896587
677.4000244140625,770.2999877929688,782.0,718.5,0.0,18.255435943603516,0.09317349642515182,1.7558871692823994,-1.0091397404616809,0.38487677968966494,-0.9999815204168382,0.005133708274730496,-0.003149242184416515,-0.0008283343785418898,3.744065197849108,0.1517843635032204,1.3266347138584036,0.9957864332051303,0.038016969090479816,-0.0457759898992153,0.06977569959896587
678.4000244140625,769.2999877929688,782.0,712.5999755859375,1.0,167.16368103027344,0.39552950859069824,1.7555537055327093,-1.0115564038233,0.37407959725066153,-0.9999837724355198,0.004591079033486422,-0.0033644335113456403,-0.00023967912414041157,3.744065197849108,0.1517843635032204,1.3266347138584036,0.9957864332051303,0.038016969090479816,-0.0457759898992153,0.06977569959896587
678.4000244140625,774.2000122070312,784.0,716.5,0.0,17.443193435668945,0.02823147177696228,1.7555109264472692,-1.0133897853940999,0.3651042751707898,-0.9999845250491027,0.005205768051704001,-0.0019567183571926995,0.00014454958621158608,3.744065197849108,0.1517843635032204,1.3266347138584036,0.9957864332051303,0.038016969090479816,-0.0457759898992153,0.06977569959896587
678.4000244140625,773.2000122070312,784.9000244140625,714.5999755859375,0.0,66.98011016845703,0.11092148721218109,1.755348099311042,-1.0141357736813958,0.3584111419703653,-0.999985965398349,0.004756356382547626,-0.002326596352270767,-0.00018174077120294502,3.744065197849108,0.1517843635032204,1.3266347138584036,0.9957864332051303,0.038016969090479816,-0.0457759898992153,0.06977569959896587
676.4000244140625,771.2999877929688,784.0,713.5999755859375,0.0,114.7519302368164,0.2120523303747177,1.7555946668069304,-1.0165180269121552,0.34727908974465227,-0.9999947686915973,0.003119518949270543,-0.0004928359987148066,0.0006987872655194427,3.744065197849108,0.1517843635032204,1.3266347138584036,0.9957864332051303,0.038016969090479816,-0.0457759898992153,0.06977569959896587
677.4000244140625,769.2999877929688,783.0,712.5999755859375,1.0,163.18702697753906,0.3554266095161438,1.7552025209740543,-1.0177051013587946,0.3388783465524195,-0.9999969405440868,0.002469552753347428,-2.6076470444888807e-05,-0.00013975579499415377,3.744065197849108,0.1517843635032204,1.3266347138584036,0.9957864332051303,0.038016969090479816,-0.0457759898992153,0.06977569959896587
678.4000244140625,770.2999877929688,781.0,719.5,0.0,22.013181686401367,0.1127256378531456,1.7551994771712558,-1.0196485346171018,0.32978349010255287,-0.9999993478462752,0.0010552440556412066,0.0003487273755602232,-0.0002629757115132682,3.744065197849108,0.1517843635032204,1.3266347138584036,0.9957864332051303,0.038016969090479816,-0.0457759898992153,0.06977569959896587
676.4000244140625,769.2999877929688,784.0,716.5,0.0,27.89531135559082,0.07974684238433838,1.7543657486559638,-1.0227684256136045,0.31644297462644233,-0.9999970376910393,-0.00018230328030596462,0.0021456462294544027,-0.0011347144654748514,3.744065197849108,0.1517843635032204,1.3266347138584036,0.9957864332051303,0.038016969090479816,-0.0457759898992153,0.06977569959896587
676.4000244140625,770.2999877929688,783.0,716.5,0.0,27.196834564208984,0.0816340446472168,1.7541111358075423,-1.0236372026004454,0.3125908142405882,-0.9999969058803133,-0.0010322511857309383,0.0020417176218040078,-0.0009767683668320268,3.744065197849108,0.1517843635032204,1.3266347138584036,0.9957864332051303,0.038016969090479816,-0.0457759898992153,0.06977569959896587
677.4000244140625,773.2000122070312,784.9000244140625,716.5,0.0,19.769744873046875,0.025319546461105347,1.7533200223899503,-1.0260184056144852,0.3040175817121473,-0.999993305019189,0.0025770663137903594,-0.0009966536633906303,-0.0023990263627154,3.744065197849108,0.1517843635032204,1.3266347138584036,0.9957864332051303,0.038016969090479816,-0.0457759898992153,0.06977569959896587
678.4000244140625,769.2999877929688,786.9000244140625,716.5,0.0,14.526752471923828,0.05294276773929596,1.7511827525438801,-1.0302552720809244,0.2875583975864162,-0.999964559973721,0.003222566741229242,-0.0067714211365944655,-0.0038264495229719526,3.744065197849108,0.1517843635032204,1.3266347138584036,0.9957864332051303,0.038016969090479816,-0.0457759898992153,0.06977569959896587
678.4000244140625,769.2999877929688,786.9000244140625,716.5,0.0,21.99822235107422,0.03393350541591644,1.7507485732999626,-1.0316289666162368,0.28194840864250476,-0.9999602692266182,0.0025490289350377595,-0.007840426930447283,-0.0033897087287684427,3.744065197849108,0.1517843635032204,1.3266347138584036,0.9957864332051303,0.038016969090479816,-0.0457759898992153,0.06977569959896587
676.4000244140625,769.2999877929688,785.9000244140625,714.5999755859375,0.0,71.64614868164062,0.12007792294025421,1.7495016586849208,-1.0341268461749238,0.2721852130755172,-0.9999198158577418,0.0012117017966815009,-0.011707957426749373,-0.004670906407665708,3.744065197849108,0.1517843635032204,1.3266347138584036,0.9957864332051303,0.038016969090479816,-0.0457759898992153,0.06977569959896587
678.4000244140625,772.2000122070312,784.9000244140625,718.5,0.0,4.09763765335083,0.01779833436012268,1.748364196959624,-1.0361189211142923,0.2647328184327214,-0.9999061860277608,0.0008828301787846935,-0.012750350591491036,-0.004926288063702923,3.744065197849108,0.1517843635032204,1.3266347138584036,0.9957864332051303,0.038016969090479816,-0.0457759898992153,0.06977569959896587
678.4000244140625,771.2999877929688,784.9000244140625,719.5,0.0,3.809713125228882,0.021088913083076477,1.746604535168352,-1.0401463469150058,0.25180994922441696,-0.9999036172192208,0.0003074943731321759,-0.012371242186488829,-0.006293972187075388,3.744065197849108,0.1517843635032204,1.3266347138584036,0.9957864332051303,0.038016969090479816,-0.0457759898992153,0.06977569959896587
677.4000244140625,770.2999877929688,784.0,716.5,0.0,24.272418975830078,0.06289359927177429,1.7451650040957536,-1.044204388297063,0.24103726922483124,-0.9999187193517843,0.0001973497530139494,-0.010700937792625048,-0.0069286126548412695,3.744065197849108,0.1517843635032204,1.3266347138584036,0.9957864332051303,0.038016969090479816,-0.0457759898992153,0.06977569959896587
676.4000244140625,774.2000122070312,785.9000244140625,717.5,0.0,13.935202598571777,0.011206373572349548,1.7438252794215026,-1.0468259613692206,0.23315159940181066,-0.9999290790302371,0.00010710222582913348,-0.008696272797248833,-0.008136355344452166,3.744065197849108,0.1517843635032204,1.3266347138584036,0.9957864332051303,0.038016969090479816,-0.0457759898992153,0.06977569959896587
676.4000244140625,769.2999877929688,783.0,711.5999755859375,1.0,207.31033325195312,0.44123291969299316,1.7433179614576164,-1.0502829824866489,0.2241553858348599,-0.9999471976901846,0.0003752386208149177,-0.004985865317397002,-0.008977871382533661,3.744065197849108,0.1517843635032204,1.3266347138584036,0.9957864332051303,0.038016969090479816,-0.0457759898992153,0.06977569959896587
673.5,769.2999877929688,784.9000244140625,716.5,0.0,33.917152404785156,0.07218405604362488,1.7429066144659429,-1.0540511136892576,0.21478020693335223,-0.9999546975679854,-0.0014527721895441813,-0.0020435597704804606,-0.009182381398578613,3.744065197849108,0.1517843635032204,1.3266347138584036,0.9957864332051303,0.038016969090479816,-0.0457759898992153,0.06977569959896587
676.4000244140625,769.2999877929688,784.9000244140625,718.5,0.0,11.914587020874023,0.05055786669254303,1.7416456007303818,-1.0573696433313426,0.2028124889328131,-0.9999457154408713,0.0003918773324107278,-0.001689163653449379,-0.010274207013311902,3.744065197849108,0.1517843635032204,1.3266347138584036,0.9957864332051303,0.038016969090479816,-0.0457759898992153,0.06977569959896587
681.2999877929688,770.2999877929688,784.9000244140625,719.5,0.0,5.339146137237549,0.038884952664375305,1.7412835849491457,-1.0612684378593473,0.19715169906354418,-0.9999384550270186,-0.004445390743879978,-0.00043465473620858924,-0.01015557652591193,3.744065197849108,0.1517843635032204,1.3266347138584036,0.9957864332051303,0.038016969090479816,-0.0457759898992153,0.06977569959896587
671.5999755859375,769.2999877929688,780.0999755859375,699.9000244140625,1.0,280.1641845703125,0.8141093850135803,1.7414081678827158,-1.0651951599816796,0.19706534922042726,-0.9999354656350866,-0.0018747646136975534,-0.0022233121167216287,-0.010982108450455857,3.744065197849108,0.1517843635032204,1.3266347138584036,0.9957864332051303,0.038016969090479816,-0.0457759898992153,0.06977569959896587
699.9000244140625,785.9000244140625,797.7000122070312,725.2999877929688,0.0,350.9794921875,-0.06150431931018829,1.7425161181309612,-1.0671178797282113,0.19894808724791666,-0.9999380240517878,-0.0024074452256566043,-0.003510446211433132,-0.010287323767066718,3.744065197849108,0.1517843635032204,1.3266347138584036,0.9957864332051303,0.038016969090479816,-0.0457759898992153,0.06977569959896587
697.9000244140625,785.9000244140625,799.5999755859375,739.0,0.0,345.2044677734375,-0.08301250636577606,1.7430673546104154,-1.0685290784600314,0.1978928651116744,-0.9999469441931095,-0.002932172888354506,-0.002679638072653461,-0.009504246462245012,3.744065197849108,0.1517843635032204,1.3266347138584036,0.9957864332051303,0.038016969090479816,-0.0457759898992153,0.06977569959896587
697.0,779.0999755859375,797.7000122070312,732.2000122070312,0.0,356.41802978515625,-0.029096126556396484,1.742943418412605,-1.0692555801024042,0.19634927259104518,-0.9999509718181105,-0.0031146479432864935,-0.001912748309516209,-0.009202951815063212,3.744065197849108,0.1517843635032204,1.3266347138584036,0.9957864332051303,0.038016969090479816,-0.0457759898992153,0.06977569959896587
672.5,767.4000244140625,781.0,708.7000122070312,1.0,227.8020782470703,0.5125874280929565,1.743122306740094,-1.069082247482863,0.19697079571700402,-0.9999429204534628,-0.003625687271722448,-0.0026779343271523576,-0.009687047772509312,3.744065197849108,0.1517843635032204,1.3266347138584036,0.9957864332051303,0.038016969090479816,-0.0457759898992153,0.06977569959896587
691.0999755859375,786.9000244140625,797.7000122070312,736.0999755859375,0.0,353.8761901855469,-0.03707243502140045,1.7433665231925914,-1.0689767707737294,0.19834163028465532,-0.9999431545724475,-0.00374659694327954,-0.0030653383651994045,-0.009500228194843485,3.744065197849108,0.1517843635032204,1.3266347138584036,0.9957864332051303,0.038016969090479816,-0.0457759898992153,0.06977569959896587
689.0999755859375,781.0,793.7000122070312,723.4000244140625,0.0,346.97314453125,-0.08785532414913177,1.7429487098598702,-1.068997343291937,0.19704613528109097,-0.9999476506943753,-0.0024691520864109297,-0.0021521070850438876,-0.009693688352142392,3.744065197849108,0.1517843635032204,1.3266347138584036,0.9957864332051303,0.038016969090479816,-0.0457759898992153,0.06977569959896587
689.0999755859375,781.0,793.7000122070312,723.4000244140625,0.0,358.86859130859375,-0.00482960045337677,1.7431020336524665,-1.069108639422887,0.19643277579317436,-0.9999502123241493,-0.0024812750006683658,-0.0020328018070690903,-0.009449013920682883,3.744065197849108,0.1517843635032204,1.3266347138584036,0.9957864332051303,0.038016969090479816,-0.0457759898992153,0.06977569959896587
675.5,768.2999877929688,785.9000244140625,710.7000122070312,1.0,231.4992218017578,0.4602816700935364,1.7432101961790794,-1.0691471700084825,0.19705626364298937,-0.9999439803456412,-0.0034633574486616064,-0.0031038244432588934,-0.00950829109379637,3.744065197849108,0.1517843635032204,1.3266347138584036,0.9957864332051303,0.038016969090479816,-0.0457759898992153,0.06977569959896587
692.0999755859375,786.9000244140625,796.7000122070312,735.0999755859375,0.0,359.0408630371094,-0.01104801893234253,1.7430326035513597,-1.0688908566149158,0.19806535199728778,-0.9999443458264401,-0.003470290058921516,-0.003048791826621196,-0.009485104376743936,3.744065197849108,0.1517843635032204,1.3266347138584036,0.9957864332051303,0.038016969090479816,-0.0457759898992153,0.06977569959896587
693.0999755859375,784.0,797.7000122070312,732.2000122070312,0.0,356.22967529296875,-0.019732937216758728,1.7429185778552228,-1.0688476812790195,0.19792885572463606,-0.9999453645066715,-0.003387034581196125,-0.002763462775248572,-0.009495223633797394,3.744065197849108,0.1517843635032204,1.3266347138584036,0.9957864332051303,0.038016969090479816,-0.0457759898992153,0.06977569959896587
689.0999755859375,785.9000244140625,796.7000122070312,725.2999877929688,0.0,1.4646899700164795,0.0018631070852279663,1.7429476475022667,-1.0690375229633278,0.19672839464618655,-0.9999492281125845,-0.0027110622877993358,-0.0013833955094866045,-0.009606120714559126,3.744065197849108,0.1517843635032204,1.3266347138584036,0.9957864332051303,0.038016969090479816,-0.0457759898992153,0.06977569959896587
672.5,769.2999877929688,784.0,706.7000122070312,1.0,247.21331787109375,0.5140048265457153,1.7430693534622694,-1.0689845478670132,0.19737724551629968,-0.999943696368102,-0.003198046343064286,-0.002422599467565789,-0.00982382843420256,3.744065197849108,0.1517843635032204,1.3266347138584036,0.9957864332051303,0.038016969090479816,-0.0457759898992153,0.06977569959896587
689.0999755859375,780.0999755859375,796.7000122070312,739.0,0.0,357.6741027832031,-0.028816670179367065,1.743027881750252,-1.0688125414873662,0.19795466542311546,-0.9999405139486685,-0.0034077721873543394,-0.003196620528856207,-0.009855824165757858,3.744065197849108,0.1517843635032204,1.3266347138584036,0.9957864332051303,0.038016969090479816,-0.0457759898992153,0.06977569959896587
691.0999755859375,782.0,793.7000122070312,737.0,0.0,357.4100036621094,-0.011319488286972046,1.7429923573091644,-1.0690401655586594,0.19718215147814278,-0.999946748575799,-0.0030559704228747676,-0.002090279994574366,-0.00963284937112814,3.744065197849108,0.1517843635032204,1.3266347138584036,0.9957864332051303,0.038016969090479816,-0.0457759898992153,0.06977569959896587
685.2000122070312,776.0999755859375,787.9000244140625,723.4000244140625,0.0,0.10267496109008789,0.0015923231840133667,1.7429588662647229,-1.069114291796932,0.196777071824303,-0.9999494883847077,-0.00249456631963902,-0.00164374658464382,-0.009596661669758104,3.744065197849108,0.1517843635032204,1.3266347138584036,0.9957864332051303,0.038016969090479816,-0.0457759898992153,0.06977569959896587
678.4000244140625,773.2000122070312,786.9000244140625,712.5999755859375,0.0,138.16226196289062,0.22535371780395508,1.743052386340007,-1.06892591659004,0.19748841978363232,-0.999944782405314,-0.002857966902865239,-0.002381577477594166,-0.009828135850181816,3.744065197849108,0.1517843635032204,1.3266347138584036,0.9957864332051303,0.038016969090479816,-0.0457759898992153,0.06977569959896587
691.0999755859375,782.0,795.7000122070312,733.0999755859375,0.0,358.6485290527344,-0.008713319897651672,1.7429505304535413,-1.0687816182409646,0.19771001878975486,-0.99994184414724,-0.003314171117007957,-0.003330831843255607,-0.00970722166512826,3.744065197849108,0.1517843635032204,1.3266347138584036,0.9957864332051303,0.038016969090479816,-0.0457759898992153,0.06977569959896587
690.0999755859375,781.0,793.7000122070312,729.2000122070312,0.0,359.64501953125,-0.0010064244270324707,1.7429618110801095,-1.0690003418199128,0.19671364485240417,-0.9999438849247522,-0.003335820449107956,-0.0024388115746896734,-0.009754563118286489,3.744065197849108,0.1517843635032204,1.3266347138584036,0.9957864332051303,0.038016969090479816,-0.0457759898992153,0.06977569959896587
686.2000122070312,779.0999755859375,790.7999877929688,717.5,0.0,27.129112243652344,0.004174724221229553,1.7429515312112434,-1.0690558352763946,0.1963396109996687,-0.9999477647346453,-0.003047568296132767,-0.0017861559457617911,-0.009591130100475834,3.744065197849108,0.1517843635032204,1.3266347138584036,0.9957864332051303,0.038016969090479816,-0.0457759898992153,0.06977569959896587
679.4000244140625,772.2000122070312,785.9000244140625,708.7000122070312,1.0,264.5134582519531,0.48779743909835815,1.7429636311389276,-1.0688346236391502,0.19733116094990993,-0.9999453422343901,-0.0027875816272829664,-0.0020286237123797245,-0.009870492300448131,3.744065197849108,0.1517843635032204,1.3266347138584036,0.9957864332051303,0.038016969090479816,-0.0457759898992153,0.06977569959896587
689.0999755859375,783.0,797.7000122070312,731.2000122070312,0.0,1.5622955560684204,0.0008832663297653198,1.7430249119226753,-1.0688122583716233,0.19746234295515588,-0.999944333596608,-0.0028561796708729786,-0.0026097213376847965,-0.009816379182937445,3.744065197849108,0.1517843635032204,1.3266347138584036,0.9957864332051303,0.038016969090479816,-0.0457759898992153,0.06977569959896587
685.2000122070312,782.0,797.7000122070312,730.2000122070312,0.0,2.0490145683288574,0.004133358597755432,1.7430213089179705,-1.0689293055844553,0.19657997363684043,-0.9999444366391465,-0.003425556457450612,-0.002640625801344248,-0.009613339313387988,3.744065197849108,0.1517843635032204,1.3266347138584036,0.9957864332051303,0.038016969090479816,-0.0457759898992153,0.06977569959896587
683.2999877929688,776.0999755859375,789.7999877929688,715.5,0.0,33.15956115722656,0.009848877787590027,1.7430970927203755,-1.068972573514486,0.19667627194761764,-0.9999469338099283,-0.002963741934120955,-0.0021553567955049204,-0.009628096123065337,3.744065197849108,0.1517843635032204,1.3266347138584036,0.9957864332051303,0.038016969090479816,-0.0457759898992153,0.06977569959896587
686.2000122070312,769.2999877929688,784.9000244140625,712.5999755859375,1.0,149.9965362548828,0.38059061765670776,1.743052525132769,-1.068806913906377,0.19736198757345177,-0.9999448539255779,-0.0028467633167871278,-0.002263998060459693,-0.009851870845455173,3.744065197849108,0.1517843635032204,1.3266347138584036,0.9957864332051303,0.038016969090479816,-0.0457759898992153,0.06977569959896587
687.2000122070312,783.0,791.7999877929688,730.2000122070312,0.0,4.506234645843506,0.020003467798233032,1.7430632862148352,-1.0688655706826944,0.19739565687788288,-0.9999457010477416,-0.0030352577520853918,-0.002212715949803164,-0.00972039374945512,3.744065197849108,0.1517843635032204,1.3266347138584036,0.9957864332051303,0.038016969090479816,-0.0457759898992153,0.06977569959896587
687.2000122070312,785.9000244140625,790.7999877929688,724.2999877929688,0.0,40.968116760253906,0.05676355957984924,1.7431133967169292,-1.0690808888130459,0.19667863323668966,-0.9999458546686658,-0.0033521986148525823,-0.0022679646998652035,-0.009586805073546962,3.744065197849108,0.1517843635032204,1.3266347138584036,0.9957864332051303,0.038016969090479816,-0.0457759898992153,0.06977569959896587
684.2999877929688,777.0999755859375,787.9000244140625,719.5,0.0,11.360485076904297,0.003993391990661621,1.7432019857207395,-1.069124493367852,0.19675329967437377,-0.9999455873426751,-0.0032989045257546114,-0.002565227138674,-0.009558200278784663,3.744065197849108,0.1517843635032204,1.3266347138584036,0.9957864332051303,0.038016969090479816,-0.0457759898992153,0.06977569959896587
683.2999877929688,773.2000122070312,785.9000244140625,720.4000244140625,0.0,359.8620300292969,0.003211885690689087,1.7430714836947798,-1.0687907412281177,0.19731075163650721,-0.9999447175407814,-0.0026388091651161896,-0.002543135376206831,-0.009855506630076387,3.744065197849108,0.1517843635032204,1.3266347138584036,0.9957864332051303,0.038016969090479816,-0.0457759898992153,0.06977569959896587
687.2000122070312,782.0,791.7999877929688,726.2999877929688,0.0,2.97406005859375,0.014090687036514282,1.7429764295930923,-1.0688877980214462,0.19725865103405926,-0.9999462745346457,-0.002890560362164642,-0.0021306493920191924,-0.00972383865785397,3.744065197849108,0.1517843635032204,1.3266347138584036,0.9957864332051303,0.038016969090479816,-0.0457759898992153,0.06977569959896587
686.2000122070312,780.0999755859375,790.7999877929688,725.2999877929688,0.0,359.54022216796875,0.0016744285821914673,1.7428905451224528,-1.068883557053222,0.19658071047186515,-0.9999471901141853,-0.003151856759853585,-0.001906093190571531,-0.009594247779784685,3.744065197849108,0.1517843635032204,1.3266347138584036,0.9957864332051303,0.038016969090479816,-0.0457759898992153,0.06977569959896587
684.2999877929688,775.2000122070312,784.9000244140625,717.5,0.0,4.524554252624512,0.011509537696838379,1.7430142801017177,-1.0688466484834245,0.19673745486823457,-0.9999457384867816,-0.003004914798350671,-0.0023384372148504856,-0.00969650867951335,3.744065197849108,0.1517843635032204,1.3266347138584036,0.9957864332051303,0.038016969090479816,-0.0457759898992153,0.06977569959896587
681.2999877929688,773.2000122070312,784.9000244140625,716.5,0.0,11.399042129516602,0.02440299093723297,1.7431525246591835,-1.0688606626349348,0.19727779623814992,-0.9999451549387719,-0.0027222649673291468,-0.002677720214528892,-0.009752240889960106,3.744065197849108,0.1517843635032204,1.3266347138584036,0.9957864332051303,0.038016969090479816,-0.0457759898992153,0.06977569959896587
684.2999877929688,781.0,788.9000244140625,724.2999877929688,0.0,26.813743591308594,0.03685547411441803,1.7430540772059786,-1.068854660271571,0.19720277581158882,-0.9999447624819482,-0.002780732069624178,-0.002498858002175246,-0.009823198194174524,3.744065197849108,0.1517843635032204,1.3266347138584036,0.9957864332051303,0.038016969090479816,-0.0457759898992153,0.06977569959896587
685.2000122070312,778.0999755859375,788.9000244140625,723.4000244140625,0.0,0.5475622415542603,0.003976315259933472,1.7430558906605578,-1.0689686269496759,0.19675064176246465,-0.9999474446045086,-0.003185400488060785,-0.0019488154090383735,-0.00954795114908891,3.744065197849108,0.1517843635032204,1.3266347138584036,0.9957864332051303,0.038016969090479816,-0.0457759898992153,0.06977569959896587
682.2999877929688,774.2000122070312,785.9000244140625,716.5,0.0,8.158212661743164,0.01122121512889862,1.7430134330348652,-1.0689463883052248,0.19680716031529372,-0.9999457531385337,-0.00316999529031602,-0.002084683798009308,-0.009700309455505266,3.744065197849108,0.1517843635032204,1.3266347138584036,0.9957864332051303,0.038016969090479816,-0.0457759898992153,0.06977569959896587
681.2999877929688,774.2000122070312,785.9000244140625,725.2999877929688,0.0,0.03363490104675293,0.004851967096328735,1.7430458605416037,-1.0688847751390331,0.1971715683833611,-0.9999441483458418,-0.0029301794277558097,-0.0026215509741895006,-0.00981028582255059,3.744065197849108,0.1517843635032204,1.3266347138584036,0.9957864332051303,0.038016969090479816,-0.0457759898992153,0.06977569959896587
682.2999877929688,776.0999755859375,787.9000244140625,726.2999877929688,0.0,0.7756894826889038,0.004372045397758484,1.7431691765210684,-1.0688493939152697,0.19717937745786399,-0.9999462126596338,-0.0026201465426667608,-0.0025491123555256723,-0.009706113843774294,3.744065197849108,0.1517843635032204,1.3266347138584036,0.9957864332051303,0.038016969090479816,-0.0457759898992153,0.06977569959896587
681.2999877929688,776.0999755859375,786.9000244140625,717.5,0.0,18.669572830200195,0.008531883358955383,1.7430423824065042,-1.0689349166068867,0.19679625961274583,-0.999945908421886,-0.002984252227686631,-0.0021334637274995454,-0.00973256397329543,3.744065197849108,0.1517843635032204,1.3266347138584036,0.9957864332051303,0.038016969090479816,-0.0457759898992153,0.06977569959896587
678.4000244140625,773.2000122070312,786.9000244140625,716.5,0.0,17.406936645507812,0.010952547192573547,1.742978793553,-1.0689234484182324,0.1968267493073922,-0.9999453600390518,-0.0031431099682977777,-0.0021195962817048063,-0.009741925256376916,3.744065197849108,0.1517843635032204,1.3266347138584036,0.9957864332051303,0.038016969090479816,-0.0457759898992153,0.06977569959896587
680.4000244140625,775.2000122070312,783.0,725.2999877929688,0.0,2.4534220695495605,0.015900522470474243,1.7431121912699998,-1.068870822961996,0.1972910648349691,-0.9999460699718338,-0.0028262350747764197,-0.002373290791144668,-0.009707576113904475,3.744065197849108,0.1517843635032204,1.3266347138584036,0.9957864332051303,0.038016969090479816,-0.0457759898992153,0.06977569959896587
681.2999877929688,777.0999755859375,785.9000244140625,722.4000244140625,0.0,1.2336498498916626,0.007084771990776062,1.7430684490730952,-1.0689355454580807,0.1968953296254124,-0.9999459169269002,-0.0028080305945962386,-0.0024294352233777874,-0.009714732620937394,3.744065197849108,0.1517843635032204,1.3266347138584036,0.9957864332051303,0.038016969090479816,-0.0457759898992153,0.06977569959896587
677.4000244140625,775.2000122070312,784.0,720.4000244140625,0.0,2.3216664791107178,0.013155445456504822,1.7431260869486584,-1.0689374535890566,0.1968501873624074,-0.9999470561886334,-0.0029068507989325303,-0.0023124763423809837,-0.009596222761314626,3.744065197849108,0.1517843635032204,1.3266347138584036,0.9957864332051303,0.038016969090479816,-0.0457759898992153,0.06977569959896587
681.2999877929688,773.2000122070312,786.9000244140625,719.5,0.0,0.5873501300811768,0.004287213087081909,1.7431625564473523,-1.0688782080747379,0.19719918235349457,-0.9999467866145817,-0.002858595392177126,-0.002330498404796419,-0.009634373292619614,3.744065197849108,0.1517843635032204,1.3266347138584036,0.9957864332051303,0.038016969090479816,-0.0457759898992153,0.06977569959896587
680.4000244140625,776.0999755859375,785.9000244140625,719.5,0.0,6.206937313079834,0.0059219300746917725,1.7429377811800653,-1.0688890193972629,0.19700077893456985,-0.9999451857304574,-0.002984781935245718,-0.002293407226411261,-0.00977020442847361,3.744065197849108,0.1517843635032204,1.3266347138584036,0.9957864332051303,0.038016969090479816,-0.0457759898992153,0.06977569959896587
679.4000244140625,774.2000122070312,785.9000244140625,721.4000244140625,0.0,1.4258354902267456,0.007764801383018494,1.7430449694369137,-1.0688960501571085,0.1968241881810745,-0.99994661662512,-0.0028001488394227433,-0.0021437517911097976,-0.009712229131906183,3.744065197849108,0.1517843635032204,1.3266347138584036,0.9957864332051303,0.038016969090479816,-0.0457759898992153,0.06977569959896587
680.4000244140625,774.2000122070312,784.9000244140625,718.5,0.0,1.552290916442871,0.008705183863639832,1.7431020250769742,-1.068939809164346,0.19685769485844823,-0.9999468840560569,-0.0029183653271167035,-0.002262386503923083,-0.009622568145096618,3.744065197849108,0.1517843635032204,1.3266347138584036,0.9957864332051303,0.038016969090479816,-0.0457759898992153,0.06977569959896587
681.2999877929688,770.2999877929688,781.0,718.5,0.0,30.334197998046875,0.13826490938663483,1.7430471951655286,-1.0689279058438617,0.19701591849529618,-0.9999450677220187,-0.0030079505197933257,-0.002495610988319404,-0.009725517871714818,3.744065197849108,0.1517843635032204,1.3266347138584036,0.9957864332051303,0.038016969090479816,-0.0457759898992153,0.06977569959896587
678.4000244140625,774.2000122070312,785.9000244140625,722.4000244140625,0.0,1.7504686117172241,0.009073346853256226,1.7431723056983772,-1.068902127929101,0.19712986505003272,-0.9999466014399485,-0.002888115698184481,-0.0023596054848403648,-0.009637702961107811,3.744065197849108,0.1517843635032204,1.3266347138584036,0.9957864332051303,0.038016969090479816,-0.0457759898992153,0.06977569959896587
681.2999877929688,773.2000122070312,785.9000244140625,721.4000244140625,0.0,0.6313169002532959,0.005381748080253601,1.743064156378912,-1.0689592754223294,0.1968808028903385,-0.999946027941395,-0.0030580948641059638,-0.0022028200435139493,-0.009681778962819505,3.744065197849108,0.1517843635032204,1.3266347138584036,0.9957864332051303,0.038016969090479816,-0.0457759898992153,0.06977569959896587
681.2999877929688,771.2999877929688,781.0,719.5,0.0,22.900754928588867,0.10753735154867172,1.7431162931604571,-1.0689309630458366,0.19700893489516133,-0.9999460339944767,-0.0028431700419196673,-0.0023888299815322056,-0.009702524112268697,3.744065197849108,0.1517843635032204,1.3266347138584036,0.9957864332051303,0.038016969090479816,-0.0457759898992153,0.06977569959896587
679.4000244140625,772.2000122070312,784.9000244140625,716.5,0.0,15.710548400878906,0.027138754725456238,1.7430855191738066,-1.0688669947193414,0.1970368588832757,-0.9999455059288356,-0.0029526500839561825,-0.002587050248566842,-0.009673375895643497,3.744065197849108,0.1517843635032204,1.3266347138584036,0.9957864332051303,0.038016969090479816,-0.0457759898992153,0.06977569959896587
677.4000244140625,772.2000122070312,780.0999755859375,720.4000244140625,0.0,18.40679931640625,0.09162608534097672,1.743008562896292,-1.0688873856799928,0.19690132938927393,-0.9999449696821041,-0.002935299883474925,-0.0024106167953402177,-0.009779087315089207,3.744065197849108,0.1517843635032204,1.3266347138584036,0.9957864332051303,0.038016969090479816,-0.0457759898992153,0.06977569959896587
676.4000244140625,772.2000122070312,784.0,717.5,0.0,14.82455825805664,0.030883386731147766,1.7430979466627077,-1.0688919681968794,0.19692760508524298,-0.9999472214947321,-0.0029161385552292354,-0.0020561272103378925,-0.00963445389146557,3.744065197849108,0.1517843635032204,1.3266347138584036,0.9957864332051303,0.038016969090479816,-0.0457759898992153,0.06977569959896587
679.4000244140625,769.2999877929688,782.0,717.5,0.0,26.58741569519043,0.12516790628433228,1.743065061221768,-1.068863694802895,0.1969932147745163,-0.9999465800410838,-0.0029626519230648253,-0.0022003808585764387,-0.009654951154733131,3.744065197849108,0.1517843635032204,1.3266347138584036,0.9957864332051303,0.038016969090479816,-0.0457759898992153,0.06977569959896587
678.4000244140625,769.2999877929688,784.9000244140625,715.5,0.0,41.8773078918457,0.08999016880989075,1.7430356004016505,-1.0688623126847565,0.1970519627193833,-0.9999453836604594,-0.002887711779957276,-0.0024615904166689745,-0.00973814096391874,3.744065197849108,0.1517843635032204,1.3266347138584036,0.9957864332051303,0.038016969090479816,-0.0457759898992153,0.06977569959896587
679.4000244140625,770.2999877929688,786.9000244140625,715.5,0.0,36.069828033447266,0.051218822598457336,1.7431299683824926,-1.0689468532160267,0.19689414352595266,-0.9999460680723502,-0.003118558760240602,-0.0023449966569912854,-0.009624787196843858,3.744065197849108,0.1517843635032204,1.3266347138584036,0.9957864332051303,0.038016969090479816,-0.0457759898992153,0.06977569959896587
675.5,770.2999877929688,784.9000244140625,718.5,0.0,14.045073509216309,0.040151745080947876,1.743150918973583,-1.0689396328401581,0.19690288563778793,-0.999946683874115,-0.0030056910798088783,-0.0023151751551207123,-0.0096039155709842,3.744065197849108,0.1517843635032204,1.3266347138584036,0.9957864332051303,0.038016969090479816,-0.0457759898992153,0.06977569959896587
679.4000244140625,771.2999877929688,784.0,716.5,0.0,17.891698837280273,0.051463186740875244,1.7430468995738402,-1.0689117312950853,0.19706955799322495,-0.9999457075891846,-0.002937156461853293,-0.0023954830596234376,-0.009706525990013322,3.744065197849108,0.1517843635032204,1.3266347138584036,0.9957864332051303,0.038016969090479816,-0.0457759898992153,0.06977569959896587
676.4000244140625,772.2000122070312,781.0,716.5,0.0,29.977521896362305,0.1005806028842926,1.7430715274567026,-1.068859958332867,0.1969063483765107,-0.9999458893224598,-0.002916457683747818,-0.002446468078714758,-0.009681296175307667,3.744065197849108,0.1517843635032204,1.3266347138584036,0.9957864332051303,0.038016969090479816,-0.0457759898992153,0.06977569959896587
679.4000244140625,771.2999877929688,784.0,715.5,0.0,39.76565170288086,0.08950082957744598,1.743167783464353,-1.0689269026527262,0.19685919129479854,-0.9999459753685481,-0.0030696155909777025,-0.002362770845893367,-0.009645782409772437,3.744065197849108,0.1517843635032204,1.3266347138584036,0.9957864332051303,0.038016969090479816,-0.0457759898992153,0.06977569959896587
678.4000244140625,772.2000122070312,784.0,715.5,0.0,40.30556106567383,0.07516306638717651,1.743154018930641,-1.0689141590153062,0.19697547779560093,-0.9999454015894562,-0.0030741769426238944,-0.002441723024019233,-0.009684072743465761,3.744065197849108,0.1517843635032204,1.3266347138584036,0.9957864332051303,0.038016969090479816,-0.0457759898992153,0.06977569959896587
681.2999877929688,773.2000122070312,785.9000244140625,716.5,0.0,10.844385147094727,0.015166223049163818,1.7431514676979976,-1.0688446122150765,0.19714959450201647,-0.999946937919675,-0.0026965595941797773,-0.0024048277025679327,-0.009647109159842121,3.744065197849108,0.1517843635032204,1.3266347138584036,0.9957864332051303,0.038016969090479816,-0.0457759898992153,0.06977569959896587
678.4000244140625,770.2999877929688,784.0,710.7000122070312,1.0,237.41746520996094,0.48293066024780273,1.7430661088344592,-1.0689115478344067,0.19690381297238174,-0.9999470977202504,-0.002955702035129792,-0.0022156512449562336,-0.009599816450767167,3.744065197849108,0.1517843635032204,1.3266347138584036,0.9957864332051303,0.038016969090479816,-0.0457759898992153,0.06977569959896587
676.4000244140625,771.2999877929688,784.9000244140625,716.5,0.0,24.13490104675293,0.039159104228019714,1.74306298998945,-1.0689094917222284,0.19689173393627732,-0.9999450500560115,-0.003051236905474004,-0.0023579780003224905,-0.009748167088093673,3.744065197849108,0.1517843635032204,1.3266347138584036,0.9957864332051303,0.038016969090479816,-0.0457759898992153,0.06977569959896587
677.4000244140625,772.2000122070312,782.0,712.5999755859375,1.0,162.68487548828125,0.34234732389450073,1.74304203037036,-1.0689182952281109,0.19700484189170225,-0.999945272987232,-0.0029873843912101225,-0.0025789997648433,-0.009688927969709264,3.744065197849108,0.1517843635032204,1.3266347138584036,0.9957864332051303,0.038016969090479816,-0.0457759898992153,0.06977569959896587
681.2999877929688,771.2999877929688,784.0,715.5,0.0,36.78728485107422,0.10007396340370178,1.7430147632360347,-1.0689328178087143,0.1969506949579266,-0.9999452780463006,-0.003003780099016453,-0.0024608114245981447,-0.009714042678301397,3.744065197849108,0.1517843635032204,1.3266347138584036,0.9957864332051303,0.038016969090479816,-0.0457759898992153,0.06977569959896587
680.4000244140625,771.2999877929688,784.9000244140625,717.5,0.0,7.273630619049072,0.028490886092185974,1.74300146424628,-1.0689397531086944,0.19693018290247466,-0.9999453739947862,-0.0029642361790747276,-0.002122117791841835,-0.009795863738306439,3.744065197849108,0.1517843635032204,1.3266347138584036,0.9957864332051303,0.038016969090479816,-0.0457759898992153,0.06977569959896587
678.4000244140625,772.2000122070312,786.9000244140625,716.5,0.0,18.326601028442383,0.015805795788764954,1.742992310311055,-1.068882972061987,0.19694187918241132,-0.9999449035257607,-0.0029815522218256773,-0.0023616075683945362,-0.009783816683626894,3.744065197849108,0.1517843635032204,1.3266347138584036,0.9957864332051303,0.038016969090479816,-0.0457759898992153,0.06977569959896587
680.4000244140625,774.2000122070312,782.0,714.5999755859375,0.0,76.4466323852539,0.17964527010917664,1.7430116213395077,-1.06886348640291,0.19697481808585585,-0.9999450142558907,-0.0030007192209111555,-0.002424527556719595,-0.009751195571354515,3.744065197849108,0.1517843635032204,1.3266347138584036,0.9957864332051303,0.038016969090479816,-0.0457759898992153,0.06977569959896587
680.4000244140625,768.2999877929688,783.0,715.5,0.0,47.47770309448242,0.1737743616104126,1.7429583221857246,-1.068864264940379,0.19686228469964542,-0.9999448501079297,-0.0029952024769839937,-0.002398922435001202,-0.009776025567843167,3.744065197849108,0.1517843635032204,1.3266347138584036,0.9957864332051303,0.038016969090479816,-0.0457759898992153,0.06977569959896587
678.4000244140625,771.2999877929688,784.9000244140625,715.5,0.0,39.59706115722656,0.06803198158740997,1.7430424956596602,-1.068882504291816,0.19689776412370097,-0.999945847406658,-0.0029201207959910153,-0.0022897678325844357,-0.009722762569893947,3.744065197849108,0.1517843635032204,1.3266347138584036,0.9957864332051303,0.038016969090479816,-0.0457759898992153,0.06977569959896587
680.4000244140625,770.2999877929688,784.0,718.5,0.0,9.996831893920898,0.057245999574661255,1.7430879034658042,-1.0689037900955587,0.19698147765072066,-0.9999453190712067,-0.002963727889893785,-0.0023489012317182744,-0.009749761411490964,3.744065197849108,0.1517843635032204,1.3266347138584036,0.9957864332051303,0.038016969090479816,-0.0457759898992153,0.06977569959896587
678.4000244140625,771.2999877929688,784.0,715.5,0.0,41.326541900634766,0.08410236239433289,1.7430216492321307,-1.068942366359567,0.19695222638673385,-0.9999447836686032,-0.0030140099080801885,-0.0024946453596025758,-0.009753056072554464,3.744065197849108,0.1517843635032204,1.3266347138584036,0.9957864332051303,0.038016969090479816,-0.0457759898992153,0.06977569959896587
678.4000244140625,770.2999877929688,782.0,717.5,0.0,22.049251556396484,0.10191203653812408,1.7431008881686507,-1.0689206034600374,0.19691064782668505,-0.9999462755492404,-0.0030527940094508712,-0.002484633666185644,-0.009589215790853894,3.744065197849108,0.1517843635032204,1.3266347138584036,0.9957864332051303,0.038016969090479816,-0.0457759898992153,0.06977569959896587
678.4000244140625,770.2999877929688,781.0,715.5,0.0,52.972877502441406,0.18220844864845276,1.7430698918588619,-1.0689044388504514,0.19692955021726918,-0.9999458402523086,-0.0028574756497298545,-0.002395711877043092,-0.00971658168379957,3.744065197849108,0.1517843635032204,1.3266347138584036,0.9957864332051303,0.038016969090479816,-0.0457759898992153,0.06977569959896587
676.4000244140625,768.2999877929688,785.9000244140625,713.5999755859375,0.0,112.03479766845703,0.20099976658821106,1.743012058725843,-1.0688526744743574,0.1968910759919645,-0.9999449904469988,-0.002947302535986958,-0.002396115387122291,-0.009776917651522605,3.744065197849108,0.1517843635032204,1.3266347138584036,0.9957864332051303,0.038016969090479816,-0.0457759898992153,0.06977569959896587
677.4000244140625,765.4000244140625,781.0,716.5,0.0,55.4503173828125,0.24077413976192474,1.7430590204549807,-1.068877523350022,0.19690043944703095,-0.9999459296268663,-0.0030357325456919935,-0.002341620263883236,-0.009666383248823037,3.744065197849108,0.1517843635032204,1.3266347138584036,0.9957864332051303,0.038016969090479816,-0.0457759898992153,0.06977569959896587
676.4000244140625,769.2999877929688,779.0999755859375,717.5,0.0,44.32103729248047,0.19168463349342346,1.7430680956268831,-1.0689074058168246,0.19691880115255755,-0.9999461278757101,-0.0030006728503515013,-0.0023310469597380245,-0.009659375181172086,3.744065197849108,0.1517843635032204,1.3266347138584036,0.9957864332051303,0.038016969090479816,-0.0457759898992153,0.06977569959896587
676.4000244140625,769.2999877929688,786.9000244140625,713.5999755859375,0.0,106.14945220947266,0.17562782764434814,1.7431063681024268,-1.0689222026936824,0.1969711372348928,-0.9999453605275045,-0.0028984507643436963,-0.0024404401862486652,-0.009742648222284522,3.744065197849108,0.1517843635032204,1.3266347138584036,0.9957864332051303,0.038016969090479816,-0.0457759898992153,0.06977569959896587
679.4000244140625,770.2999877929688,784.0,715.5,0.0,41.05195617675781,0.10371148586273193,1.7430793479806816,-1.0688947113719824,0.19691810662830475,-0.9999462305786846,-0.0029761881602850494,-0.0024127689101613543,-0.009636223414854133,3.744065197849108,0.1517843635032204,1.3266347138584036,0.9957864332051303,0.038016969090479816,-0.0457759898992153,0.06977569959896587
674.5,770.2999877929688,784.0,715.5,0.0,46.08675765991211,0.0875263437628746,1.7429916929786773,-1.0689019356064262,0.1968269305769034,-0.9999449674807142,-0.0029891385263414202,-0.0023650137463832,-0.009774137856781192,3.744065197849108,0.1517843635032204,1.3266347138584036,0.9957864332051303,0.038016969090479816,-0.0457759898992153,0.06977569959896587
680.4000244140625,771.2999877929688,784.0,714.5999755859375,0.0,72.5154037475586,0.16057518124580383,1.7430232862459456,-1.0688954504953163,0.1968713481072782,-0.9999454288189512,-0.0029603956087229624,-0.0023457080915852487,-0.009740282104374066,3.744065197849108,0.1517843635032204,1.3266347138584036,0.9957864332051303,0.038016969090479816,-0.0457759898992153,0.06977569959896587
679.4000244140625,770.2999877929688,784.0,715.5,0.0,41.05195617675781,0.10371148586273193,1.7430688254986408,-1.0688751052340786,0.19692436978006322,-0.9999452949632869,-0.00291410961543402,-0.0025271967549003655,-0.00972256769052255,3.744065197849108,0.1517843635032204,1.3266347138584036,0.9957864332051303,0.038016969090479816,-0.0457759898992153,0.06977569959896587
678.4000244140625,767.4000244140625,782.0,713.5999755859375,1.0,130.94544982910156,0.35084784030914307,1.742992846450908,-1.0689131643613736,0.19685609804180648,-0.999945676836719,-0.00289166611506312,-0.0023983622067123658,-0.009722628315459933,3.744065197849108,0.1517843635032204,1.3266347138584036,0.9957864332051303,0.038016969090479816,-0.0457759898992153,0.06977569959896587
679.4000244140625,771.2999877929688,783.0,716.5,0.0,20.697702407836914,0.07622478902339935,1.7430889512912036,-1.0689243143162543,0.19691657629420703,-0.9999461520252582,-0.00306137210366247,-0.002344908673660259,-0.0096344410338406,3.744065197849108,0.1517843635032204,1.3266347138584036,0.9957864332051303,0.038016969090479816,-0.0457759898992153,0.06977569959896587
677.4000244140625,772.2000122070312,784.0,715.5,0.0,42.08474349975586,0.07430322468280792,1.7430960787108094,-1.0689142294595992,0.19694654634163994,-0.999945742441267,-0.0029777158710774356,-0.0023765612572240655,-0.009695222450529551,3.744065197849108,0.1517843635032204,1.3266347138584036,0.9957864332051303,0.038016969090479816,-0.0457759898992153,0.06977569959896587
678.4000244140625,770.2999877929688,783.0,715.5,0.0,45.082420349121094,0.12264250963926315,1.743079949802925,-1.0689222207650468,0.19685088903185327,-0.9999457391584017,-0.002889299638534873,-0.0024058675720918625,-0.009715064991136727,3.744065197849108,0.1517843635032204,1.3266347138584036,0.9957864332051303,0.038016969090479816,-0.0457759898992153,0.06977569959896587
675.5,769.2999877929688,782.0,716.5,0.0,33.609657287597656,0.11649230122566223,1.7431080627218873,-1.0689093546680026,0.19688990508745652,-0.9999460835453925,-0.0029911138641634783,-0.0023417156538079274,-0.009664347255735398,3.744065197849108,0.1517843635032204,1.3266347138584036,0.9957864332051303,0.038016969090479816,-0.0457759898992153,0.06977569959896587
680.4000244140625,769.2999877929688,784.0,715.5,0.0,41.47897720336914,0.1261502504348755,1.7430645090742198,-1.0689018847491931,0.19690321438831757,-0.9999451312801267,-0.0030051373171381427,-0.002424778885394965,-0.009737762896689836,3.744065197849108,0.1517843635032204,1.3266347138584036,0.9957864332051303,0.038016969090479816,-0.0457759898992153,0.06977569959896587
678.4000244140625,770.2999877929688,783.0,714.5999755859375,0.0,80.43214416503906,0.1910078525543213,1.7430483461176227,-1.0689041690131689,0.19691003422542952,-0.9999452127574031,-0.0029198492301944867,-0.0024539997560278797,-0.00974801770731593,3.744065197849108,0.1517843635032204,1.3266347138584036,0.9957864332051303,0.038016969090479816,-0.0457759898992153,0.06977569959896587
677.4000244140625,770.2999877929688,783.0,717.5,0.0,18.336368560791016,0.07562300562858582,1.743078795596552,-1.0689015077843849,0.1968757593553367,-0.9999464429778078,-0.002977247542646104,-0.0022953302671761887,-0.009642542821489708,3.744065197849108,0.1517843635032204,1.3266347138584036,0.9957864332051303,0.038016969090479816,-0.0457759898992153,0.06977569959896587
678.4000244140625,769.2999877929688,783.0,715.5,0.0,47.285614013671875,0.13941684365272522,1.7430459247162955,-1.0688699924297604,0.1968650679840011,-0.9999463345601053,-0.0029255327552396206,-0.002335991039796496,-0.009659834562247106,3.744065197849108,0.1517843635032204,1.3266347138584036,0.9957864332051303,0.038016969090479816,-0.0457759898992153,0.06977569959896587
680.4000244140625,770.2999877929688,784.9000244140625,715.5,0.0,37.26952362060547,0.08723708987236023,1.7430319710046103,-1.0688699297798339,0.19689964438149762,-0.9999454809325485,-0.0029235223608575986,-0.002560052059619009,-0.00969197157610441,3.744065197849108,0.1517843635032204,1.3266347138584036,0.9957864332051303,0.038016969090479816,-0.0457759898992153,0.06977569959896587
678.4000244140625,768.2999877929688,784.0,713.5999755859375,0.0,120.12216186523438,0.2715176045894623,1.7430315819069213,-1.0688838685916693,0.19690826703928346,-0.9999444620840143,-0.0030031118714343137,-0.0024902420142036527,-0.009790442344951461,3.744065197849108,0.1517843635032204,1.3266347138584036,0.9957864332051303,0.038016969090479816,-0.0457759898992153,0.06977569959896587
676.4000244140625,771.2999877929688,783.0,715.5,0.0,46.43145751953125,0.09916083514690399,1.7430345078609588,-1.068896808538692,0.1968606364221363,-0.9999456017925412,-0.002940298386407153,-0.002291709712053903,-0.009741466406421073,3.744065197849108,0.1517843635032204,1.3266347138584036,0.9957864332051303,0.038016969090479816,-0.0457759898992153,0.06977569959896587
679.4000244140625,770.2999877929688,783.0,714.5999755859375,0.0,79.53362274169922,0.19912280142307281,1.743050287858717,-1.0688912500808578,0.1969011911880078,-0.9999457935922947,-0.002919805635526407,-0.002406366015986668,-0.009700206942309499,3.744065197849108,0.1517843635032204,1.3266347138584036,0.9957864332051303,0.038016969090479816,-0.0457759898992153,0.06977569959896587
678.4000244140625,770.2999877929688,780.0999755859375,713.5999755859375,1.0,132.89373779296875,0.35723382234573364,1.7430639415490847,-1.0689082450186975,0.19688647802113346,-0.9999452937170564,-0.0029882184098434703,-0.002545086398399982,-0.009695496844910317,3.744065197849108,0.1517843635032204,1.3266347138584036,0.9957864332051303,0.038016969090479816,-0.0457759898992153,0.06977569959896587
679.4000244140625,770.2999877929688,784.0,715.5,0.0,41.05195617675781,0.10371148586273193,1.7430788266638235,-1.0689256880431823,0.19687076620133104,-0.9999445910559092,-0.002959568090834851,-0.002546133241982502,-0.00977614342469916,3.744065197849108,0.1517843635032204,1.3266347138584036,0.9957864332051303,0.038016969090479816,-0.0457759898992153,0.06977569959896587
678.4000244140625,770.2999877929688,785.9000244140625,715.5,0.0,31.319293975830078,0.15399402379989624,1.7430686992473143,-1.0689235234746415,0.19692856162870548,-0.9999449755153104,-0.0029791686545155983,-0.002449718278274274,-0.009755479289630596,3.744065197849108,0.1517843635032204,1.3266347138584036,0.9957864332051303,0.038016969090479816,-0.0457759898992153,0.06977569959896587
678.4000244140625,770.2999877929688,785.9000244140625,715.5,0.0,38.951297760009766,0.06132487952709198,1.7430696645103878,-1.0689265355697635,0.1969832764280962,-0.9999453533066931,-0.002969204146046835,-0.0024320985381646437,-0.009724151571866858,3.744065197849108,0.1517843635032204,1.3266347138584036,0.9957864332051303,0.038016969090479816,-0.0457759898992153,0.06977569959896587
676.4000244140625,767.4000244140625,785.9000244140625,714.5999755859375,0.0,77.4305648803711,0.14962217211723328,1.7431048720333133,-1.0689173130356826,0.19693654175582045,-0.9999458406771293,-0.0029675178183574623,-0.0024201846635809572,-0.009677409606974581,3.744065197849108,0.1517843635032204,1.3266347138584036,0.9957864332051303,0.038016969090479816,-0.0457759898992153,0.06977569959896587
677.4000244140625,766.4000244140625,784.9000244140625,717.5,0.0,22.87222671508789,0.10651545226573944,1.7430788475005567,-1.068941476770967,0.19687729250256603,-0.9999456309807718,-0.002989968217549908,-0.0024046319529337367,-0.00969602587120481,3.744065197849108,0.1517843635032204,1.3266347138584036,0.9957864332051303,0.038016969090479816,-0.0457759898992153,0.06977569959896587
679.4000244140625,771.2999877929688,784.0,715.5,0.0,39.76565170288086,0.08950082957744598,1.7430103629961933,-1.0689016249765644,0.19686192401070238,-0.9999451538416172,-0.0029512864392306874,-0.0025422946305317796,-0.009721931651152814,3.744065197849108,0.1517843635032204,1.3266347138584036,0.9957864332051303,0.038016969090479816,-0.0457759898992153,0.06977569959896587
678.4000244140625,769.2999877929688,780.0999755859375,717.5,0.0,39.79134750366211,0.17568473517894745,1.7430159100396045,-1.068868610242925,0.19689626821746276,-0.9999450616589616,-0.0028539156052975303,-0.002462926950307689,-0.009780737212039073,3.744065197849108,0.1517843635032204,1.3266347138584036,0.9957864332051303,0.038016969090479816,-0.0457759898992153,0.06977569959896587
677.4000244140625,771.2999877929688,784.0,714.5999755859375,0.0,74.77046966552734,0.14071092009544373,1.7430481829793787,-1.068892467223748,0.19683731236064983,-0.9999452893198991,-0.0029383573749272567,-0.002462565027997965,-0.009732430136573893,3.744065197849108,0.1517843635032204,1.3266347138584036,0.9957864332051303,0.038016969090479816,-0.0457759898992153,0.06977569959896587
677.4000244140625,767.4000244140625,782.0,715.5,0.0,56.377105712890625,0.1968124955892563,1.7430746830972816,-1.068902283510408,0.19688168219014682,-0.9999455685176651,-0.0028884922482368875,-0.002392949789219844,-0.009736036448247243,3.744065197849108,0.1517843635032204,1.3266347138584036,0.9957864332051303,0.038016969090479816,-0.0457759898992153,0.06977569959896587
678.4000244140625,766.4000244140625,782.0,713.5999755859375,1.0,132.67796325683594,0.36791831254959106,1.743023650801927,-1.0688748511693265,0.19691141835763587,-0.9999447530624054,-0.002958274250088386,-0.0024838310774875885,-0.009775992001061601,3.744065197849108,0.1517843635032204,1.3266347138584036,0.9957864332051303,0.038016969090479816,-0.0457759898992153,0.06977569959896587
678.4000244140625,768.2999877929688,784.9000244140625,714.5999755859375,0.0,76.5434341430664,0.16711807250976562,1.7430300399904923,-1.0689026545617302,0.1968438525953521,-0.9999452825819548,-0.002893291331957577,-0.0024922304290072466,-0.009739070533267119,3.744065197849108,0.1517843635032204,1.3266347138584036,0.9957864332051303,0.038016969090479816,-0.0457759898992153,0.06977569959896587
674.5,769.2999877929688,781.0,716.5,0.0,40.39084243774414,0.14431828260421753,1.743137068213816,-1.0689114821280643,0.19695946280029394,-0.9999466973828223,-0.002882964289837627,-0.0023249429062026515,-0.009637715007876751,3.744065197849108,0.1517843635032204,1.3266347138584036,0.9957864332051303,0.038016969090479816,-0.0457759898992153,0.06977569959896587
679.4000244140625,770.2999877929688,784.0,715.5,0.0,41.05195617675781,0.10371148586273193,1.7430921259990564,-1.0689248821651485,0.19689216454421118,-0.9999451996532996,-0.002967252898190795,-0.002432644408432522,-0.009740397411967867,3.744065197849108,0.1517843635032204,1.3266347138584036,0.9957864332051303,0.038016969090479816,-0.0457759898992153,0.06977569959896587
676.4000244140625,765.4000244140625,784.9000244140625,715.5,0.0,53.550331115722656,0.16182175278663635,1.7430323152009852,-1.0689064530075219,0.19686372976668493,-0.9999448544734173,-0.0029773537748810186,-0.0025402611145458193,-0.009745278349304791,3.744065197849108,0.1517843635032204,1.3266347138584036,0.9957864332051303,0.038016969090479816,-0.0457759898992153,0.06977569959896587
678.4000244140625,769.2999877929688,783.0,714.5999755859375,0.0,82.5961685180664,0.20855338871479034,1.7430334580975648,-1.068908795180134,0.19685946739330154,-0.9999451458964236,-0.002996047983322007,-0.002352335924184118,-0.009756813535260703,3.744065197849108,0.1517843635032204,1.3266347138584036,0.9957864332051303,0.038016969090479816,-0.0457759898992153,0.06977569959896587
678.4000244140625,769.2999877929688,784.0,714.5999755859375,0.0,78.51179504394531,0.1786736398935318,1.7430772357356024,-1.0688910598201402,0.1968696816312196,-0.9999459651053678,-0.0028885444134517406,-0.002304064815379686,-0.009716710657029995,3.744065197849108,0.1517843635032204,1.3266347138584036,0.9957864332051303,0.038016969090479816,-0.0457759898992153,0.06977569959896587
680.4000244140625,771.2999877929688,780.0999755859375,717.5,0.0,37.02748489379883,0.15336662530899048,1.7430657917805934,-1.0688707824660577,0.19688169352129675,-0.9999456612925472,-0.0029286951640644606,-0.002355021756751269,-0.009723737932086753,3.744065197849108,0.1517843635032204,1.3266347138584036,0.9957864332051303,0.038016969090479816,-0.0457759898992153,0.06977569959896587
677.4000244140625,769.2999877929688,783.0,712.5999755859375,1.0,163.18702697753906,0.3554266095161438,1.7430476470248195,-1.0688519141563462,0.1968866653008585,-0.9999446873409469,-0.0030333293840721083,-0.002488913350686217,-0.009758405699541024,3.744065197849108,0.1517843635032204,1.3266347138584036,0.9957864332051303,0.038016969090479816,-0.0457759898992153,0.06977569959896587
676.4000244140625,770.2999877929688,783.0,714.5999755859375,0.0,82.3418197631836,0.1799086183309555,1.7430615940083845,-1.0688619637230286,0.19685450718766861,-0.9999454430709099,-0.0029669598250756275,-0.0024131565887875227,-0.009720324397671426,3.744065197849108,0.1517843635032204,1.3266347138584036,0.9957864332051303,0.038016969090479816,-0.0457759898992153,0.06977569959896587
677.4000244140625,770.2999877929688,782.0,712.5999755859375,1.0,165.89749145507812,0.37118422985076904,1.7431105369506574,-1.0689032446177409,0.19691648112037366,-0.9999456119959942,-0.0028959813933811984,-0.002401114671978291,-0.00972733211408603,3.744065197849108,0.1517843635032204,1.3266347138584036,0.9957864332051303,0.038016969090479816,-0.0457759898992153,0.06977569959896587
679.4000244140625,770.2999877929688,784.0,715.5,0.0,41.05195617675781,0.10371148586273193,1.74303179551411,-1.0688949723253578,0.19692721564930188,-0.9999455507402281,-0.0029893111944186007,-0.0024901016558156732,-0.009682921416021742,3.744065197849108,0.1517843635032204,1.3266347138584036,0.9957864332051303,0.038016969090479816,-0.0457759898992153,0.06977569959896587
678.4000244140625,769.2999877929688,783.0,714.5999755859375,0.0,82.5961685180664,0.20855338871479034,1.7430741432891605,-1.068920010414625,0.1968731495683912,-0.9999456985438259,-0.00298614362118607,-0.002373447177312989,-0.009697920316769503,3.744065197849108,0.1517843635032204,1.3266347138584036,0.9957864332051303,0.038016969090479816,-0.0457759898992153,0.06977569959896587
680.4000244140625,770.2999877929688,782.0,711.5999755859375,1.0,207.4753875732422,0.48039448261260986,1.7430733176425635,-1.068882989265492,0.196804385716435,-0.9999452661436209,-0.0029247918873464437,-0.002438200977208158,-0.009745023620997124,3.744065197849108,0.1517843635032204,1.3266347138584036,0.9957864332051303,0.038016969090479816,-0.0457759898992153,0.06977569959896587
680.4000244140625,769.2999877929688,784.0,718.5,0.0,13.236712455749512,0.07542310655117035,1.743047923239386,-1.0688790278131761,0.19688907935301939,-0.9999454557790267,-0.0028653741691544803,-0.002396176842433694,-0.009753636977299918,3.744065197849108,0.1517843635032204,1.3266347138584036,0.9957864332051303,0.038016969090479816,-0.0457759898992153,0.06977569959896587
677.4000244140625,769.2999877929688,783.0,714.5999755859375,0.0,83.72380065917969,0.20270776748657227,1.7430679481581977,-1.0689083293391155,0.1968703847941521,-0.9999459424788086,-0.0029596772567842436,-0.0024439443803603916,-0.009663310331787531,3.744065197849108,0.1517843635032204,1.3266347138584036,0.9957864332051303,0.038016969090479816,-0.0457759898992153,0.06977569959896587
680.4000244140625,771.2999877929688,784.9000244140625,714.5999755859375,0.0,68.81925201416016,0.1348719447851181,1.7430441144345503,-1.0689072021720987,0.19682552626792446,-0.9999455106630584,-0.0030145634352742113,-0.002387444240869802,-0.00970506167353128,3.744065197849108,0.1517843635032204,1.3266347138584036,0.9957864332051303,0.038016969090479816,-0.0457759898992153,0.06977569959896587
677.4000244140625,767.4000244140625,786.9000244140625,714.5999755859375,0.0,73.96434020996094,0.13246014714241028,1.74312939294101,-1.0689412316215123,0.19693338933033128,-0.9999450343851376,-0.003018856403411858,-0.002406712992233756,-0.009747945788460369,3.744065197849108,0.1517843635032204,1.3266347138584036,0.9957864332051303,0.038016969090479816,-0.0457759898992153,0.06977569959896587
677.4000244140625,769.2999877929688,783.0,714.5999755859375,0.0,83.72380065917969,0.20270776748657227,1.7430891027252644,-1.068920548166506,0.1969575197915353,-0.9999452534721611,-0.002951036645212849,-0.0024441654322055486,-0.009736914118665788,3.744065197849108,0.1517843635032204,1.3266347138584036,0.9957864332051303,0.038016969090479816,-0.0457759898992153,0.06977569959896587
678.4000244140625,771.2999877929688,784.0,712.5999755859375,1.0,153.84271240234375,0.30061447620391846,1.7430910697769118,-1.0689101126181701,0.196923837990983,-0.9999458109981388,-0.0029648247261991976,-0.002316053720909441,-0.00970673873035701,3.744065197849108,0.1517843635032204,1.3266347138584036,0.9957864332051303,0.038016969090479816,-0.0457759898992153,0.06977569959896587
680.4000244140625,770.2999877929688,783.0,714.5999755859375,0.0,78.63513946533203,0.20723795890808105,1.743071242238645,-1.068913741953073,0.19688398138628818,-0.9999454073064177,-0.0030008394877118977,-0.0024116711834524813,-0.009713969902893586,3.744065197849108,0.1517843635032204,1.3266347138584036,0.9957864332051303,0.038016969090479816,-0.0457759898992153,0.06977569959896587
678.4000244140625,765.4000244140625,784.0,715.5,0.0,52.472843170166016,0.18661454319953918,1.7431790890801973,-1.0689199725375396,0.1969357286263393,-0.9999460110056163,-0.0030493121722903454,-0.0024027738156688315,-0.009638643432694854,3.744065197849108,0.1517843635032204,1.3266347138584036,0.9957864332051303,0.038016969090479816,-0.0457759898992153,0.06977569959896587
678.4000244140625,770.2999877929688,782.0,711.5999755859375,1.0,209.37710571289062,0.4662569761276245,1.7431950123205202,-1.0688578365513266,0.1971030274968192,-0.9999471021391645,-0.0026938518781892823,-0.0024640938736840614,-0.009615837297270604,3.744065197849108,0.1517843635032204,1.3266347138584036,0.9957864332051303,0.038016969090479816,-0.0457759898992153,0.06977569959896587
680.4000244140625,769.2999877929688,784.0,719.5,0.0,11.39234733581543,0.071979820728302,1.7430891776395114,-1.0688760822728902,0.19695211753265085,-0.9999460393703608,-0.0029691030221713145,-0.0023667611003416076,-0.009669602715052125,3.744065197849108,0.1517843635032204,1.3266347138584036,0.9957864332051303,0.038016969090479816,-0.0457759898992153,0.06977569959896587
677.4000244140625,767.4000244140625,783.0,716.5,0.0,33.79906463623047,0.1366119384765625,1.7430794328756618,-1.0688917671982239,0.19689136073492905,-0.9999459893126004,-0.0029482710978309444,-0.002384815443144083,-0.009676714859954921,3.744065197849108,0.1517843635032204,1.3266347138584036,0.9957864332051303,0.038016969090479816,-0.0457759898992153,0.06977569959896587
679.4000244140625,770.2999877929688,783.0,714.5999755859375,0.0,79.53362274169922,0.19912280142307281,1.743169561689644,-1.0688378507964305,0.19706139100443124,-0.9999464479366582,-0.002757897391253646,-0.0024093609769248667,-0.009679371907435876,3.744065197849108,0.1517843635032204,1.3266347138584036,0.9957864332051303,0.038016969090479816,-0.0457759898992153,0.06977569959896587
677.4000244140625,765.4000244140625,785.9000244140625,715.5,0.0,48.766357421875,0.13808661699295044,1.7430971200554786,-1.0689503271070893,0.1969119174211254,-0.9999456832003264,-0.0029406173263894896,-0.00235928515921765,-0.009716850946157544,3.744065197849108,0.1517843635032204,1.3266347138584036,0.9957864332051303,0.038016969090479816,-0.0457759898992153,0.06977569959896587
679.4000244140625,771.2999877929688,783.0,716.5,0.0,20.697702407836914,0.07622478902339935,1.743083773205893,-1.068929913991078,0.19691362652482167,-0.999945900753464,-0.002918380616961134,-0.0024397199671127756,-0.00968123893932092,3.744065197849108,0.1517843635032204,1.3266347138584036,0.9957864332051303,0.038016969090479816,-0.0457759898992153,0.06977569959896587
678.4000244140625,770.2999877929688,783.0,714.5999755859375,0.0,80.43214416503906,0.1910078525543213,1.7430818050463008,-1.0689098047624332,0.19693038558301698,-0.9999459829671147,-0.0029778081842012872,-0.002492256608095021,-0.009641185785396392,3.744065197849108,0.1517843635032204,1.3266347138584036,0.9957864332051303,0.038016969090479816,-0.0457759898992153,0.06977569959896587
678.4000244140625,769.2999877929688,783.0,714.5999755859375,0.0,82.5961685180664,0.20855338871479034,1.7431295618643277,-1.0689073582472035,0.19693196304978788,-0.9999457673212543,-0.0029499982091574463,-0.0024134225680038537,-0.009692023441069966,3.744065197849108,0.1517843635032204,1.3266347138584036,0.9957864332051303,0.038016969090479816,-0.0457759898992153,0.06977569959896587
680.4000244140625,770.2999877929688,784.0,712.5999755859375,1.0,154.76719665527344,0.33173662424087524,1.7431084297968005,-1.0689270910624717,0.19690254820418934,-0.999946041307859,-0.002997672057718827,-0.002378678032097645,-0.009657656330363964,3.744065197849108,0.1517843635032204,1.3266347138584036,0.9957864332051303,0.038016969090479816,-0.0457759898992153,0.06977569959896587
673.5,772.2000122070312,784.0,717.5,0.0,25.8762149810791,0.05028305947780609,1.7430759678137773,-1.0689143452934595,0.19690068939888847,-0.9999455936430418,-0.002956499588440138,-0.002454092927612201,-0.009697746746067949,3.744065197849108,0.1517843635032204,1.3266347138584036,0.9957864332051303,0.038016969090479816,-0.0457759898992153,0.06977569959896587
678.4000244140625,770.2999877929688,784.0,715.5,0.0,42.61954116821289,0.09814663231372833,1.7430711224551372,-1.0689329145677693,0.1969239135207346,-0.999945712261609,-0.0030065555334336156,-0.002412752541589302,-0.009680484420775301,3.744065197849108,0.1517843635032204,1.3266347138584036,0.9957864332051303,0.038016969090479816,-0.0457759898992153,0.06977569959896587
678.4000244140625,770.2999877929688,780.0999755859375,714.5999755859375,1.0,92.59103393554688,0.2790277898311615,1.743147905644624,-1.0689865519283335,0.19691528941710618,-0.9999458878513586,-0.0030112750367484774,-0.0023728537116630213,-0.00967073715259203,3.744065197849108,0.1517843635032204,1.3266347138584036,0.9957864332051303,0.038016969090479816,-0.0457759898992153,0.06977569959896587
678.4000244140625,769.2999877929688,781.0,717.5,0.0,32.284400939941406,0.1477222442626953,1.7431222362225087,-1.0689285026109332,0.19691264857911636,-0.9999465240624429,-0.003035005829917112,-0.0023782803651193267,-0.009595912544176877,3.744065197849108,0.1517843635032204,1.3266347138584036,0.9957864332051303,0.038016969090479816,-0.0457759898992153,0.06977569959896587
678.4000244140625,770.2999877929688,784.0,714.5999755859375,0.0,76.58856201171875,0.16208767890930176,1.7431260852521828,-1.0689036513406334,0.1969950718056362,-0.9999465555317175,-0.0029381697030549134,-0.002340700897234497,-0.009631944682134819,3.744065197849108,0.1517843635032204,1.3266347138584036,0.9957864332051303,0.038016969090479816,-0.0457759898992153,0.06977569959896587
677.4000244140625,771.2999877929688,784.9000244140625,715.5,0.0,41.34359359741211,0.06754221022129059,1.7431046377048995,-1.068941024700355,0.19689714252442264,-0.9999456021587719,-0.0029405404964610543,-0.0024386353169211106,-0.00970561707007855,3.744065197849108,0.1517843635032204,1.3266347138584036,0.9957864332051303,0.038016969090479816,-0.0457759898992153,0.06977569959896587
678.4000244140625,768.2999877929688,783.0,714.5999755859375,0.0,84.77313995361328,0.2263331562280655,1.7430775357199801,-1.068947136017877,0.19688722804913605,-0.999945244422057,-0.0030203193403678056,-0.0024254374908087386,-0.009721269555632869,3.744065197849108,0.1517843635032204,1.3266347138584036,0.9957864332051303,0.038016969090479816,-0.0457759898992153,0.06977569959896587
677.4000244140625,770.2999877929688,785.9000244140625,715.5,0.0,41.119808197021484,0.06326831877231598,1.743075949556332,-1.0689226447737594,0.1969240938126049,-0.9999455552605963,-0.0029497805427688793,-0.0025173118913776535,-0.00968754097638562,3.744065197849108,0.1517843635032204,1.3266347138584036,0.9957864332051303,0.038016969090479816,-0.0457759898992153,0.06977569959896587
678.4000244140625,769.2999877929688,783.0,714.5999755859375,0.0,82.5961685180664,0.20855338871479034,1.7430580273833405,-1.068901216330689,0.1968950398387284,-0.9999455881360322,-0.002890353919762884,-0.0025500304670978266,-0.009693501231256212,3.744065197849108,0.1517843635032204,1.3266347138584036,0.9957864332051303,0.038016969090479816,-0.0457759898992153,0.06977569959896587
677.4000244140625,769.2999877929688,781.0,713.5999755859375,1.0,132.2849578857422,0.34171563386917114,1.7430553418331527,-1.0688870242459996,0.19684238023452735,-0.9999461092672651,-0.002927654371999757,-0.0024383311671508263,-0.00965722228471253,3.744065197849108,0.1517843635032204,1.3266347138584036,0.9957864332051303,0.038016969090479816,-0.0457759898992153,0.06977569959896587
677.4000244140625,771.2999877929688,784.0,710.7000122070312,1.0,236.91171264648438,0.46970564126968384,1.7430378473499457,-1.0688839430845907,0.1968493786405679,-0.9999453609697089,-0.002890822909627702,-0.0025225453663661706,-0.009723938653562714,3.744065197849108,0.1517843635032204,1.3266347138584036,0.9957864332051303,0.038016969090479816,-0.0457759898992153,0.06977569959896587
677.4000244140625,767.4000244140625,784.0,716.5,0.0,29.63037109375,0.11302905529737473,1.7430359777281472,-1.068864438561529,0.19686759111171717,-0.9999451319865994,-0.0029505902386303753,-0.0024822248877022337,-0.009739896978565121,3.744065197849108,0.1517843635032204,1.3266347138584036,0.9957864332051303,0.038016969090479816,-0.0457759898992153,0.06977569959896587
678.4000244140625,764.4000244140625,785.9000244140625,714.5999755859375,0.0,79.96520233154297,0.21071434020996094,1.7430537994186266,-1.0688941545989936,0.19693990483063406,-0.9999459846579642,-0.002980162744510124,-0.002345814402192946,-0.009676959812919793,3.744065197849108,0.1517843635032204,1.3266347138584036,0.9957864332051303,0.038016969090479816,-0.0457759898992153,0.06977569959896587
679.4000244140625,769.2999877929688,784.0,717.5,0.0,15.570509910583496,0.07651881873607635,1.7430123457772893,-1.06889690597988,0.19686806365278753,-0.9999447027285009,-0.0028171989256538695,-0.0024318492207347432,-0.009835699506950195,3.744065197849108,0.1517843635032204,1.3266347138584036,0.9957864332051303,0.038016969090479816,-0.0457759898992153,0.06977569959896587
678.4000244140625,769.2999877929688,783.0,714.5999755859375,0.0,82.5961685180664,0.20855338871479034,1.7430843681287775,-1.0689115429644818,0.1969405116117683,-0.9999455626497964,-0.0029839493934951215,-0.0023863457918917477,-0.009709435450153348,3.744065197849108,0.1517843635032204,1.3266347138584036,0.9957864332051303,0.038016969090479816,-0.0457759898992153,0.06977569959896587
678.4000244140625,769.2999877929688,783.0,714.5999755859375,0.0,82.5961685180664,0.20855338871479034,1.7430276120134622,-1.0689382637034437,0.1969140386673107,-0.9999448090638483,-0.0028930751441971457,-0.0024992951434431995,-0.009785829870783868,3.744065197849108,0.1517843635032204,1.3266347138584036,0.9957864332051303,0.038016969090479816,-0.0457759898992153,0.06977569959896587
675.5,770.2999877929688,782.0,715.5,0.0,50.179805755615234,0.13591161370277405,1.7430859092155224,-1.0689614470041624,0.19691171540660932,-0.999945670566684,-0.002943511262651682,-0.0023882409496611794,-0.009710198842338003,3.744065197849108,0.1517843635032204,1.3266347138584036,0.9957864332051303,0.038016969090479816,-0.0457759898992153,0.06977569959896587
678.4000244140625,769.2999877929688,784.0,715.5,0.0,43.9058952331543,0.1123572289943695,1.7430589096301525,-1.0689487389765513,0.19688286730678192,-0.9999459777571631,-0.0029441745133041894,-0.0023558343524238755,-0.009686250472198189,3.744065197849108,0.1517843635032204,1.3266347138584036,0.9957864332051303,0.038016969090479816,-0.0457759898992153,0.06977569959896587
677.4000244140625,771.2999877929688,782.0,715.5,0.0,47.90926742553711,0.12792831659317017,1.7430168683343394,-1.0689352291694818,0.1968864487752498,-0.9999458748831191,-0.0029850427548534265,-0.0024088017856309205,-0.00967132348455434,3.744065197849108,0.1517843635032204,1.3266347138584036,0.9957864332051303,0.038016969090479816,-0.0457759898992153,0.06977569959896587
676.4000244140625,767.4000244140625,781.0,716.5,0.0,46.31426239013672,0.19007767736911774,1.7430531375378202,-1.0689171165539986,0.19687157550451,-0.9999453841482474,-0.0029523382246831836,-0.0024611089371579485,-0.009718814867071086,3.744065197849108,0.1517843635032204,1.3266347138584036,0.9957864332051303,0.038016969090479816,-0.0457759898992153,0.06977569959896587
679.4000244140625,768.2999877929688,784.9000244140625,715.5,0.0,41.26770782470703,0.10942786931991577,1.743036182544201,-1.068884199837816,0.1968009254944423,-0.9999451963719267,-0.0029274163028140047,-0.002467215155065184,-0.009744092357813969,3.744065197849108,0.1517843635032204,1.3266347138584036,0.9957864332051303,0.038016969090479816,-0.0457759898992153,0.06977569959896587
678.4000244140625,773.2000122070312,784.9000244140625,715.5,0.0,37.76776885986328,0.0579831600189209,1.7429582186439923,-1.068858862112111,0.19682824556074294,-0.9999452850934081,-0.0028809762665586622,-0.0025080781392380312,-0.009738395107085488,3.744065197849108,0.1517843635032204,1.3266347138584036,0.9957864332051303,0.038016969090479816,-0.0457759898992153,0.06977569959896587
678.4000244140625,765.4000244140625,782.0,714.5999755859375,1.0,94.80079650878906,0.3090003728866577,1.742939866475806,-1.0687946440892866,0.19684268894922116,-0.9999454518564236,-0.0028903244056027997,-0.0023853804321964283,-0.009749322882993326,3.744065197849108,0.1517843635032204,1.3266347138584036,0.9957864332051303,0.038016969090479816,-0.0457759898992153,0.06977569959896587
677.4000244140625,770.2999877929688,784.0,714.5999755859375,0.0,77.18926239013672,0.15565143525600433,1.7429371951019066,-1.068713083655799,0.19670922706875693,-0.9999449475625958,-0.002830686001706916,-0.002286744398065228,-0.009841740743148147,3.744065197849108,0.1517843635032204,1.3266347138584036,0.9957864332051303,0.038016969090479816,-0.0457759898992153,0.06977569959896587
679.4000244140625,766.4000244140625,785.9000244140625,716.5,0.0,24.007030487060547,0.09453193843364716,1.743051355758227,-1.0688359405666827,0.19680404629563217,-0.9999459920691621,-0.0029170741782972966,-0.0022909579868969376,-0.009708508359148375,3.744065197849108,0.1517843635032204,1.3266347138584036,0.9957864332051303,0.038016969090479816,-0.0457759898992153,0.06977569959896587
677.4000244140625,768.2999877929688,780.0999755859375,712.5999755859375,1.0,178.34048461914062,0.46022772789001465,1.7431045486580845,-1.0688710391127834,0.19685000558139315,-0.9999460582499716,-0.002949507272125154,-0.0023738886741252467,-0.009671900007693728,3.744065197849108,0.1517843635032204,1.3266347138584036,0.9957864332051303,0.038016969090479816,-0.0457759898992153,0.06977569959896587
681.2999877929688,769.2999877929688,784.0,715.5,0.0,40.57318878173828,0.13353756070137024,1.743102766456003,-1.0689142720175833,0.19693272210999216,-0.999946700244983,-0.002961670164062523,-0.0023373259022713665,-0.009610519582005839,3.744065197849108,0.1517843635032204,1.3266347138584036,0.9957864332051303,0.038016969090479816,-0.0457759898992153,0.06977569959896587
675.5,769.2999877929688,784.9000244140625,715.5,0.0,45.615474700927734,0.08422635495662689,1.743125883418633,-1.0689681731886382,0.1968917509253449,-0.9999455725405854,-0.0029750780338325005,-0.002434231416712817,-0.009699246598758184,3.744065197849108,0.1517843635032204,1.3266347138584036,0.9957864332051303,0.038016969090479816,-0.0457759898992153,0.06977569959896587
678.4000244140625,771.2999877929688,785.9000244140625,716.5,0.0,18.952444076538086,0.026288673281669617,1.7431685581311813,-1.0689278480430797,0.19696396406362254,-0.9999466019934674,-0.0029446620155621616,-0.0023752514067064395,-0.009616668242554046,3.744065197849108,0.1517843635032204,1.3266347138584036,0.9957864332051303,0.038016969090479816,-0.0457759898992153,0.06977569959896587
677.4000244140625,764.4000244140625,785.9000244140625,714.5999755859375,0.0,83.29649353027344,0.2128613442182541,1.7430772266180918,-1.0688936637149,0.19686632070037416,-0.9999469418308955,-0.0028984417699654584,-0.002370437579328464,-0.009596540211363695,3.744065197849108,0.1517843635032204,1.3266347138584036,0.9957864332051303,0.038016969090479816,-0.0457759898992153,0.06977569959896587
675.5,770.2999877929688,784.0,715.5,0.0,45.90270233154297,0.08877035230398178,1.743153258771841,-1.0688363568188446,0.19696340433767073,-0.9999467654310952,-0.0029288392971478366,-0.0023902214825437134,-0.009600783589175148,3.744065197849108,0.1517843635032204,1.3266347138584036,0.9957864332051303,0.038016969090479816,-0.0457759898992153,0.06977569959896587
677.4000244140625,769.2999877929688,784.0,711.5999755859375,1.0,202.8046112060547,0.41407710313796997,1.743080696649947,-1.0688971637776146,0.1968279413009056,-0.9999464326340897,-0.0030101333061387557,-0.0023847148189151206,-0.009611664531688923,3.744065197849108,0.1517843635032204,1.3266347138584036,0.9957864332051303,0.038016969090479816,-0.0457759898992153,0.06977569959896587
677.4000244140625,769.2999877929688,781.0,712.5999755859375,1.0,172.6592559814453,0.4210927486419678,1.743035365136161,-1.0689093626001165,0.19684363786849624,-0.9999454570045281,-0.003031098293146016,-0.0024244289930243313,-0.009696267488099892,3.744065197849108,0.1517843635032204,1.3266347138584036,0.9957864332051303,0.038016969090479816,-0.0457759898992153,0.06977569959896587
678.4000244140625,768.2999877929688,780.0999755859375,712.5999755859375,1.0,176.9000244140625,0.4651249647140503,1.7431070556224637,-1.0689213107475442,0.19696266435153614,-0.9999463895017909,-0.002972933084758286,-0.0023272968215503455,-0.009641757138129677,3.744065197849108,0.1517843635032204,1.3266347138584036,0.9957864332051303,0.038016969090479816,-0.0457759898992153,0.06977569959896587
677.4000244140625,768.2999877929688,783.0,712.5999755859375,1.0,165.12962341308594,0.3720564842224121,1.743085183526387,-1.0689177619959305,0.1968381626318071,-0.9999461075421308,-0.002980653554499548,-0.0024278966878168227,-0.00964380803431744,3.744065197849108,0.1517843635032204,1.3266347138584036,0.9957864332051303,0.038016969090479816,-0.0457759898992153,0.06977569959896587
679.4000244140625,769.2999877929688,783.0,714.5999755859375,0.0,81.6976547241211,0.21666845679283142,1.743146912524594,-1.0688795085410177,0.1969150834046976,-0.9999464083042587,-0.0029601807648610414,-0.0023576194800713954,-0.009636362365513148,3.744065197849108,0.1517843635032204,1.3266347138584036,0.9957864332051303,0.038016969090479816,-0.0457759898992153,0.06977569959896587
675.5,765.4000244140625,783.0,715.5,0.0,57.80526351928711,0.20062904059886932,1.7430576417998014,-1.0689003491855584,0.19684498944684997,-0.999945935425351,-0.0030191103670778466,-0.002446256098207001,-0.00964505210007153,3.744065197849108,0.1517843635032204,1.3266347138584036,0.9957864332051303,0.038016969090479816,-0.0457759898992153,0.06977569959896587
679.4000244140625,770.2999877929688,784.0,715.5,0.0,41.05195617675781,0.10371148586273193,1.743062710470479,-1.0688859571708116,0.19683293326430654,-0.9999466339204404,-0.0029260623279535845,-0.0023410469880271716,-0.009627407202024128,3.744065197849108,0.1517843635032204,1.3266347138584036,0.9957864332051303,0.038016969090479816,-0.0457759898992153,0.06977569959896587
677.4000244140625,769.2999877929688,784.0,713.5999755859375,0.0,118.8559799194336,0.24717238545417786,1.7431015061521347,-1.068874229359784,0.19683568877005725,-0.9999457894619972,-0.0029181659054887048,-0.002336645732891841,-0.009718154747183324,3.744065197849108,0.1517843635032204,1.3266347138584036,0.9957864332051303,0.038016969090479816,-0.0457759898992153,0.06977569959896587
678.4000244140625,767.4000244140625,784.9000244140625,715.5,0.0,44.667728424072266,0.12082257121801376,1.7430541156416641,-1.0688709001435315,0.19682556796207804,-0.9999454796463931,-0.003026011103437376,-0.0024323661198037347,-0.009693533236448185,3.744065197849108,0.1517843635032204,1.3266347138584036,0.9957864332051303,0.038016969090479816,-0.0457759898992153,0.06977569959896587
677.4000244140625,769.2999877929688,783.0,714.5999755859375,0.0,83.72380065917969,0.20270776748657227,1.7430545441966245,-1.0688983450313652,0.19688142537604317,-0.9999457825650113,-0.002966354669968443,-0.0024784888145998863,-0.009669010477561562,3.744065197849108,0.1517843635032204,1.3266347138584036,0.9957864332051303,0.038016969090479816,-0.0457759898992153,0.06977569959896587
678.4000244140625,769.2999877929688,778.0999755859375,716.5,1.0,65.378173828125,0.26018860936164856,1.743089064861223,-1.0688947195388736,0.19689994106231842,-0.999944945179786,-0.0029682130964520967,-0.0024024202406146733,-0.009773673689894978,3.744065197849108,0.1517843635032204,1.3266347138584036,0.9957864332051303,0.038016969090479816,-0.0457759898992153,0.06977569959896587
679.4000244140625,769.2999877929688,782.0,716.5,0.0,31.704303741455078,0.13819122314453125,1.7430560901458738,-1.0688917218542555,0.19684087825803182,-0.9999460714681301,-0.002964840261275306,-0.002441854491250186,-0.009648897570299375,3.744065197849108,0.1517843635032204,1.3266347138584036,0.9957864332051303,0.038016969090479816,-0.0457759898992153,0.06977569959896587
679.4000244140625,769.2999877929688,785.9000244140625,715.5,0.0,38.13493347167969,0.07051888108253479,1.7430596956369833,-1.0688787282508971,0.19683164305203066,-0.9999461023926395,-0.0028927769217678826,-0.0024646766264625115,-0.009661755563911172,3.744065197849108,0.1517843635032204,1.3266347138584036,0.9957864332051303,0.038016969090479816,-0.0457759898992153,0.06977569959896587
678.4000244140625,769.2999877929688,782.0,714.5999755859375,0.0,86.67171478271484,0.2383158802986145,1.7430673247727122,-1.0689110647268314,0.19688347593171057,-0.9999456684010725,-0.0029902069619894937,-0.002361954433395004,-0.00970258107473423,3.744065197849108,0.1517843635032204,1.3266347138584036,0.9957864332051303,0.038016969090479816,-0.0457759898992153,0.06977569959896587
678.4000244140625,767.4000244140625,782.0,713.5999755859375,1.0,130.94544982910156,0.35084784030914307,1.7430720350888336,-1.0688693910051228,0.19684200096745716,-0.9999452790522274,-0.0029728802833958335,-0.002461742723476816,-0.009723204551338214,3.744065197849108,0.1517843635032204,1.3266347138584036,0.9957864332051303,0.038016969090479816,-0.0457759898992153,0.06977569959896587
678.4000244140625,767.4000244140625,781.0,715.5,0.0,59.928924560546875,0.23383186757564545,1.7430949449428157,-1.068902083861932,0.1968997089862809,-0.9999462618805482,-0.002957405479959943,-0.0023255671955769042,-0.009660167760665814,3.744065197849108,0.1517843635032204,1.3266347138584036,0.9957864332051303,0.038016969090479816,-0.0457759898992153,0.06977569959896587
678.4000244140625,769.2999877929688,783.0,714.5999755859375,0.0,82.5961685180664,0.20855338871479034,1.7430424330461727,-1.0689100442855732,0.19688089455110314,-0.9999449056471338,-0.002994274374386152,-0.002475643590849025,-0.009751470664807995,3.744065197849108,0.1517843635032204,1.3266347138584036,0.9957864332051303,0.038016969090479816,-0.0457759898992153,0.06977569959896587
678.4000244140625,771.2999877929688,784.9000244140625,716.5,0.0,19.196561813354492,0.0337853878736496,1.7431155448329805,-1.0688990216328935,0.196879238687396,-0.999945762362812,-0.003039888359132364,-0.0024063321434912703,-0.009666487316193264,3.744065197849108,0.1517843635032204,1.3266347138584036,0.9957864332051303,0.038016969090479816,-0.0457759898992153,0.06977569959896587
677.4000244140625,770.2999877929688,779.0999755859375,717.5,0.0,42.42527389526367,0.17809399962425232,1.7431056558386973,-1.0688916524825667,0.19685918018633158,-0.9999461593096787,-0.002946390173705608,-0.0024156348815804305,-0.009652045114180158,3.744065197849108,0.1517843635032204,1.3266347138584036,0.9957864332051303,0.038016969090479816,-0.0457759898992153,0.06977569959896587
677.4000244140625,766.4000244140625,783.0,715.5,0.0,55.38103485107422,0.19052864611148834,1.743013980354547,-1.0688781841130148,0.19684121211570854,-0.9999455650514976,-0.0029209491121955505,-0.002530098272303709,-0.009691934422891029,3.744065197849108,0.1517843635032204,1.3266347138584036,0.9957864332051303,0.038016969090479816,-0.0457759898992153,0.06977569959896587
677.4000244140625,767.4000244140625,783.0,714.5999755859375,0.0,87.27035522460938,0.23446114361286163,1.7430443385736005,-1.06882717213612,0.19683929652817903,-0.9999451380866322,-0.00301320197629076,-0.002491245025622678,-0.009717773869496708,3.744065197849108,0.1517843635032204,1.3266347138584036,0.9957864332051303,0.038016969090479816,-0.0457759898992153,0.06977569959896587
675.5,772.2000122070312,784.9000244140625,716.5,0.0,24.51020050048828,0.03591372072696686,1.7430843445109494,-1.0688675148163853,0.19683220336501664,-0.9999458158230852,-0.002985032811338382,-0.0023175404992129243,-0.00969969087416618,3.744065197849108,0.1517843635032204,1.3266347138584036,0.9957864332051303,0.038016969090479816,-0.0457759898992153,0.06977569959896587
679.4000244140625,770.2999877929688,783.0,710.7000122070312,1.0,232.73721313476562,0.4897162914276123,1.7430650346869847,-1.06886559718992,0.19684972318883676,-0.9999455799688465,-0.002922769781666469,-0.002525938901878822,-0.009690931339901393,3.744065197849108,0.1517843635032204,1.3266347138584036,0.9957864332051303,0.038016969090479816,-0.0457759898992153,0.06977569959896587
677.4000244140625,769.2999877929688,782.0,716.5,0.0,32.199195861816406,0.12308952957391739,1.7430779473210338,-1.0688651393398758,0.19690959656668072,-0.9999456163186302,-0.0029407679165103047,-0.0024699362975987653,-0.0096961695479175,3.744065197849108,0.1517843635032204,1.3266347138584036,0.9957864332051303,0.038016969090479816,-0.0457759898992153,0.06977569959896587
677.4000244140625,769.2999877929688,784.9000244140625,712.5999755859375,0.0,154.39578247070312,0.2974104583263397,1.7430655648989413,-1.0688947554467527,0.19687699078609444,-0.9999458928219515,-0.002970458504581072,-0.0024218930676759565,-0.009670689673012009,3.744065197849108,0.1517843635032204,1.3266347138584036,0.9957864332051303,0.038016969090479816,-0.0457759898992153,0.06977569959896587
675.5,770.2999877929688,786.9000244140625,714.5999755859375,0.0,67.63472747802734,0.09586946666240692,1.7431141274338968,-1.0689289074748707,0.19686517965586467,-0.9999455000081179,-0.002968620972178415,-0.002425881606017779,-0.009710787891424382,3.744065197849108,0.1517843635032204,1.3266347138584036,0.9957864332051303,0.038016969090479816,-0.0457759898992153,0.06977569959896587
676.4000244140625,767.4000244140625,780.0999755859375,714.5999755859375,1.0,100.7436752319336,0.3178933262825012,1.7431267147288998,-1.0688873421659213,0.19690447191753946,-0.9999458919750235,-0.002948529322648403,-0.002447041663864999,-0.009671157335266287,3.744065197849108,0.1517843635032204,1.3266347138584036,0.9957864332051303,0.038016969090479816,-0.0457759898992153,0.06977569959896587
675.5,767.4000244140625,782.0,710.7000122070312,1.0,221.332275390625,0.4975630044937134,1.743025530084554,-1.068895558280007,0.19683907518865984,-0.999945110028842,-0.0029546432872036557,-0.002475375038845036,-0.009742665491003596,3.744065197849108,0.1517843635032204,1.3266347138584036,0.9957864332051303,0.038016969090479816,-0.0457759898992153,0.06977569959896587
675.5,770.2999877929688,780.0999755859375,715.5,0.0,58.08687210083008,0.1930893510580063,1.7430550381666512,-1.0689191491104209,0.19684707369237908,-0.9999454836933268,-0.003037410850916405,-0.002477177008506971,-0.009678190466705016,3.744065197849108,0.1517843635032204,1.3266347138584036,0.9957864332051303,0.038016969090479816,-0.0457759898992153,0.06977569959896587
676.4000244140625,770.2999877929688,784.0,714.5999755859375,0.0,77.46742248535156,0.15015971660614014,1.7431222680166552,-1.0689122837317895,0.19691119257666978,-0.9999460810348806,-0.002999302137263741,-0.0023563040800739904,-0.009658521665136503,3.744065197849108,0.1517843635032204,1.3266347138584036,0.9957864332051303,0.038016969090479816,-0.0457759898992153,0.06977569959896587
678.4000244140625,769.2999877929688,782.0,712.5999755859375,1.0,167.16368103027344,0.39552950859069824,1.7430374933241284,-1.0689026706340417,0.19686825874164182,-0.9999451913421668,-0.0028932201511716973,-0.0025026994897744733,-0.009745772627058131,3.744065197849108,0.1517843635032204,1.3266347138584036,0.9957864332051303,0.038016969090479816,-0.0457759898992153,0.06977569959896587
679.4000244140625,771.2999877929688,784.0,713.5999755859375,0.0,113.66165161132812,0.2304065078496933,1.7430718166719372,-1.0688823028572567,0.19690078427185623,-0.9999453590374779,-0.0029888705447828406,-0.002422458254963691,-0.009719942812536086,3.744065197849108,0.1517843635032204,1.3266347138584036,0.9957864332051303,0.038016969090479816,-0.0457759898992153,0.06977569959896587
678.4000244140625,769.2999877929688,782.0,712.5999755859375,1.0,167.16368103027344,0.39552950859069824,1.7430978721105796,-1.068865549263751,0.19685962849902586,-0.9999462238563706,-0.0029013195013426222,-0.0023561399586348127,-0.009673693453476248,3.744065197849108,0.1517843635032204,1.3266347138584036,0.9957864332051303,0.038016969090479816,-0.0457759898992153,0.06977569959896587
678.4000244140625,764.4000244140625,784.0,712.5999755859375,1.0,166.7552490234375,0.41443929076194763,1.7430546622689789,-1.0688517299173697,0.19686654619164887,-0.9999456421516901,-0.0029718316724760235,-0.002401896885732167,-0.009701126208075344,3.744065197849108,0.1517843635032204,1.3266347138584036,0.9957864332051303,0.038016969090479816,-0.0457759898992153,0.06977569959896587
679.4000244140625,769.2999877929688,784.0,711.5999755859375,1.0,203.8199462890625,0.434947669506073,1.7430656842816055,-1.0688698245704635,0.19686986943706802,-0.9999458874106657,-0.002961202653479242,-0.002400624932463529,-0.009679386823288125,3.744065197849108,0.1517843635032204,1.3266347138584036,0.9957864332051303,0.038016969090479816,-0.0457759898992153,0.06977569959896587
677.4000244140625,769.2999877929688,783.0,714.5999755859375,0.0,83.72380065917969,0.20270776748657227,1.7430405614375073,-1.068842579623854,0.19682623157729673,-0.9999453413329401,-0.0029178538789761134,-0.0024266982186943245,-0.009742259031988231,3.744065197849108,0.1517843635032204,1.3266347138584036,0.9957864332051303,0.038016969090479816,-0.0457759898992153,0.06977569959896587
678.4000244140625,769.2999877929688,782.0,714.5999755859375,0.0,86.67171478271484,0.2383158802986145,1.7431297065174884,-1.068903164030305,0.1968795005730458,-0.9999460793093631,-0.002877567887982369,-0.0023854870624435295,-0.00968852560289396,3.744065197849108,0.1517843635032204,1.3266347138584036,0.9957864332051303,0.038016969090479816,-0.0457759898992153,0.06977569959896587
678.4000244140625,767.4000244140625,784.9000244140625,714.5999755859375,0.0,78.16675567626953,0.1822853982448578,1.7431238720639497,-1.068903764882466,0.19688434335288083,-0.9999459795813657,-0.0030099654074154927,-0.002420167973315292,-0.009649912657127092,3.744065197849108,0.1517843635032204,1.3266347138584036,0.9957864332051303,0.038016969090479816,-0.0457759898992153,0.06977569959896587
677.4000244140625,770.2999877929688,784.0,715.5,0.0,44.26131057739258,0.09355004131793976,1.743167552382702,-1.0688836466566622,0.19705850561742871,-0.9999475771520943,-0.002736603610254078,-0.0024128940785980236,-0.009567230032901759,3.744065197849108,0.1517843635032204,1.3266347138584036,0.9957864332051303,0.038016969090479816,-0.0457759898992153,0.06977569959896587
678.4000244140625,770.2999877929688,781.0,716.5,0.0,34.63852310180664,0.1434396207332611,1.7430955669218353,-1.068888669992907,0.1968757992496758,-0.9999461962457212,-0.0030187157320057723,-0.0023774718207383748,-0.009635330652590157,3.744065197849108,0.1517843635032204,1.3266347138584036,0.9957864332051303,0.038016969090479816,-0.0457759898992153,0.06977569959896587
676.4000244140625,770.2999877929688,782.0,712.5999755859375,1.0,166.31307983398438,0.3638107478618622,1.7431249643596236,-1.0689181191731059,0.19688070907133776,-0.9999457067495872,-0.002928367363248433,-0.002469647731432434,-0.009690668590831642,3.744065197849108,0.1517843635032204,1.3266347138584036,0.9957864332051303,0.038016969090479816,-0.0457759898992153,0.06977569959896587
680.4000244140625,770.2999877929688,784.9000244140625,715.5,0.0,37.26952362060547,0.08723708987236023,1.743059718327809,-1.0689126689464528,0.19683027747227436,-0.9999455184845505,-0.002932517951137355,-0.0024099696684457246,-0.00972380827283587,3.744065197849108,0.1517843635032204,1.3266347138584036,0.9957864332051303,0.038016969090479816,-0.0457759898992153,0.06977569959896587
676.4000244140625,771.2999877929688,784.0,714.5999755859375,0.0,75.01136779785156,0.13662731647491455,1.7430249800722044,-1.0688783226222909,0.19682641671817935,-0.9999456870288049,-0.0029798529884624268,-0.0024831529512538038,-0.009673542271537307,3.744065197849108,0.1517843635032204,1.3266347138584036,0.9957864332051303,0.038016969090479816,-0.0457759898992153,0.06977569959896587
677.4000244140625,767.4000244140625,780.0999755859375,712.5999755859375,1.0,178.82366943359375,0.47241389751434326,1.7430778584555133,-1.0688605220003646,0.1968598702743529,-0.9999458742566146,-0.0029683781797433684,-0.0023671573060991095,-0.00968678762258731,3.744065197849108,0.1517843635032204,1.3266347138584036,0.9957864332051303,0.038016969090479816,-0.0457759898992153,0.06977569959896587
680.4000244140625,771.2999877929688,784.0,715.5,0.0,38.198055267333984,0.09506575018167496,1.7431165728393707,-1.0688774772495346,0.19686218701342456,-0.9999458063353143,-0.002855869822801993,-0.0024037914835630006,-0.009718548578732639,3.744065197849108,0.1517843635032204,1.3266347138584036,0.9957864332051303,0.038016969090479816,-0.0457759898992153,0.06977569959896587
677.4000244140625,769.2999877929688,782.0,713.5999755859375,1.0,128.0419464111328,0.31130334734916687,1.743022958671506,-1.0688733965674653,0.1968375314422417,-0.999945314490015,-0.002979316879784295,-0.002506881110239967,-0.00970604180365272,3.744065197849108,0.1517843635032204,1.3266347138584036,0.9957864332051303,0.038016969090479816,-0.0457759898992153,0.06977569959896587
675.5,768.2999877929688,782.0,716.5,0.0,36.82853698730469,0.13521668314933777,1.743039114673628,-1.0688871371526178,0.19685838669367686,-0.9999457649022621,-0.0030058639960829554,-0.0024595956544897642,-0.009663458225888582,3.744065197849108,0.1517843635032204,1.3266347138584036,0.9957864332051303,0.038016969090479816,-0.0457759898992153,0.06977569959896587
677.4000244140625,770.2999877929688,781.0,714.5999755859375,0.0,89.70860290527344,0.24441763758659363,1.7431228142562116,-1.068925307935855,0.1969118589952138,-0.9999456682550498,-0.0029493576694972377,-0.002382478080220724,-0.009710078552539718,3.744065197849108,0.1517843635032204,1.3266347138584036,0.9957864332051303,0.038016969090479816,-0.0457759898992153,0.06977569959896587
678.4000244140625,768.2999877929688,784.0,715.5,0.0,45.7044677734375,0.12786415219306946,1.7431261600293653,-1.0689367255372697,0.19689378928494594,-0.9999462756219923,-0.002899730585006878,-0.00234392271898285,-0.009671786728868165,3.744065197849108,0.1517843635032204,1.3266347138584036,0.9957864332051303,0.038016969090479816,-0.0457759898992153,0.06977569959896587
676.4000244140625,769.2999877929688,784.0,715.5,0.0,47.3067741394043,0.10763086378574371,1.7430833777666583,-1.0688784387475112,0.19687703863687425,-0.9999463615150758,-0.002970128918796857,-0.0024262767490587475,-0.009621102229172413,3.744065197849108,0.1517843635032204,1.3266347138584036,0.9957864332051303,0.038016969090479816,-0.0457759898992153,0.06977569959896587
678.4000244140625,770.2999877929688,780.0999755859375,717.5,0.0,36.31883239746094,0.15664054453372955,1.7430617599764529,-1.0688758922729367,0.1968788579344525,-0.9999461689373184,-0.00296469756983118,-0.0023869844033802892,-0.009652569676395974,3.744065197849108,0.1517843635032204,1.3266347138584036,0.9957864332051303,0.038016969090479816,-0.0457759898992153,0.06977569959896587
681.2999877929688,770.2999877929688,783.0,714.5999755859375,0.0,77.8265151977539,0.21454131603240967,1.7430534224873568,-1.0688554450424037,0.19683145395283483,-0.9999453471626187,-0.002917073321538817,-0.002510753667783443,-0.0097205703066426,3.744065197849108,0.1517843635032204,1.3266347138584036,0.9957864332051303,0.038016969090479816,-0.0457759898992153,0.06977569959896587
677.4000244140625,769.2999877929688,781.0,713.5999755859375,1.0,132.2849578857422,0.34171563386917114,1.7431114008621884,-1.068846722873355,0.19681610166155153,-0.9999455072956427,-0.002939865554866966,-0.002379396528071705,-0.00973026731090133,3.744065197849108,0.1517843635032204,1.3266347138584036,0.9957864332051303,0.038016969090479816,-0.0457759898992153,0.06977569959896587
673.5,769.2999877929688,784.9000244140625,714.5999755859375,0.0,62.65668869018555,0.23711584508419037,1.7430309489609939,-1.0689031273426015,0.19687442937636238,-0.9999454993858642,-0.0028782137709178874,-0.0024589840049364263,-0.009729724616207478,3.744065197849108,0.1517843635032204,1.3266347138584036,0.9957864332051303,0.038016969090479816,-0.0457759898992153,0.06977569959896587
677.4000244140625,766.4000244140625,780.0999755859375,713.5999755859375,0.0,72.09484100341797,0.14051370322704315,1.7431376011144155,-1.0689394258524687,0.19689827945719546,-0.9999466349567114,-0.002937050339039141,-0.0023741025411270745,-0.009615852077666565,3.744065197849108,0.1517843635032204,1.3266347138584036,0.9957864332051303,0.038016969090479816,-0.0457759898992153,0.06977569959896587
677.4000244140625,766.4000244140625,780.0999755859375,713.5999755859375,1.0,142.6902313232422,0.42303216457366943,1.7431631119496502,-1.0689038210151949,0.19693751616962335,-0.9999462178663345,-0.0029451603956618367,-0.002423212686635108,-0.009644451530920164,3.744065197849108,0.1517843635032204,1.3266347138584036,0.9957864332051303,0.038016969090479816,-0.0457759898992153,0.06977569959896587
677.4000244140625,768.2999877929688,783.0,715.5,0.0,50.64211654663086,0.1506388783454895,1.7431226180519845,-1.0689268998296488,0.19686914654075377,-0.9999454602289876,-0.0029325191921160286,-0.002482255906115224,-0.009711606676691837,3.744065197849108,0.1517843635032204,1.3266347138584036,0.9957864332051303,0.038016969090479816,-0.0457759898992153,0.06977569959896587
679.4000244140625,771.2999877929688,784.0,715.5,0.0,39.76565170288086,0.08950082957744598,1.7430837335805731,-1.068924671780914,0.19690572807223022,-0.9999459474500998,-0.0030245824850052847,-0.0024462724992675507,-0.009642086380716534,3.744065197849108,0.1517843635032204,1.3266347138584036,0.9957864332051303,0.038016969090479816,-0.0457759898992153,0.06977569959896587
678.4000244140625,768.2999877929688,783.0,714.5999755859375,0.0,84.77313995361328,0.2263331562280655,1.7431100258111392,-1.0688427331729886,0.19697341300626475,-0.9999465013055747,-0.0028468020932961666,-0.002512539668357343,-0.009621714452061957,3.744065197849108,0.1517843635032204,1.3266347138584036,0.9957864332051303,0.038016969090479816,-0.0457759898992153,0.06977569959896587
678.4000244140625,769.2999877929688,779.0999755859375,715.5,1.0,67.84361267089844,0.26025456190109253,1.7430805776929694,-1.0688823944639574,0.19685847710080268,-0.9999461815837714,-0.002943408532309126,-0.0025097237492499973,-0.00962660734370418,3.744065197849108,0.1517843635032204,1.3266347138584036,0.9957864332051303,0.038016969090479816,-0.0457759898992153,0.06977569959896587
677.4000244140625,770.2999877929688,783.0,714.5999755859375,0.0,81.54915618896484,0.18496032059192657,1.7430805776929694,-1.0688823944639574,0.19685847710080268,-0.9999461815837714,-0.002943408532309126,-0.0025097237492499973,-0.00962660734370418,3.744065197849108,0.1517843635032204,1.3266347138584036,0.9957864332051303,0.038016969090479816,-0.0457759898992153,0.06977569959896587
677.4000244140625,768.2999877929688,782.0,714.5999755859375,0.0,89.84294891357422,0.24971362948417664,1.743124907102956,-1.0689076437224665,0.19686595497695947,-0.9999464056371548,-0.0029518906711600034,-0.002413971383746944,-0.009625223995251585,3.744065197849108,0.1517843635032204,1.3266347138584036,0.9957864332051303,0.038016969090479816,-0.0457759898992153,0.06977569959896587
677.4000244140625,766.4000244140625,782.0,713.5999755859375,1.0,133.3543701171875,0.36020293831825256,1.7430429956766322,-1.0688792561520577,0.1968695215868986,-0.9999457800792998,-0.0029564999314499567,-0.0024348039155178713,-0.009683374393722065,3.744065197849108,0.1517843635032204,1.3266347138584036,0.9957864332051303,0.038016969090479816,-0.0457759898992153,0.06977569959896587
